activity_id,molecule_chembl_id,assay_chembl_id,assay_type,assay_description,standard_type,standard_relation,standard_value,standard_units,pchembl_value,data_validity_comment,potential_duplicate,target_chembl_id,target_pref_name,target_type,target_organism,target_tax_id,uniprot_accessions,document_chembl_id,document_year,journal,doi,pubmed_id,evidence_tier,caveats
2704419,CHEMBL297453,CHEMBL1054833,B,Inhibition of PLCgamma1 phosphorylation in DNP-BSA-stimulated rat RBL2H3 cells by Western blotting,Activity,,,,,,0,CHEMBL5188,"1-phosphatidylinositol 4,5-bisphosphate phosphodiesterase gamma-1",SINGLE PROTEIN,Rattus norvegicus,10116,P10686,CHEMBL1153461,2009,Bioorg Med Chem,10.1016/j.bmc.2009.06.050,19596200,Weak or non-quantitative,
2704432,CHEMBL297453,CHEMBL1054832,B,Inhibition of PLCgamma2 phosphorylation in DNP-BSA-stimulated rat RBL2H3 cells by Western blotting,Activity,,,,,,0,CHEMBL5230,"1-phosphatidylinositol 4,5-bisphosphate phosphodiesterase gamma-2",SINGLE PROTEIN,Rattus norvegicus,10116,P24135,CHEMBL1153461,2009,Bioorg Med Chem,10.1016/j.bmc.2009.06.050,19596200,Weak or non-quantitative,
25044212,CHEMBL297453,CHEMBL5245457,B,Inhibition of human 11beta-HSD1 incubated for 2 hrs by HPLC analysis,IC50,=,57990.0,nM,4.24,,0,CHEMBL4235,11-beta-hydroxysteroid dehydrogenase 1,SINGLE PROTEIN,Homo sapiens,9606,P28845,CHEMBL5244232,2020,Eur J Med Chem,10.1016/j.ejmech.2020.112134,32088493,Weak or non-quantitative,
25044241,CHEMBL297453,CHEMBL5245477,B,Inhibition of human 11beta-HSD2 incubated for 2 hrs by HPLC analysis,IC50,=,20930.0,nM,4.68,,0,CHEMBL3746,11-beta-hydroxysteroid dehydrogenase type 2,SINGLE PROTEIN,Homo sapiens,9606,P80365,CHEMBL5244232,2020,Eur J Med Chem,10.1016/j.ejmech.2020.112134,32088493,Weak or non-quantitative,
13439023,CHEMBL297453,CHEMBL2427114,B,Inhibition of recombinant Plasmodium falciparum 3D7 FabG using acetoacetyl-CoA as substrate after 10 mins in presence of NADPH,IC50,=,320.0,nM,6.5,,0,CHEMBL2424511,3-oxoacyl-(Acyl-carrier protein) reductase,SINGLE PROTEIN,Plasmodium falciparum (isolate 3D7),36329,Q8I2S7,CHEMBL2424603,2013,J Med Chem,10.1021/jm400637m,24063369,Potent in 1 publication,
1719588,CHEMBL297453,CHEMBL859171,B,Inhibition of FabG,IC50,=,300.0,nM,6.52,,0,CHEMBL4513,3-oxoacyl-acyl-carrier protein reductase,SINGLE PROTEIN,Plasmodium falciparum,5833,Q965D6,CHEMBL1148505,2006,J Med Chem,10.1021/jm0600545,16722653,Potent in 1 publication,
3522420,CHEMBL297453,CHEMBL1273006,B,Inhibition of Plasmodium falciparum FabG by spectrophotometric analysis,IC50,=,0.32,ug.mL-1,,,0,CHEMBL4513,3-oxoacyl-acyl-carrier protein reductase,SINGLE PROTEIN,Plasmodium falciparum,5833,Q965D6,CHEMBL1268887,2010,Bioorg Med Chem,10.1016/j.bmc.2010.08.055,20855214,Weak or non-quantitative,
12719113,CHEMBL297453,CHEMBL2352641,F,Inhibition of differentiation of mouse 3T3L1 cells assessed as lipid accumulation at 100 uM after 8 days by using Oil Red O staining by spectrophotometry relative to control,Activity,=,54.5,%,,,0,CHEMBL614510,3T3-L1,CELL-LINE,Mus musculus,10090,,CHEMBL2346659,2013,Bioorg Med Chem Lett,10.1016/j.bmcl.2013.01.127,23465614,Weak or non-quantitative,non-protein target (cell-line)
12719131,CHEMBL297453,CHEMBL2352642,F,Inhibition of differentiation of mouse 3T3L1 cells assessed as lipid accumulation at 50 uM after 8 days by using Oil Red O staining by spectrophotometry relative to control,Activity,=,81.9,%,,,0,CHEMBL614510,3T3-L1,CELL-LINE,Mus musculus,10090,,CHEMBL2346659,2013,Bioorg Med Chem Lett,10.1016/j.bmcl.2013.01.127,23465614,Weak or non-quantitative,non-protein target (cell-line)
12719150,CHEMBL297453,CHEMBL2352643,F,Inhibition of differentiation of mouse 3T3L1 cells assessed as lipid accumulation at 10 uM after 8 days by using Oil Red O staining by spectrophotometry relative to control,Activity,=,94.9,%,,,0,CHEMBL614510,3T3-L1,CELL-LINE,Mus musculus,10090,,CHEMBL2346659,2013,Bioorg Med Chem Lett,10.1016/j.bmcl.2013.01.127,23465614,Weak or non-quantitative,non-protein target (cell-line)
13320059,CHEMBL297453,CHEMBL2388733,F,Antiadipogenic activity in mouse 3T3L1 cells assessed as differentiation of preadipocytes to adipocytes after 8 days by spectrophotometry,IC50,=,112000.0,nM,,Outside typical range,0,CHEMBL614510,3T3-L1,CELL-LINE,Mus musculus,10090,,CHEMBL2385002,2013,Bioorg Med Chem Lett,10.1016/j.bmcl.2013.04.011,23628332,Weak or non-quantitative,ChEMBL validity: Outside typical range; non-protein target (cell-line)
4373355,CHEMBL297453,CHEMBL1614174,F,PUBCHEM_BIOASSAY: qHTS Assay for Inhibitors of Bacillus subtilis Sfp phosphopantetheinyl transferase (PPTase). (Class of assay: confirmatory) ,Potency,=,11220.2,nM,4.95,,0,CHEMBL1293248,4'-phosphopantetheinyl transferase ffp,SINGLE PROTEIN,Bacillus subtilis,1423,Q9F4F7,CHEMBL1201862,,,,,Weak or non-quantitative,
2144800,CHEMBL297453,CHEMBL921930,B,Inhibition of 6PGD,IC50,=,720.0,nM,6.14,,0,CHEMBL3404,"6-phosphogluconate dehydrogenase, decarboxylating",SINGLE PROTEIN,Homo sapiens,9606,P52209,CHEMBL1143070,2008,Bioorg Med Chem,10.1016/j.bmc.2008.02.030,18313308,Potent in 1 publication,
2692162,CHEMBL297453,CHEMBL1064086,B,Inhibition of human recombinant MMP2 expressed in Escherichia coli by fluorogenic peptide cleavage assay,IC50,=,9600.0,nM,5.02,,0,CHEMBL333,72 kDa type IV collagenase,SINGLE PROTEIN,Homo sapiens,9606,P08253,CHEMBL1152374,2009,Bioorg Med Chem Lett,10.1016/j.bmcl.2009.05.111,19524436,Weak or non-quantitative,
25014721,CHEMBL297453,CHEMBL5237969,B,Inhibition of ADAMTS-4 (unknown origin),IC50,=,100.0,nM,7.0,,0,CHEMBL2318,A disintegrin and metalloproteinase with thrombospondin motifs 4,SINGLE PROTEIN,Homo sapiens,9606,O75173,CHEMBL5236577,2022,J Med Chem,10.1021/acs.jmedchem.2c01177,36250680,Potent in 1 publication,
25014725,CHEMBL297453,CHEMBL5237970,B,Inhibition of ADAMTS-5 (unknown origin),IC50,=,100.0,nM,7.0,,0,CHEMBL2285,A disintegrin and metalloproteinase with thrombospondin motifs 5,SINGLE PROTEIN,Homo sapiens,9606,Q9UNA0,CHEMBL5236577,2022,J Med Chem,10.1021/acs.jmedchem.2c01177,36250680,Potent in 1 publication,
13896849,CHEMBL297453,CHEMBL3111083,F,Antiproliferative activity against human A431 cells overexpressing ErbB in serum-free medium assessed as cell viability after 48 hrs by WST-1 assay,EC50,=,38000.0,nM,4.42,,0,CHEMBL614069,A-431,CELL-LINE,Homo sapiens,9606,,CHEMBL3108760,2014,J Nat Prod,10.1021/np4007712,24456004,Weak or non-quantitative,non-protein target (cell-line)
13896816,CHEMBL297453,CHEMBL3111057,F,Reduction of clustering of GFP-GPI in lipid rafts of human A431 cells at 100 uM after 12 hrs by confocal microscopic analysis,Activity,,,,,,0,CHEMBL614069,A-431,CELL-LINE,Homo sapiens,9606,,CHEMBL3108760,2014,J Nat Prod,10.1021/np4007712,24456004,Weak or non-quantitative,non-protein target (cell-line)
13896823,CHEMBL297453,CHEMBL3111063,F,Downregulation of ErbB1 protein expression in human A431 cells in serum free medium at 200 uM after 30 mins by immunofluorescence staining-based confocal microscopic analysis,Activity,,,,,,0,CHEMBL614069,A-431,CELL-LINE,Homo sapiens,9606,,CHEMBL3108760,2014,J Nat Prod,10.1021/np4007712,24456004,Weak or non-quantitative,non-protein target (cell-line)
13896825,CHEMBL297453,CHEMBL3111065,F,Downregulation of ErbB1 protein expression in human A431 cells at 50 uM after 24 hrs by immunofluorescence staining-based flow cytometric analysis in presence of serum,Activity,,,,,,0,CHEMBL614069,A-431,CELL-LINE,Homo sapiens,9606,,CHEMBL3108760,2014,J Nat Prod,10.1021/np4007712,24456004,Weak or non-quantitative,non-protein target (cell-line)
13896828,CHEMBL297453,CHEMBL3111067,F,Downregulation of ErbB1 protein expression in human A431 cells in serum free medium at 50 uM after 24 hrs by immunofluorescence staining-based flow cytometric analysis,Activity,=,30.0,%,,,0,CHEMBL614069,A-431,CELL-LINE,Homo sapiens,9606,,CHEMBL3108760,2014,J Nat Prod,10.1021/np4007712,24456004,Weak or non-quantitative,non-protein target (cell-line)
13896831,CHEMBL297453,CHEMBL3111069,F,Cell cycle arrest in human A431 cells at 50 to 75 uM after 36 hrs by propidium iodide staining-based flow cytometric analysis,Activity,,,,,,0,CHEMBL614069,A-431,CELL-LINE,Homo sapiens,9606,,CHEMBL3108760,2014,J Nat Prod,10.1021/np4007712,24456004,Weak or non-quantitative,non-protein target (cell-line)
13896835,CHEMBL297453,CHEMBL3111073,F,Antiproliferative activity against anti-67LR treated human A431 cells overexpressing ErbB assessed as cell viability at 100 to 200 uM after 24 hrs by WST-1 staining-based spectrophotometric analysis,Activity,,,,,,0,CHEMBL614069,A-431,CELL-LINE,Homo sapiens,9606,,CHEMBL3108760,2014,J Nat Prod,10.1021/np4007712,24456004,Weak or non-quantitative,non-protein target (cell-line)
13896838,CHEMBL297453,CHEMBL3111076,F,Induction of apoptosis in human A431 cells overexpressing ErbB in complete medium assessed as late apoptotic/necrotic cells at 75 uM after 72 hrs by annexin V-FITC/7-AAD staining-based flow cytometric analysis relative to control,Activity,=,80.0,%,,,0,CHEMBL614069,A-431,CELL-LINE,Homo sapiens,9606,,CHEMBL3108760,2014,J Nat Prod,10.1021/np4007712,24456004,Weak or non-quantitative,non-protein target (cell-line)
13896847,CHEMBL297453,CHEMBL3111081,F,Ratio of EC50 for human A431 cells overexpressing ErbB in complete medium to EC50 for human A431 cells overexpressing ErbB in serum-free medium,Ratio EC50,=,2.0,,,,0,CHEMBL614069,A-431,CELL-LINE,Homo sapiens,9606,,CHEMBL3108760,2014,J Nat Prod,10.1021/np4007712,24456004,Weak or non-quantitative,non-protein target (cell-line)
13896851,CHEMBL297453,CHEMBL3111082,F,Antiproliferative activity against human A431 cells overexpressing ErbB in complete medium assessed as cell viability after 48 hrs by WST-1 assay,EC50,=,266000.0,nM,,Outside typical range,0,CHEMBL614069,A-431,CELL-LINE,Homo sapiens,9606,,CHEMBL3108760,2014,J Nat Prod,10.1021/np4007712,24456004,Weak or non-quantitative,ChEMBL validity: Outside typical range; non-protein target (cell-line)
18484058,CHEMBL297453,CHEMBL4185539,F,Cytotoxicity against human A549 cells assessed as decrease in cell viability after 48 hrs by MTT assay,IC50,=,29000.0,nM,4.54,,0,CHEMBL392,A549,CELL-LINE,Homo sapiens,9606,,CHEMBL4184147,2017,J Med Chem,10.1021/acs.jmedchem.6b01026,28654265,Weak or non-quantitative,non-protein target (cell-line)
18484047,CHEMBL297453,CHEMBL4185575,F,Cytotoxicity against human A549 cells assessed as cell viability at 6 uM after 48 hrs by MTT assay,Activity,=,103.0,%,,,0,CHEMBL392,A549,CELL-LINE,Homo sapiens,9606,,CHEMBL4184147,2017,J Med Chem,10.1021/acs.jmedchem.6b01026,28654265,Weak or non-quantitative,non-protein target (cell-line)
19278445,CHEMBL297453,CHEMBL4408495,F,Antiproliferative activity against human A549 cells expressing FASN assessed as reduction in cell viability after 72 hrs by MTS assay,IC50,=,185000.0,nM,,Outside typical range,0,CHEMBL392,A549,CELL-LINE,Homo sapiens,9606,,CHEMBL4406830,2019,Eur J Med Chem,10.1016/j.ejmech.2019.111597,31422225,Weak or non-quantitative,ChEMBL validity: Outside typical range; non-protein target (cell-line)
24750127,CHEMBL297453,CHEMBL5120676,F,Cytotoxicity against human A549 cells harboring KRAS G12C mutant assessed as inhibition of cell growth at 30 uM,Activity,,,,,,0,CHEMBL392,A549,CELL-LINE,Homo sapiens,9606,,CHEMBL5113552,2022,ACS Med Chem Lett,10.1021/acsmedchemlett.2c00163,36385933,Weak or non-quantitative,non-protein target (cell-line)
24750128,CHEMBL297453,CHEMBL5120677,F,Cytotoxicity against human A549 cells harboring KRAS G12C mutant assessed as inhibition of cell growth at 50 uM,Inhibition,=,100.0,%,,,0,CHEMBL392,A549,CELL-LINE,Homo sapiens,9606,,CHEMBL5113552,2022,ACS Med Chem Lett,10.1021/acsmedchemlett.2c00163,36385933,Weak or non-quantitative,non-protein target (cell-line)
1274538,CHEMBL297453,CHEMBL881244,A,Therapeutic index - IC50/EC50.,Therapeutic index,=,1.1,,,,0,CHEMBL612558,ADMET,ADMET,,,,CHEMBL1151995,1996,Bioorg Med Chem Lett,10.1016/0960-894X(96)00095-9,,Weak or non-quantitative,non-protein target (admet)
2618515,CHEMBL297453,CHEMBL1017750,T,Toxicity against human dermal fibroblasts assessed as cell viability at 10 uM relative to control,Activity,=,95.2,%,,,0,CHEMBL612558,ADMET,ADMET,,,,CHEMBL1154509,2009,Bioorg Med Chem Lett,10.1016/j.bmcl.2008.11.028,19036585,Weak or non-quantitative,non-protein target (admet)
3197015,CHEMBL297453,CHEMBL1115810,A,Drug uptake assessed as incorporation into egg phosphatidylcholine liposome by HPLC,Drug uptake,,,,,,0,CHEMBL612558,ADMET,ADMET,,,,CHEMBL1154814,2010,Eur J Med Chem,10.1016/j.ejmech.2009.11.045,19962795,Weak or non-quantitative,non-protein target (admet)
5093714,CHEMBL297453,CHEMBL1633735,A,Cytotoxicity against African green monkey CV1 cells assessed as viability at 100 uM after 24 hrs,Inhibition,=,97.0,%,,,0,CHEMBL612558,ADMET,ADMET,,,,CHEMBL1629542,2008,Antimicrob Agents Chemother,10.1128/aac.00825-07,18195068,Weak or non-quantitative,non-protein target (admet)
7983546,CHEMBL297453,CHEMBL1936551,A,"Therapeutic index, ratio of TD50 for MDCK cells to ED50 for influenza A virus (A/swine/OH/511445/2007(H1N1)) Oh7",Ratio TD50/ED50,=,5.5,,,,0,CHEMBL612558,ADMET,ADMET,,,,CHEMBL1933043,2012,Bioorg Med Chem Lett,10.1016/j.bmcl.2011.10.119,22115591,Weak or non-quantitative,non-protein target (admet)
13470577,CHEMBL297453,CHEMBL2432981,A,Cytotoxicity against Swiss mouse peritoneal macrophages after 72 hrs by Alamar blue assay,IC50,=,436300.0,nM,,Outside typical range,0,CHEMBL612558,ADMET,ADMET,,,,CHEMBL2429850,2013,J Nat Prod,10.1021/np400624d,24106750,Weak or non-quantitative,ChEMBL validity: Outside typical range; non-protein target (admet)
16396460,CHEMBL297453,CHEMBL3742739,A,Cytotoxicity against human MSC assessed as decrease in cell number at 1 to 10 uM after 9 days by methylene blue staining based microscopy relative to control,FC,=,0.43,,,,0,CHEMBL612558,ADMET,ADMET,,,,CHEMBL3739259,2015,J Nat Prod,10.1021/acs.jnatprod.5b00075,26517554,Weak or non-quantitative,non-protein target (admet)
16396480,CHEMBL297453,CHEMBL3742740,A,Cytotoxicity against human MSC assessed as cell viability at 1 uM measured on day 1 by alamar blue assay (Rvb = 97 to 101%),Activity,=,101.0,%,,,0,CHEMBL612558,ADMET,ADMET,,,,CHEMBL3739259,2015,J Nat Prod,10.1021/acs.jnatprod.5b00075,26517554,Weak or non-quantitative,non-protein target (admet)
16396501,CHEMBL297453,CHEMBL3742741,A,Cytotoxicity against human MSC assessed as cell viability at 5 uM measured on day 1 by alamar blue assay (Rvb = 97 to 101%),Activity,=,98.0,%,,,0,CHEMBL612558,ADMET,ADMET,,,,CHEMBL3739259,2015,J Nat Prod,10.1021/acs.jnatprod.5b00075,26517554,Weak or non-quantitative,non-protein target (admet)
16396522,CHEMBL297453,CHEMBL3742742,A,Cytotoxicity against human MSC assessed as cell viability at 10 uM measured on day 1 by alamar blue assay (Rvb = 97 to 101%),Activity,=,90.0,%,,,0,CHEMBL612558,ADMET,ADMET,,,,CHEMBL3739259,2015,J Nat Prod,10.1021/acs.jnatprod.5b00075,26517554,Weak or non-quantitative,non-protein target (admet)
16396543,CHEMBL297453,CHEMBL3742743,A,Cytotoxicity against human MSC assessed as cell viability at 1 uM treated for 3 days measured on day 4 by alamar blue assay (Rvb = 97 to 100%),Activity,=,93.0,%,,,0,CHEMBL612558,ADMET,ADMET,,,,CHEMBL3739259,2015,J Nat Prod,10.1021/acs.jnatprod.5b00075,26517554,Weak or non-quantitative,non-protein target (admet)
16396564,CHEMBL297453,CHEMBL3742744,A,Cytotoxicity against human MSC assessed as cell viability at 5 uM treated for 3 days measured on day 4 by alamar blue assay (Rvb = 97 to 100%),Activity,=,91.0,%,,,0,CHEMBL612558,ADMET,ADMET,,,,CHEMBL3739259,2015,J Nat Prod,10.1021/acs.jnatprod.5b00075,26517554,Weak or non-quantitative,non-protein target (admet)
16396585,CHEMBL297453,CHEMBL3742745,A,Cytotoxicity against human MSC assessed as cell viability at 10 uM treated for 3 days measured on day 4 by alamar blue assay (Rvb = 97 to 100%),Activity,=,89.0,%,,,0,CHEMBL612558,ADMET,ADMET,,,,CHEMBL3739259,2015,J Nat Prod,10.1021/acs.jnatprod.5b00075,26517554,Weak or non-quantitative,non-protein target (admet)
16396606,CHEMBL297453,CHEMBL3742746,A,Cytotoxicity against human MSC assessed as cell viability at 1 uM treated for 6 days measured on day 7 by alamar blue assay (Rvb = 96 to 101%),Activity,=,101.0,%,,,0,CHEMBL612558,ADMET,ADMET,,,,CHEMBL3739259,2015,J Nat Prod,10.1021/acs.jnatprod.5b00075,26517554,Weak or non-quantitative,non-protein target (admet)
16396627,CHEMBL297453,CHEMBL3742747,A,Cytotoxicity against human MSC assessed as cell viability at 5 uM treated for 6 days measured on day 7 by alamar blue assay (Rvb = 96 to 101%),Activity,=,101.0,%,,,0,CHEMBL612558,ADMET,ADMET,,,,CHEMBL3739259,2015,J Nat Prod,10.1021/acs.jnatprod.5b00075,26517554,Weak or non-quantitative,non-protein target (admet)
16397881,CHEMBL297453,CHEMBL3742748,A,Cytotoxicity against human MSC assessed as cell viability at 10 uM treated for 6 days measured on day 7 by alamar blue assay (Rvb = 96 to 101%),Activity,=,102.0,%,,,0,CHEMBL612558,ADMET,ADMET,,,,CHEMBL3739259,2015,J Nat Prod,10.1021/acs.jnatprod.5b00075,26517554,Weak or non-quantitative,non-protein target (admet)
18484137,CHEMBL297453,CHEMBL4185621,A,"Plasma concentration in mouse at 100 mg/kg, po at 60 mins by LC-MS/MS method",Cp,<,1.0,uM,,,0,CHEMBL612558,ADMET,ADMET,,,,CHEMBL4184147,2017,J Med Chem,10.1021/acs.jmedchem.6b01026,28654265,Weak or non-quantitative,non-protein target (admet); censored value (<)
18484143,CHEMBL297453,CHEMBL4185622,A,"Plasma concentration in mouse at 10 mg/kg, iv at 60 mins by LC-MS/MS method",Cp,<,1.0,uM,,,0,CHEMBL612558,ADMET,ADMET,,,,CHEMBL4184147,2017,J Med Chem,10.1021/acs.jmedchem.6b01026,28654265,Weak or non-quantitative,non-protein target (admet); censored value (<)
22995072,CHEMBL297453,CHEMBL4775953,A,"Permeability constant, logPe of compound incubated for 2 to 30 hrs by PAMPA assay",log Pe,=,-6.92,,,,0,CHEMBL612558,ADMET,ADMET,,,,CHEMBL4765494,2021,Bioorg Med Chem,10.1016/j.bmc.2021.116043,33530021,Weak or non-quantitative,non-protein target (admet)
24846228,CHEMBL297453,CHEMBL5146810,A,Oral bioavailability in Sprague-Dawley rat at 100 mg/kg,F,<=,5.0,%,,,0,CHEMBL612558,ADMET,ADMET,,,,CHEMBL5143627,2022,Bioorg Med Chem Lett,10.1016/j.bmcl.2022.128675,35292341,Weak or non-quantitative,non-protein target (admet); censored value (<=)
24846229,CHEMBL297453,CHEMBL5146811,A,"Bioavailability in CF-1 mouse at 163.8 micromol/kg, IG measured upto 720 mins",F,=,12.0,%,,,0,CHEMBL612558,ADMET,ADMET,,,,CHEMBL5143627,2022,Bioorg Med Chem Lett,10.1016/j.bmcl.2022.128675,35292341,Weak or non-quantitative,non-protein target (admet)
25441147,CHEMBL297453,CHEMBL5316515,T,"Selectivity index, ratio of CC50 for MDCK cells to EC50 for influenza A virus (H1N1/A/WSN/33) infected in MDCK cells",Ratio CC50/EC50,>,3.3,,,,0,CHEMBL612558,ADMET,ADMET,,,,CHEMBL5316264,2023,J Med Chem,10.1021/acs.jmedchem.2c00857,36521178,Weak or non-quantitative,non-protein target (admet); censored value (>)
3694338,CHEMBL297453,CHEMBL1613829,F,"PUBCHEM_BIOASSAY: qHTS Assay for Inhibitors of RecQ-Like Dna Helicase 1 (RECQ1). (Class of assay: confirmatory) [Related pubchem assays: 594 (Rhodamine region spectral profiling screen), 593 (Fluorescein region spectral profiling screen), 2367 (Probe Development Summary for Inhibitors of RecQ-Like Dna Helicase 1 (RECQ1)), 2353 (qHTS Validation Assay for Inhibitors of RecQ-Like Dna Helicase 1 (RECQ1))]",Potency,=,3162.3,nM,5.5,,0,CHEMBL1293236,ATP-dependent DNA helicase Q1,SINGLE PROTEIN,Homo sapiens,9606,P46063,CHEMBL1201862,,,,,Weak or non-quantitative,
15612286,CHEMBL297453,CHEMBL3584050,B,Modulation of P-gp (unknown origin) transfected in human MDA435/LCC6MDR cells assessed as reversible of paclitaxel resistance measured as IC50 for paclitaxel at 1 uM after 5 days by CellTiter 96 Aqueous assay,IC50,=,124.1,nM,6.91,,0,CHEMBL4302,ATP-dependent translocase ABCB1,SINGLE PROTEIN,Homo sapiens,9606,P08183,CHEMBL3580553,2015,J Med Chem,10.1021/acs.jmedchem.5b00085,25985195,Potent in 1 publication,
15612288,CHEMBL297453,CHEMBL3584716,B,Modulation of P-gp (unknown origin) transfected in human MDA435/LCC6MDR cells assessed as reversible of paclitaxel resistance measured as IC50 for paclitaxel at 10 uM after 5 days by CellTiter 96 Aqueous assay,IC50,=,122.6,nM,6.91,,0,CHEMBL4302,ATP-dependent translocase ABCB1,SINGLE PROTEIN,Homo sapiens,9606,P08183,CHEMBL3580553,2015,J Med Chem,10.1021/acs.jmedchem.5b00085,25985195,Potent in 1 publication,
15612289,CHEMBL297453,CHEMBL3584715,B,Modulation of P-gp (unknown origin) transfected in human MDA435/LCC6MDR cells assessed as reversible of paclitaxel resistance measured as IC50 for paclitaxel at 10 uM after 5 days by CellTiter 96 Aqueous assay relative to PTX alone treated cell,Ratio,=,1.2,,,,0,CHEMBL4302,ATP-dependent translocase ABCB1,SINGLE PROTEIN,Homo sapiens,9606,P08183,CHEMBL3580553,2015,J Med Chem,10.1021/acs.jmedchem.5b00085,25985195,Weak or non-quantitative,
15613082,CHEMBL297453,CHEMBL3584051,B,Modulation of P-gp (unknown origin) transfected in human MDA435/LCC6MDR cells assessed as reversible of paclitaxel resistance measured as IC50 for paclitaxel at 1 uM after 5 days by CellTiter 96 Aqueous assay relative to PTX alone treated cell,Ratio,=,1.2,,,,0,CHEMBL4302,ATP-dependent translocase ABCB1,SINGLE PROTEIN,Homo sapiens,9606,P08183,CHEMBL3580553,2015,J Med Chem,10.1021/acs.jmedchem.5b00085,25985195,Weak or non-quantitative,
12096887,CHEMBL297453,CHEMBL2166270,B,Inhibition of electric eel AChE at 2 mg/ml by Ellman's method,Inhibition,=,-14.31,%,,Outside typical range,0,CHEMBL4078,Acetylcholinesterase,SINGLE PROTEIN,Electrophorus electricus,8005,O42275,CHEMBL2163249,2012,Bioorg Med Chem,10.1016/j.bmc.2012.09.040,23062825,Weak or non-quantitative,ChEMBL validity: Outside typical range
20161979,CHEMBL297453,CHEMBL4296188,F,"Antibacterial activity against Acinetobacter baumannii ATCC 19606 (CO-ADD:GN_034); MIC in CAMBH media using NBS plates, by OD600",Inhibition,=,29.27,%,,,0,CHEMBL614425,Acinetobacter baumannii,ORGANISM,Acinetobacter baumannii,470,,CHEMBL4513141,,,10.6019/CHEMBL4513141,,Weak or non-quantitative,non-protein target (organism)
3365740,CHEMBL297453,CHEMBL1177441,A,Binding affinity to human serum albumin in 100 mM phosphate buffer at pH 7.4 assessed as formation of biotin-LC-hydrazide labeled protein carbonyls at 100 uM pretreated 60 mins before biotin-LC-hydrazide challenge measured after 60 mins by SDS-PAGE/Western blotting,Activity,,,,,,0,CHEMBL3253,Albumin,SINGLE PROTEIN,Homo sapiens,9606,P02768,CHEMBL1177689,2010,Bioorg Med Chem,10.1016/j.bmc.2010.06.021,20598557,Weak or non-quantitative,
12483101,CHEMBL297453,CHEMBL3053603,A,Binding affinity to 0.6 mM Homo sapiens (human) serum albumin by ultrafiltration-HPLC-UV/DAD method,Activity,=,85.2,%,,,0,CHEMBL3253,Albumin,SINGLE PROTEIN,Homo sapiens,9606,P02768,CHEMBL3046608,2012,Med Chem Res,10.1007/s00044-011-9890-z,,Weak or non-quantitative,
12483105,CHEMBL297453,CHEMBL3054080,A,Binding affinity to 0.06 mM Homo sapiens (human) serum albumin by ultrafiltration-HPLC-UV/DAD method,Activity,=,68.7,%,,,0,CHEMBL3253,Albumin,SINGLE PROTEIN,Homo sapiens,9606,P02768,CHEMBL3046608,2012,Med Chem Res,10.1007/s00044-011-9890-z,,Weak or non-quantitative,
12698130,CHEMBL297453,CHEMBL2340744,A,Binding affinity to human serum albumin at 10 uM,Activity,=,85.0,%,,,1,CHEMBL3253,Albumin,SINGLE PROTEIN,Homo sapiens,9606,P02768,CHEMBL2331369,2013,J Nat Prod,10.1021/np3007292,23327877,Weak or non-quantitative,potential duplicate
12698131,CHEMBL297453,CHEMBL2340743,A,Binding affinity to human serum albumin at 1 uM,Activity,=,99.0,%,,,0,CHEMBL3253,Albumin,SINGLE PROTEIN,Homo sapiens,9606,P02768,CHEMBL2331369,2013,J Nat Prod,10.1021/np3007292,23327877,Weak or non-quantitative,
16401634,CHEMBL297453,CHEMBL3745358,B,Inhibition of recombinant human N-terminal His6-tagged AKR1B10 expressed in Escherichia coli BL21 cells using all-trans-retinal as substrate at 20 uM incubated for 15 mins by HPLC method,Inhibition,,,%,,,0,CHEMBL5983,Aldo-keto reductase family 1 member B10,SINGLE PROTEIN,Homo sapiens,9606,O60218,CHEMBL3739262,2015,J Nat Prod,10.1021/acs.jnatprod.5b00616,26529431,Weak or non-quantitative,
15725605,CHEMBL297453,CHEMBL3618919,B,Inhibition of human salivary alpha-amylase using rice starch as substrate after 12 mins by microplate reader analysis,IC50,=,1400000.0,nM,,Outside typical range,0,CHEMBL2478,Alpha-amylase 1A,SINGLE PROTEIN,Homo sapiens,9606,P0DUB6,CHEMBL3616379,2015,Bioorg Med Chem,10.1016/j.bmc.2015.09.007,26395057,Weak or non-quantitative,ChEMBL validity: Outside typical range
25852960,CHEMBL297453,CHEMBL5507733,B,Inhibition of alpha-synuclein (unknown origin) aggregation inhibition ratio by measuring relative fluorescence intensity measured after 3 days by ThT F1 based assay relative to control,IC50,=,2580.0,nM,5.59,,1,CHEMBL6152,Alpha-synuclein,SINGLE PROTEIN,Homo sapiens,9606,P37840,CHEMBL5505980,2024,Eur J Med Chem,10.1016/j.ejmech.2024.116198,38368711,Weak or non-quantitative,potential duplicate
26035744,CHEMBL297453,CHEMBL5584550,B,Inhibition of alpha-Synuclein (unknown origin) aggregation assessed as aggregation inhibition ratio incubated for 72 hrs by Thioflavin T fluorescence assay,IC50,=,2580.0,nM,5.59,,1,CHEMBL6152,Alpha-synuclein,SINGLE PROTEIN,Homo sapiens,9606,P37840,CHEMBL5584211,2024,Bioorg Med Chem Lett,10.1016/j.bmcl.2023.129564,38000482,Weak or non-quantitative,potential duplicate
26197767,CHEMBL297453,CHEMBL5638514,B,Inhibition of alpha-Syn (unknown origin) in PBS at pH 7.4 incubated for 72 hrs by ThT fluorescence assay,IC50,=,2570.0,nM,5.59,,0,CHEMBL6152,Alpha-synuclein,SINGLE PROTEIN,Homo sapiens,9606,P37840,CHEMBL5634171,2024,Bioorg Med Chem Lett,10.1016/j.bmcl.2024.129752,38631541,Weak or non-quantitative,
22441123,CHEMBL297453,CHEMBL4678546,B,Inhibition of human alpha-synuclein aggregation expressed in Escherichia coli BL21 (DE3) cells at 400 uM at 5:1 molar ratio after 72 hrs by ThT fluorescence assay relative to control,Activity,=,96.3,%,,,0,CHEMBL6152,Alpha-synuclein,SINGLE PROTEIN,Homo sapiens,9606,P37840,CHEMBL4673341,2020,J Nat Prod,10.1021/acs.jnatprod.0c01168,33269586,Weak or non-quantitative,
24839913,CHEMBL297453,CHEMBL5145210,B,Inhibition of alpha-Synuclein (unknown origin) aggregation at compound to protein molar ratio of 1:1 incubated for 36 hrs under shaking condition and measured every 6 hrs by Thioflavin T based fluorescence assay relative to control,Inhibition,=,90.9,%,,,1,CHEMBL6152,Alpha-synuclein,SINGLE PROTEIN,Homo sapiens,9606,P37840,CHEMBL5143562,2022,J Nat Prod,10.1021/acs.jnatprod.1c01172,35050597,Weak or non-quantitative,potential duplicate
24839924,CHEMBL297453,CHEMBL5145211,B,Binding affinity to alpha-Synuclein (unknown origin) at compound to protein molar ratio of 5:1 incubated for 3 hrs by mass spectroscopy analysis,Activity,,,,,,0,CHEMBL6152,Alpha-synuclein,SINGLE PROTEIN,Homo sapiens,9606,P37840,CHEMBL5143562,2022,J Nat Prod,10.1021/acs.jnatprod.1c01172,35050597,Weak or non-quantitative,
24839931,CHEMBL297453,CHEMBL5145212,B,Inhibition of alpha-Synuclein (unknown origin) aggregation assessed as time difference in midpoint of aggregation at compound to protein molar ratio of 1:1 incubated for 36 hrs under shaking condition and measured every 6 hrs by Thioflavin T based fluorescence assay relative to control,TIME,=,9.4,hr,,,0,CHEMBL6152,Alpha-synuclein,SINGLE PROTEIN,Homo sapiens,9606,P37840,CHEMBL5143562,2022,J Nat Prod,10.1021/acs.jnatprod.1c01172,35050597,Weak or non-quantitative,
24839938,CHEMBL297453,CHEMBL5145213,B,Inhibition of alpha-Synuclein (unknown origin) aggregation at compound to protein molar ratio of 5:1 incubated for 36 hrs under shaking condition and measured every 6 hrs by Thioflavin T based fluorescence assay relative to control,Inhibition,=,98.9,%,,,0,CHEMBL6152,Alpha-synuclein,SINGLE PROTEIN,Homo sapiens,9606,P37840,CHEMBL5143562,2022,J Nat Prod,10.1021/acs.jnatprod.1c01172,35050597,Weak or non-quantitative,
24839945,CHEMBL297453,CHEMBL5145214,B,Inhibition of alpha-Synuclein (unknown origin) aggregation assessed as times difference in midpoint of aggregation at compound to protein molar ratio of 5:1 incubated for 36 hrs under shaking condition and measured every 6 hrs by Thioflavin T based fluorescence assay relative to control,TIME,=,11.1,hr,,,0,CHEMBL6152,Alpha-synuclein,SINGLE PROTEIN,Homo sapiens,9606,P37840,CHEMBL5143562,2022,J Nat Prod,10.1021/acs.jnatprod.1c01172,35050597,Weak or non-quantitative,
24988991,CHEMBL297453,CHEMBL5229110,B,Binding affinity to human alpha-Synuclein at compound to protein molar ratio of 5:1 incubated for 3 hrs by mass spectroscopy analysis,Activity,,,,,,0,CHEMBL6152,Alpha-synuclein,SINGLE PROTEIN,Homo sapiens,9606,P37840,CHEMBL5226351,2021,J Nat Prod,10.1021/acs.jnatprod.1c00768,34787419,Weak or non-quantitative,
24988993,CHEMBL297453,CHEMBL5229112,B,Inhibition of human alpha-Synuclein aggregation at compound:protein ratio of 1:5 incubated for 72 hrs under shaking condition by Thioflavin T based fluorimeter assay relative to control,Inhibition,=,93.6,%,,,0,CHEMBL6152,Alpha-synuclein,SINGLE PROTEIN,Homo sapiens,9606,P37840,CHEMBL5226351,2021,J Nat Prod,10.1021/acs.jnatprod.1c00768,34787419,Weak or non-quantitative,
25077962,CHEMBL297453,CHEMBL5255021,B,Binding affinity to human alpha-syn expressed in Escherichia coli BL21 (DE3) cells assessed as protein-compound complex formation at 100 uM incubated for 3 hrs by ESI-MS spectrum analysis,Activity,,,,,,0,CHEMBL6152,Alpha-synuclein,SINGLE PROTEIN,Homo sapiens,9606,P37840,CHEMBL5252574,2023,J Nat Prod,10.1021/acs.jnatprod.2c01140,36787528,Weak or non-quantitative,
25077976,CHEMBL297453,CHEMBL5255022,B,Inhibition of human alpha-syn expressed in Escherichia coli BL21 (DE3) cells aggregation at 80 uM incubated at compound:protein ratio of 1:1 for 36 hrs by ThT dye based fluorescence assay relative to control,Inhibition,=,90.4,%,,,1,CHEMBL6152,Alpha-synuclein,SINGLE PROTEIN,Homo sapiens,9606,P37840,CHEMBL5252574,2023,J Nat Prod,10.1021/acs.jnatprod.2c01140,36787528,Weak or non-quantitative,potential duplicate
25077983,CHEMBL297453,CHEMBL5255023,B,Inhibition of human alpha-syn expressed in Escherichia coli BL21 (DE3) cells aggregation at 400 uM incubated at compound:protein ratio of 5:1 for 36 hrs by ThT dye based fluorescence assay relative to control,Inhibition,=,98.4,%,,,1,CHEMBL6152,Alpha-synuclein,SINGLE PROTEIN,Homo sapiens,9606,P37840,CHEMBL5252574,2023,J Nat Prod,10.1021/acs.jnatprod.2c01140,36787528,Weak or non-quantitative,potential duplicate
25852939,CHEMBL297453,CHEMBL5507732,B,Inhibition of alpha-synuclein (unknown origin) aggregation inhibition ratio by measuring relative fluorescence intensity at 30 uM measured after 3 days by ThT F1 based assay relative to control,Inhibition,=,83.3,%,,,1,CHEMBL6152,Alpha-synuclein,SINGLE PROTEIN,Homo sapiens,9606,P37840,CHEMBL5505980,2024,Eur J Med Chem,10.1016/j.ejmech.2024.116198,38368711,Weak or non-quantitative,potential duplicate
25888456,CHEMBL297453,CHEMBL5518574,B,Inhibition of alpha-synuclein (unknown origin) fibrillogenesis relative to control,Inhibition,=,80.0,%,,,1,CHEMBL6152,Alpha-synuclein,SINGLE PROTEIN,Homo sapiens,9606,P37840,CHEMBL5518163,2024,Eur J Med Chem,10.1016/j.ejmech.2023.115965,38056304,Weak or non-quantitative,potential duplicate
25907856,CHEMBL297453,CHEMBL5524396,B,Inhibition of alpha-syn (unknown origin) aggregation assessed as reduction in fluorescence by Thioflavin-T based fluorescence analysis relative to control,Inhibition,~,90.0,%,,,0,CHEMBL6152,Alpha-synuclein,SINGLE PROTEIN,Homo sapiens,9606,P37840,CHEMBL5523695,2024,Bioorg Med Chem,10.1016/j.bmc.2024.117613,38330847,Weak or non-quantitative,
26035741,CHEMBL297453,CHEMBL5584549,B,Inhibition of alpha-Synuclein (unknown origin) aggregation assessed as aggregation inhibition ratio at 30 uM incubated for 72 hrs by Thioflavin T fluorescence assay relative to control,Inhibition,=,83.0,%,,,0,CHEMBL6152,Alpha-synuclein,SINGLE PROTEIN,Homo sapiens,9606,P37840,CHEMBL5584211,2024,Bioorg Med Chem Lett,10.1016/j.bmcl.2023.129564,38000482,Weak or non-quantitative,
26197743,CHEMBL297453,CHEMBL5638513,B,Inhibition of alpha-Syn (unknown origin) in PBS at pH 7.4 assessed as aggregation inhibition ratio at 30 uM incubated for 72 hrs by ThT fluorescence assay relative to control,Inhibition,=,83.3,%,,,1,CHEMBL6152,Alpha-synuclein,SINGLE PROTEIN,Homo sapiens,9606,P37840,CHEMBL5634171,2024,Bioorg Med Chem Lett,10.1016/j.bmcl.2024.129752,38631541,Weak or non-quantitative,potential duplicate
13328421,CHEMBL297453,CHEMBL2390679,B,Inhibition of amyloid beta (1 to 42) aggregation (unknown origin) at 4:1 compound to protein concentration after 48 hrs by thioflavin T fluorescence assay,IC50,=,100000.0,nM,4.0,,0,CHEMBL2487,Amyloid-beta precursor protein,SINGLE PROTEIN,Homo sapiens,9606,P05067,CHEMBL2385058,2013,J Med Chem,10.1021/jm3017317,23484434,Weak or non-quantitative,
15023359,CHEMBL297453,CHEMBL3364064,B,Inhibition of amyloid beta1-42 (unknown origin) aggregation assessed as amyloid fibril formation tested after 17 hrs by thioflavin T fluorescence method,IC50,=,4600.0,nM,5.34,,0,CHEMBL2487,Amyloid-beta precursor protein,SINGLE PROTEIN,Homo sapiens,9606,P05067,CHEMBL3297694,2014,Bioorg Med Chem Lett,10.1016/j.bmcl.2014.05.008,24878198,Weak or non-quantitative,
15023365,CHEMBL297453,CHEMBL3364067,B,Inhibition of amyloid beta1-40 (unknown origin) aggregation,IC50,=,3000.0,nM,5.52,,0,CHEMBL2487,Amyloid-beta precursor protein,SINGLE PROTEIN,Homo sapiens,9606,P05067,CHEMBL3297694,2014,Bioorg Med Chem Lett,10.1016/j.bmcl.2014.05.008,24878198,Weak or non-quantitative,
15612242,CHEMBL297453,CHEMBL3584021,B,Inhibition of amyloid beta (1 to 42) (unknown origin) aggregation incubated at 37 degC for 16 hrs by thioflavin T fluorescence assay,IC50,=,500.0,nM,6.3,,0,CHEMBL2487,Amyloid-beta precursor protein,SINGLE PROTEIN,Homo sapiens,9606,P05067,CHEMBL3580580,2015,J Nat Prod,10.1021/np500912t,25978520,Potent in ≥2 publications,
25076262,CHEMBL297453,CHEMBL5254630,B,Inhibition of amyloid beta (unknown origin) aggregation,IC50,=,180.0,nM,6.75,,0,CHEMBL2487,Amyloid-beta precursor protein,SINGLE PROTEIN,Homo sapiens,9606,P05067,CHEMBL5252548,2018,Eur J Med Chem,10.1016/j.ejmech.2018.05.004,29763806,Potent in ≥2 publications,
25079663,CHEMBL297453,CHEMBL5255354,B,Inhibition of Amyloid beta (1 to 42) (unknown origin) aggregation incubated for 24 hrs by ThioflavinT-dye based fluorescence analysis,IC50,=,140.0,nM,6.85,,0,CHEMBL2487,Amyloid-beta precursor protein,SINGLE PROTEIN,Homo sapiens,9606,P05067,CHEMBL5252600,2023,J Nat Prod,10.1021/acs.jnatprod.2c01101,36861650,Potent in ≥2 publications,
15023351,CHEMBL297453,CHEMBL3364062,B,Inhibition of amyloid beta1-42 (unknown origin) aggregation assessed as amyloid fibril formation tested at 1:1 compound to peptide ratio after 17 hrs by thioflavin T fluorescence method,Activity,=,16.0,%,,,0,CHEMBL2487,Amyloid-beta precursor protein,SINGLE PROTEIN,Homo sapiens,9606,P05067,CHEMBL3297694,2014,Bioorg Med Chem Lett,10.1016/j.bmcl.2014.05.008,24878198,Weak or non-quantitative,
15023355,CHEMBL297453,CHEMBL3364063,B,Inhibition of amyloid beta1-42 (unknown origin) aggregation assessed as reduction in amyloid fibril formation at 40 uM after 5 days by Transmission electron microscopy,Inhibition,,,%,,,0,CHEMBL2487,Amyloid-beta precursor protein,SINGLE PROTEIN,Homo sapiens,9606,P05067,CHEMBL3297694,2014,Bioorg Med Chem Lett,10.1016/j.bmcl.2014.05.008,24878198,Weak or non-quantitative,
15612233,CHEMBL297453,CHEMBL3584020,B,Inhibition of amyloid beta (1 to 42) (unknown origin) aggregation at 100 uM incubated at 37 degC for 16 hrs by thioflavin T fluorescence assay,Inhibition,=,95.1,%,,,0,CHEMBL2487,Amyloid-beta precursor protein,SINGLE PROTEIN,Homo sapiens,9606,P05067,CHEMBL3580580,2015,J Nat Prod,10.1021/np500912t,25978520,Weak or non-quantitative,
18456697,CHEMBL297453,CHEMBL4179584,B,Inhibition of HFIP-pretreated amyloid beta (1 to 42) (unknown origin) self-induced aggregation at 20 uM incubated for 24 hrs under dark condition by thioflavin-T based fluorometric assay relative to control,Inhibition,=,86.1,%,,,0,CHEMBL2487,Amyloid-beta precursor protein,SINGLE PROTEIN,Homo sapiens,9606,P05067,CHEMBL4177596,2017,Bioorg Med Chem Lett,10.1016/j.bmcl.2017.09.051,28988761,Weak or non-quantitative,
18903022,CHEMBL297453,CHEMBL4316844,B,Inhibition of HFIP-pretreated amyloid beta (1 to 42 residues) (unknown origin) self aggregation at 25 uM after 7 days by ThT-based fluorometric method relative to control,Inhibition,=,52.9,%,,,0,CHEMBL2487,Amyloid-beta precursor protein,SINGLE PROTEIN,Homo sapiens,9606,P05067,CHEMBL4316585,2019,Eur J Med Chem,10.1016/j.ejmech.2019.01.039,30684867,Weak or non-quantitative,
25079654,CHEMBL297453,CHEMBL5255353,B,Inhibition of Amyloid beta (1 to 42) (unknown origin) aggregation at 100 uM incubated for 24 hrs by ThioflavinT-dye based fluorescence analysis,Inhibition,=,88.12,%,,,1,CHEMBL2487,Amyloid-beta precursor protein,SINGLE PROTEIN,Homo sapiens,9606,P05067,CHEMBL5252600,2023,J Nat Prod,10.1021/acs.jnatprod.2c01101,36861650,Weak or non-quantitative,potential duplicate
18267240,CHEMBL297453,CHEMBL4057853,B,Inhibition of recombinant human ACE at 100 uM using Mca-R-P-PG-F-S-A-F-K(Dnp)-OH as substrate measured every 2 mins for 8 mins by fluorescence assay,Inhibition,=,82.02,%,,,0,CHEMBL1808,Angiotensin-converting enzyme,SINGLE PROTEIN,Homo sapiens,9606,P12821,CHEMBL4052767,2017,Bioorg Med Chem Lett,10.1016/j.bmcl.2017.07.016,28712707,Weak or non-quantitative,
12457518,CHEMBL297453,CHEMBL3056015,B,Displacement of NLWAAQRYGRELRRMSD-K(FITC)-FVD from Bcl-2 (unknown origin) by fluorescence polarization assay,Ki,=,335.0,nM,6.47,,0,CHEMBL4860,Apoptosis regulator Bcl-2,SINGLE PROTEIN,Homo sapiens,9606,P10415,CHEMBL3046684,2010,Med Chem Res,10.1007/s00044-009-9233-5,,Potent in ≥2 publications,
2150741,CHEMBL297453,CHEMBL937576,B,Binding affinity to BCL2,Ki,=,234.42,nM,6.63,,0,CHEMBL4860,Apoptosis regulator Bcl-2,SINGLE PROTEIN,Homo sapiens,9606,P10415,CHEMBL1147088,2007,Proc Natl Acad Sci U S A,10.1073/pnas.0709443104,18040043,Potent in ≥2 publications,
24723924,CHEMBL297453,CHEMBL5113825,B,Binding affinity to Bcl-2/Bad (unknown origin) assessed as inhibition constant by fluorescence polarisation assay,Ki,=,490.0,nM,6.31,,0,CHEMBL5169266,BCL2/BAD,PROTEIN-PROTEIN INTERACTION,Homo sapiens,9606,P10415;Q92934,CHEMBL5113375,2021,Eur J Med Chem,10.1016/j.ejmech.2020.113038,33333396,Potent in 1 publication,
24723957,CHEMBL297453,CHEMBL5113852,B,Inhibition of Bcl-2/Bid (unknown origin),IC50,=,450.0,nM,6.35,,0,CHEMBL5169265,BCL2/BID,PROTEIN-PROTEIN INTERACTION,Homo sapiens,9606,P10415;P55957,CHEMBL5113375,2021,Eur J Med Chem,10.1016/j.ejmech.2020.113038,33333396,Potent in 1 publication,
24723960,CHEMBL297453,CHEMBL5113855,B,Inhibition of Bfl-1/Bid (unknown origin),IC50,=,1790.0,nM,5.75,,0,CHEMBL5169268,BCL2A1/BID,PROTEIN-PROTEIN INTERACTION,Homo sapiens,9606,P55957;Q16548,CHEMBL5113375,2021,Eur J Med Chem,10.1016/j.ejmech.2020.113038,33333396,Weak or non-quantitative,
24723959,CHEMBL297453,CHEMBL5113854,B,Inhibition of Bcl-B/Bid (unknown origin),IC50,=,360.0,nM,6.44,,0,CHEMBL5169272,BCL2L10/BID,PROTEIN-PROTEIN INTERACTION,Homo sapiens,9606,P55957;Q9HD36,CHEMBL5113375,2021,Eur J Med Chem,10.1016/j.ejmech.2020.113038,33333396,Potent in 1 publication,
24723958,CHEMBL297453,CHEMBL5113853,B,Inhibition of Bcl-W/Bid (unknown origin),IC50,=,2330.0,nM,5.63,,0,CHEMBL5169271,BCL2L2/BID,PROTEIN-PROTEIN INTERACTION,Homo sapiens,9606,P55957;Q92843,CHEMBL5113375,2021,Eur J Med Chem,10.1016/j.ejmech.2020.113038,33333396,Weak or non-quantitative,
18484057,CHEMBL297453,CHEMBL4185541,F,Cytotoxicity against human BxPC3 cells assessed as decrease in cell viability after 48 hrs by MTT assay,IC50,=,33000.0,nM,4.48,,0,CHEMBL614530,BXPC-3,CELL-LINE,Homo sapiens,9606,,CHEMBL4184147,2017,J Med Chem,10.1021/acs.jmedchem.6b01026,28654265,Weak or non-quantitative,non-protein target (cell-line)
18484045,CHEMBL297453,CHEMBL4185577,F,Cytotoxicity against human BxPC3 cells assessed as cell viability at 6 uM after 48 hrs by MTT assay,Activity,=,97.0,%,,,0,CHEMBL614530,BXPC-3,CELL-LINE,Homo sapiens,9606,,CHEMBL4184147,2017,J Med Chem,10.1021/acs.jmedchem.6b01026,28654265,Weak or non-quantitative,non-protein target (cell-line)
3196880,CHEMBL297453,CHEMBL1115801,F,Antibacterial activity against Bacillus subtilis ATCC 6633 after 24 hrs by NCCLS method,MIC,>,128.0,ug.mL-1,,,0,CHEMBL359,Bacillus subtilis,ORGANISM,Bacillus subtilis,1423,,CHEMBL1154814,2010,Eur J Med Chem,10.1016/j.ejmech.2009.11.045,19962795,Weak or non-quantitative,non-protein target (organism); censored value (>)
24723928,CHEMBL297453,CHEMBL5113828,B,Inhibition of Bcl-xL/Bid complex (unknown origin),IC50,=,590.0,nM,6.23,,0,CHEMBL3883285,Bcl-xL/BH3-interacting domain death agonist,PROTEIN-PROTEIN INTERACTION,Homo sapiens,9606,P55957;Q07817,CHEMBL5113375,2021,Eur J Med Chem,10.1016/j.ejmech.2020.113038,33333396,Potent in 1 publication,
18852387,CHEMBL297453,CHEMBL4306792,B,Inhibition of Enterobacter cloacae beta-lactamase incubated for 10 mins followed by nitrocefin substrate challenge and measured for 5 mins by spectrophotometric analysis,Inhibition,,,%,,,0,CHEMBL2725,Beta-lactamase,SINGLE PROTEIN,Enterobacter cloacae,550,P05364,CHEMBL4304766,2019,ACS Med Chem Lett,10.1021/acsmedchemlett.9b00093,31223449,Weak or non-quantitative,
8043499,CHEMBL297453,CHEMBL1953031,B,Inhibition of BACE1 using Rh-EVNLDAEFK-Quencher as substrate,IC50,=,1600.0,nM,5.8,,0,CHEMBL4822,Beta-secretase 1,SINGLE PROTEIN,Homo sapiens,9606,P56817,CHEMBL1949659,2012,Bioorg Med Chem Lett,10.1016/j.bmcl.2011.12.034,22225636,Weak or non-quantitative,
25076258,CHEMBL297453,CHEMBL5254629,B,Inhibition of human BACE-1,IC50,=,1600.0,nM,5.8,,1,CHEMBL4822,Beta-secretase 1,SINGLE PROTEIN,Homo sapiens,9606,P56817,CHEMBL5252548,2018,Eur J Med Chem,10.1016/j.ejmech.2018.05.004,29763806,Weak or non-quantitative,potential duplicate
8042524,CHEMBL297453,CHEMBL1954849,B,Inhibition of recombinant human BACE1 using Eu-CEVNLDAEFK-Qsy7 as substrate by HTRF assay,IC50,=,757.0,nM,6.12,,0,CHEMBL4822,Beta-secretase 1,SINGLE PROTEIN,Homo sapiens,9606,P56817,CHEMBL1949659,2012,Bioorg Med Chem Lett,10.1016/j.bmcl.2011.12.034,22225636,Potent in 1 publication,
8042486,CHEMBL297453,CHEMBL1955020,B,Inhibition of recombinant human BACE1 using Eu-CEVNLDAEFK-Qsy7 as substrate assessed as dose dependent reduction in relative fluorescence compound preincubated for 30 mins prior substrate addition measured after 6 to 7 hrs by HTRF assay,Inhibition,,,%,,,0,CHEMBL4822,Beta-secretase 1,SINGLE PROTEIN,Homo sapiens,9606,P56817,CHEMBL1949659,2012,Bioorg Med Chem Lett,10.1016/j.bmcl.2011.12.034,22225636,Weak or non-quantitative,
8042487,CHEMBL297453,CHEMBL1955021,B,Inhibition of recombinant human BACE1 using Eu-CEVNLDAEFK-Qsy7 as substrate assessed as time dependent reduction in relative fluorescence at 1 uM to 100 uM preincubated for 30 mins prior substrate addition by HTRF assay,Inhibition,,,%,,,0,CHEMBL4822,Beta-secretase 1,SINGLE PROTEIN,Homo sapiens,9606,P56817,CHEMBL1949659,2012,Bioorg Med Chem Lett,10.1016/j.bmcl.2011.12.034,22225636,Weak or non-quantitative,
8042488,CHEMBL297453,CHEMBL1955023,B,Dose-dependent inhibition of recombinant human BACE1 expressed in CHO cells co-transfected with human APP with Swedish mutation assessed as amyloid beta1-40 secretion by alphaLISA technique,Inhibition,,,%,,,0,CHEMBL4822,Beta-secretase 1,SINGLE PROTEIN,Homo sapiens,9606,P56817,CHEMBL1949659,2012,Bioorg Med Chem Lett,10.1016/j.bmcl.2011.12.034,22225636,Weak or non-quantitative,
8042503,CHEMBL297453,CHEMBL1955024,B,Inhibition of recombinant human BACE1 expressed in CHO cells co-transfected with human APP with Swedish mutation assessed as amyloid beta1-40 secretion at 1 nM by alphaLISA technique,Inhibition,=,-18.24,%,,Outside typical range,0,CHEMBL4822,Beta-secretase 1,SINGLE PROTEIN,Homo sapiens,9606,P56817,CHEMBL1949659,2012,Bioorg Med Chem Lett,10.1016/j.bmcl.2011.12.034,22225636,Weak or non-quantitative,ChEMBL validity: Outside typical range
8042504,CHEMBL297453,CHEMBL1953025,B,Inhibition of recombinant human BACE1 expressed in CHO cells co-transfected with human APP with Swedish mutation assessed as amyloid beta1-40 secretion at 0.01 uM by alphaLISA technique,Inhibition,=,-12.61,%,,Outside typical range,0,CHEMBL4822,Beta-secretase 1,SINGLE PROTEIN,Homo sapiens,9606,P56817,CHEMBL1949659,2012,Bioorg Med Chem Lett,10.1016/j.bmcl.2011.12.034,22225636,Weak or non-quantitative,ChEMBL validity: Outside typical range
8042505,CHEMBL297453,CHEMBL1953027,B,Inhibition of recombinant human BACE1 expressed in CHO cells co-transfected with human APP with Swedish mutation assessed as amyloid beta1-40 secretion at 1 uM by alphaLISA technique,Inhibition,=,-11.78,%,,Outside typical range,0,CHEMBL4822,Beta-secretase 1,SINGLE PROTEIN,Homo sapiens,9606,P56817,CHEMBL1949659,2012,Bioorg Med Chem Lett,10.1016/j.bmcl.2011.12.034,22225636,Weak or non-quantitative,ChEMBL validity: Outside typical range
8042513,CHEMBL297453,CHEMBL1953026,B,Inhibition of recombinant human BACE1 expressed in CHO cells co-transfected with human APP with Swedish mutation assessed as amyloid beta1-40 secretion at 0.1 uM by alphaLISA technique,Inhibition,=,-0.72,%,,,0,CHEMBL4822,Beta-secretase 1,SINGLE PROTEIN,Homo sapiens,9606,P56817,CHEMBL1949659,2012,Bioorg Med Chem Lett,10.1016/j.bmcl.2011.12.034,22225636,Weak or non-quantitative,
8042521,CHEMBL297453,CHEMBL1954848,B,Inhibition of recombinant human BACE1 expressed in CHO cells co-transfected with human APP with Swedish mutation assessed as amyloid beta1-40 secretion at 10 uM by alphaLISA technique,Inhibition,=,5.78,%,,,0,CHEMBL4822,Beta-secretase 1,SINGLE PROTEIN,Homo sapiens,9606,P56817,CHEMBL1949659,2012,Bioorg Med Chem Lett,10.1016/j.bmcl.2011.12.034,22225636,Weak or non-quantitative,
8042533,CHEMBL297453,CHEMBL1955016,B,Inhibition of recombinant human BACE1 using Eu-CEVNLDAEFK-Qsy7 as substrate assessed as reduction in relative fluorescence at 100 uM incubated with substrate for 6 hrs prior compound addition by HTRF assay,RFU,=,-6.56,,,,0,CHEMBL4822,Beta-secretase 1,SINGLE PROTEIN,Homo sapiens,9606,P56817,CHEMBL1949659,2012,Bioorg Med Chem Lett,10.1016/j.bmcl.2011.12.034,22225636,Weak or non-quantitative,
8042534,CHEMBL297453,CHEMBL1954850,B,Inhibition of recombinant human BACE1 using Eu-CEVNLDAEFK-Qsy7 as substrate assessed as reduction in relative fluorescence at 10 uM incubated with substrate for 6 hrs prior compound addition by HTRF assay,RFU,=,-6.19,,,,0,CHEMBL4822,Beta-secretase 1,SINGLE PROTEIN,Homo sapiens,9606,P56817,CHEMBL1949659,2012,Bioorg Med Chem Lett,10.1016/j.bmcl.2011.12.034,22225636,Weak or non-quantitative,
8042536,CHEMBL297453,CHEMBL1954852,B,Inhibition of recombinant human BACE1 using Eu-CEVNLDAEFK-Qsy7 as substrate assessed as reduction in relative fluorescence at 1 uM incubated with substrate for 6 hrs prior compound addition by HTRF assay,RFU,=,-5.27,,,,0,CHEMBL4822,Beta-secretase 1,SINGLE PROTEIN,Homo sapiens,9606,P56817,CHEMBL1949659,2012,Bioorg Med Chem Lett,10.1016/j.bmcl.2011.12.034,22225636,Weak or non-quantitative,
8042538,CHEMBL297453,CHEMBL1955006,B,Inhibition of recombinant human BACE1 using Eu-CEVNLDAEFK-Qsy7 as substrate assessed as reduction in relative fluorescence at 1 uM preincubated for 30 mins prior substrate addition measured after 6 hrs by HTRF assay,RFU,=,-2.41,,,,0,CHEMBL4822,Beta-secretase 1,SINGLE PROTEIN,Homo sapiens,9606,P56817,CHEMBL1949659,2012,Bioorg Med Chem Lett,10.1016/j.bmcl.2011.12.034,22225636,Weak or non-quantitative,
8042543,CHEMBL297453,CHEMBL1954997,B,Inhibition of recombinant human BACE1 using Eu-CEVNLDAEFK-Qsy7 as substrate assessed as reduction in relative fluorescence at 1 uM incubated with substrate for 7 hrs prior compound addition by HTRF assay,RFU,=,1.52,,,,0,CHEMBL4822,Beta-secretase 1,SINGLE PROTEIN,Homo sapiens,9606,P56817,CHEMBL1949659,2012,Bioorg Med Chem Lett,10.1016/j.bmcl.2011.12.034,22225636,Weak or non-quantitative,
8042555,CHEMBL297453,CHEMBL1955007,B,Inhibition of recombinant human BACE1 using Eu-CEVNLDAEFK-Qsy7 as substrate assessed as reduction in relative fluorescence at 1 uM preincubated for 30 mins prior substrate addition measured after 7 hrs by HTRF assay,RFU,=,20.75,,,,0,CHEMBL4822,Beta-secretase 1,SINGLE PROTEIN,Homo sapiens,9606,P56817,CHEMBL1949659,2012,Bioorg Med Chem Lett,10.1016/j.bmcl.2011.12.034,22225636,Weak or non-quantitative,
8042561,CHEMBL297453,CHEMBL1954851,B,Inhibition of recombinant human BACE1 using Eu-CEVNLDAEFK-Qsy7 as substrate assessed as reduction in relative fluorescence at 10 uM incubated with substrate for 7 hrs prior compound addition by HTRF assay,RFU,=,26.37,,,,0,CHEMBL4822,Beta-secretase 1,SINGLE PROTEIN,Homo sapiens,9606,P56817,CHEMBL1949659,2012,Bioorg Med Chem Lett,10.1016/j.bmcl.2011.12.034,22225636,Weak or non-quantitative,
8043478,CHEMBL297453,CHEMBL1955004,B,Inhibition of recombinant human BACE1 using Eu-CEVNLDAEFK-Qsy7 as substrate assessed as reduction in relative fluorescence at 10 uM preincubated for 30 mins prior substrate addition measured after 6 hrs by HTRF assay,RFU,=,85.78,,,,0,CHEMBL4822,Beta-secretase 1,SINGLE PROTEIN,Homo sapiens,9606,P56817,CHEMBL1949659,2012,Bioorg Med Chem Lett,10.1016/j.bmcl.2011.12.034,22225636,Weak or non-quantitative,
8043481,CHEMBL297453,CHEMBL1955017,B,Inhibition of recombinant human BACE1 using Eu-CEVNLDAEFK-Qsy7 as substrate assessed as reduction in relative fluorescence at 100 uM incubated with substrate for 7 hrs prior compound addition by HTRF assay,RFU,=,87.43,,,,0,CHEMBL4822,Beta-secretase 1,SINGLE PROTEIN,Homo sapiens,9606,P56817,CHEMBL1949659,2012,Bioorg Med Chem Lett,10.1016/j.bmcl.2011.12.034,22225636,Weak or non-quantitative,
8043482,CHEMBL297453,CHEMBL1955005,B,Inhibition of recombinant human BACE1 using Eu-CEVNLDAEFK-Qsy7 as substrate assessed as reduction in relative fluorescence at 10 uM preincubated for 30 mins prior substrate addition measured after 7 hrs by HTRF assay,RFU,=,88.78,,,,0,CHEMBL4822,Beta-secretase 1,SINGLE PROTEIN,Homo sapiens,9606,P56817,CHEMBL1949659,2012,Bioorg Med Chem Lett,10.1016/j.bmcl.2011.12.034,22225636,Weak or non-quantitative,
8043492,CHEMBL297453,CHEMBL1955014,B,Inhibition of recombinant human BACE1 using Eu-CEVNLDAEFK-Qsy7 as substrate assessed as reduction in relative fluorescence at 100 uM preincubated for 30 mins prior substrate addition measured after 6 hrs by HTRF assay,RFU,=,98.94,,,,0,CHEMBL4822,Beta-secretase 1,SINGLE PROTEIN,Homo sapiens,9606,P56817,CHEMBL1949659,2012,Bioorg Med Chem Lett,10.1016/j.bmcl.2011.12.034,22225636,Weak or non-quantitative,
8043493,CHEMBL297453,CHEMBL1955015,B,Inhibition of recombinant human BACE1 using Eu-CEVNLDAEFK-Qsy7 as substrate assessed as reduction in relative fluorescence at 100 uM preincubated for 30 mins prior substrate addition measured after 7 hrs by HTRF assay,RFU,=,99.28,,,,0,CHEMBL4822,Beta-secretase 1,SINGLE PROTEIN,Homo sapiens,9606,P56817,CHEMBL1949659,2012,Bioorg Med Chem Lett,10.1016/j.bmcl.2011.12.034,22225636,Weak or non-quantitative,
8043498,CHEMBL297453,CHEMBL1953030,B,Inhibition of recombinant human BACE1 using substrate conjugated with reporter EDANS and DABCYL at 0.03 mg/mL,Inhibition,=,38.0,%,,,0,CHEMBL4822,Beta-secretase 1,SINGLE PROTEIN,Homo sapiens,9606,P56817,CHEMBL1949659,2012,Bioorg Med Chem Lett,10.1016/j.bmcl.2011.12.034,22225636,Weak or non-quantitative,
14734395,CHEMBL297453,CHEMBL3293245,B,Inhibition of BACE1 in mouse N2A cells transfected with human APP Swedish mutant assessed as amyloid beta (1-42) production at 10 uM,Activity,=,57.23,%,,,0,CHEMBL4593,Beta-secretase 1,SINGLE PROTEIN,Mus musculus,10090,P56818,CHEMBL3286369,2014,Bioorg Med Chem Lett,10.1016/j.bmcl.2014.04.060,24835197,Weak or non-quantitative,
11000489,CHEMBL297453,CHEMBL2076242,F,TP_TRANSPORTER: increase in bodipy intracellular accumulation (Bodipy: 0.2 uM) in SK-E2 cells (expressing BSEP),IC50,=,214000.0,nM,,Outside typical range,0,CHEMBL6020,Bile salt export pump,SINGLE PROTEIN,Homo sapiens,9606,O95342,CHEMBL2074066,2003,Pharm Res,10.1023/a:1023278211849,12739759,Weak or non-quantitative,ChEMBL validity: Outside typical range
11001717,CHEMBL297453,CHEMBL2076226,F,TP_TRANSPORTER: increase in dihydrofluorescein intracellular accumulation (dihydrofluorescein: 1 uM) in SK-E2 cells (expressing BSEP),Activity,,,,,,0,CHEMBL6020,Bile salt export pump,SINGLE PROTEIN,Homo sapiens,9606,O95342,CHEMBL2074066,2003,Pharm Res,10.1023/a:1023278211849,12739759,Weak or non-quantitative,
5808748,CHEMBL297453,CHEMBL1738312,F,PUBCHEM_BIOASSAY: qHTS Assay for Inhibitors of BAZ2B. (Class of assay: confirmatory) [Related pubchem assays (depositor defined):AID504391],Potency,,8912.5,nM,,,0,CHEMBL1741220,Bromodomain adjacent to zinc finger domain protein 2B,SINGLE PROTEIN,Homo sapiens,9606,Q9UIF8,CHEMBL1201862,,,,,Weak or non-quantitative,
12698145,CHEMBL297453,CHEMBL2342362,F,Cytotoxicity against CHO cells expressing OATP1B1*1b after 48 hrs by fluorescence based CellTiter-Glo assay,IC50,=,7700.0,nM,5.11,,0,CHEMBL613853,CHO,CELL-LINE,Cricetulus griseus,10029,,CHEMBL2331369,2013,J Nat Prod,10.1021/np3007292,23327877,Weak or non-quantitative,non-protein target (cell-line)
12698138,CHEMBL297453,CHEMBL2342361,F,Cytotoxicity against CHO cells expressing OATP1B3 haplotype 1 after 48 hrs by fluorescence based CellTiter-Glo assay,IC50,=,3200.0,nM,5.5,,0,CHEMBL613853,CHO,CELL-LINE,Cricetulus griseus,10029,,CHEMBL2331369,2013,J Nat Prod,10.1021/np3007292,23327877,Weak or non-quantitative,non-protein target (cell-line)
8043500,CHEMBL297453,CHEMBL1953028,A,Cytotoxicity against CHO cells transfected with human BACE1 and human APP with Swedish mutation at 1 nM to 10 uM by MTT assay,Activity,,,,,,0,CHEMBL613853,CHO,CELL-LINE,Cricetulus griseus,10029,,CHEMBL1949659,2012,Bioorg Med Chem Lett,10.1016/j.bmcl.2011.12.034,22225636,Weak or non-quantitative,non-protein target (cell-line)
12698127,CHEMBL297453,CHEMBL2340739,F,Cell cycle arrest in CHO cells expressing OATP1B3 haplotype 1 assessed as accumulation at G0/G1 phase at 1 uM after 48 hrs using propidium iodide and FITC Annexin V staining by flow cytometry,Activity,,,,,,0,CHEMBL613853,CHO,CELL-LINE,Cricetulus griseus,10029,,CHEMBL2331369,2013,J Nat Prod,10.1021/np3007292,23327877,Weak or non-quantitative,non-protein target (cell-line)
12698128,CHEMBL297453,CHEMBL2340740,F,Induction of apoptosis in CHO cells expressing OATP1B3 haplotype 1 at 1 uM after 48 hrs using propidium iodide and FITC Annexin V staining by flow cytometry,Activity,=,9.0,%,,,0,CHEMBL613853,CHO,CELL-LINE,Cricetulus griseus,10029,,CHEMBL2331369,2013,J Nat Prod,10.1021/np3007292,23327877,Weak or non-quantitative,non-protein target (cell-line)
12698146,CHEMBL297453,CHEMBL2342363,F,Cytotoxicity against CHO cells expressing OATP1B3 haplotype 1 after 48 hrs by fluorescence based CellTiter-Glo assay relative to wild type CHO cells,FC,=,85.0,,,,0,CHEMBL613853,CHO,CELL-LINE,Cricetulus griseus,10029,,CHEMBL2331369,2013,J Nat Prod,10.1021/np3007292,23327877,Weak or non-quantitative,non-protein target (cell-line)
12698147,CHEMBL297453,CHEMBL2342364,F,Cytotoxicity against CHO cells expressing OATP1B1*1b after 48 hrs by fluorescence based CellTiter-Glo assay relative to wild type CHO cells,FC,=,35.0,,,,0,CHEMBL613853,CHO,CELL-LINE,Cricetulus griseus,10029,,CHEMBL2331369,2013,J Nat Prod,10.1021/np3007292,23327877,Weak or non-quantitative,non-protein target (cell-line)
12698154,CHEMBL297453,CHEMBL2342365,A,Cytotoxicity against wild type CHO cells after 48 hrs by fluorescence based CellTiter-Glo assay,IC50,=,271000.0,nM,,Outside typical range,0,CHEMBL613853,CHO,CELL-LINE,Cricetulus griseus,10029,,CHEMBL2331369,2013,J Nat Prod,10.1021/np3007292,23327877,Weak or non-quantitative,ChEMBL validity: Outside typical range; non-protein target (cell-line)
23298414,CHEMBL297453,CHEMBL4841524,B,Inhibition of COL1A1 promotor activity in human LX2 cells at 20 uM incubated for 24 hrs by luciferase reporter gene assay,Inhibition,=,19.19,%,,,0,CHEMBL4845624,COL1A1 promoter,NUCLEIC-ACID,Homo sapiens,9606,,CHEMBL4840344,2021,Bioorg Med Chem,10.1016/j.bmc.2021.116438,34610571,Weak or non-quantitative,non-protein target (nucleic-acid)
23298475,CHEMBL297453,CHEMBL4841525,B,Inhibition of COL1A1 promotor activity in human LX2 cells at 50 uM incubated for 24 hrs by luciferase reporter gene assay,Inhibition,=,32.25,%,,,0,CHEMBL4845624,COL1A1 promoter,NUCLEIC-ACID,Homo sapiens,9606,,CHEMBL4840344,2021,Bioorg Med Chem,10.1016/j.bmc.2021.116438,34610571,Weak or non-quantitative,non-protein target (nucleic-acid)
18484069,CHEMBL297453,CHEMBL4185538,F,Cytotoxicity against human COLO201 cells assessed as decrease in cell viability after 48 hrs by MTT assay,IC50,=,38000.0,nM,4.42,,0,CHEMBL4523567,COLO 201,CELL-LINE,Homo sapiens,9606,,CHEMBL4184147,2017,J Med Chem,10.1021/acs.jmedchem.6b01026,28654265,Weak or non-quantitative,non-protein target (cell-line)
18484048,CHEMBL297453,CHEMBL4185574,F,Cytotoxicity against human COLO201 cells assessed as cell viability at 6 uM after 48 hrs by MTT assay,Activity,=,100.0,%,,,0,CHEMBL4523567,COLO 201,CELL-LINE,Homo sapiens,9606,,CHEMBL4184147,2017,J Med Chem,10.1021/acs.jmedchem.6b01026,28654265,Weak or non-quantitative,non-protein target (cell-line)
16507847,CHEMBL297453,CHEMBL3778095,B,Inhibition of recombinant GST-tagged CBP (unknown origin) using histone H4 peptide substrate assessed as reduction in NADH formation by spectrophotometric analysis,IC50,=,50000.0,nM,4.3,,0,CHEMBL5747,CREB-binding protein,SINGLE PROTEIN,Homo sapiens,9606,Q92793,CHEMBL3774308,2016,J Med Chem,10.1021/acs.jmedchem.5b01502,26701186,Weak or non-quantitative,
19272231,CHEMBL297453,CHEMBL4407074,B,Inhibition of CBP (unknown origin),IC50,=,50000.0,nM,4.3,,1,CHEMBL5747,CREB-binding protein,SINGLE PROTEIN,Homo sapiens,9606,Q92793,CHEMBL4406797,2019,Eur J Med Chem,10.1016/j.ejmech.2019.05.078,31195169,Weak or non-quantitative,potential duplicate
2154825,CHEMBL297453,CHEMBL930265,F,Growth inhibition of human Caco-2 cells at 25 uM after 6 days,Activity,,,,,,0,CHEMBL614058,Caco-2,CELL-LINE,Homo sapiens,9606,,CHEMBL1142382,2008,J Med Chem,10.1021/jm701346h,18324763,Weak or non-quantitative,non-protein target (cell-line)
3198167,CHEMBL297453,CHEMBL1115808,F,Antifungal activity against Candida albicans ATCC 10231 after 24 to 72 hrs by NCCLS method,MIC,>,128.0,ug.mL-1,,,0,CHEMBL366,Candida albicans,ORGANISM,Candida albicans,5476,,CHEMBL1154814,2010,Eur J Med Chem,10.1016/j.ejmech.2009.11.045,19962795,Weak or non-quantitative,non-protein target (organism); censored value (>)
20161974,CHEMBL297453,CHEMBL4296189,F,"Antifungal activity against Candida albicans ATCC 90028 (CO-ADD:FG_001); MIC in YNB media using NBS plates, by OD630",Inhibition,=,3.47,%,,,0,CHEMBL366,Candida albicans,ORGANISM,Candida albicans,5476,,CHEMBL4513141,,,10.6019/CHEMBL4513141,,Weak or non-quantitative,non-protein target (organism)
3198174,CHEMBL297453,CHEMBL1115809,F,Antifungal activity against Candida tropicalis IFO 10241 after 24 to 72 hrs by NCCLS method,MIC,>,128.0,ug.mL-1,,,0,CHEMBL612870,Candida tropicalis,ORGANISM,Candida tropicalis,5482,,CHEMBL1154814,2010,Eur J Med Chem,10.1016/j.ejmech.2009.11.045,19962795,Weak or non-quantitative,non-protein target (organism); censored value (>)
18885933,CHEMBL297453,CHEMBL4313314,F,Antifungal activity against FLC-resistant Candida tropicalis,MIC,<=,1.0,ug.mL-1,,,0,CHEMBL612870,Candida tropicalis,ORGANISM,Candida tropicalis,5482,,CHEMBL4311957,2019,Bioorg Med Chem Lett,10.1016/j.bmcl.2019.07.048,31427220,Weak or non-quantitative,non-protein target (organism); censored value (<=)
18484125,CHEMBL297453,CHEMBL4185631,B,Displacement of [3H]-CP5594 from human recombinant CB1 receptor expressed in Chem1 cells after 90 mins by scintillation counting method,Ki,=,33600.0,nM,4.47,,0,CHEMBL218,Cannabinoid receptor 1,SINGLE PROTEIN,Homo sapiens,9606,P21554,CHEMBL4184147,2017,J Med Chem,10.1021/acs.jmedchem.6b01026,28654265,Weak or non-quantitative,
19371549,CHEMBL297453,CHEMBL4425000,B,Displacement of [3H]-CP55940 from CB1 receptor (unknown origin),Ki,=,33600.0,nM,4.47,,1,CHEMBL218,Cannabinoid receptor 1,SINGLE PROTEIN,Homo sapiens,9606,P21554,CHEMBL4422692,2019,J Nat Prod,10.1021/acs.jnatprod.8b00874,30816712,Weak or non-quantitative,potential duplicate
19371552,CHEMBL297453,CHEMBL4425001,B,Displacement of [3H]-CP55940 from CB2 receptor (unknown origin),Ki,=,42800.0,nM,4.37,,0,CHEMBL253,Cannabinoid receptor 2,SINGLE PROTEIN,Homo sapiens,9606,P34972,CHEMBL4422692,2019,J Nat Prod,10.1021/acs.jnatprod.8b00874,30816712,Weak or non-quantitative,
25064271,CHEMBL297453,CHEMBL5251364,B,Inhibition of recombinant human CK1epsilon expressed in Sf9 insect cells incubated for 60 mins in presence of ATP and [gamma33-P] ATP by radiometric scintillation counter analysis,IC50,=,365.0,nM,6.44,,0,CHEMBL4937,Casein kinase I isoform epsilon,SINGLE PROTEIN,Homo sapiens,9606,P49674,CHEMBL5247649,2023,J Med Chem,10.1021/acs.jmedchem.2c02068,36876904,Potent in 1 publication,
19209437,CHEMBL297453,CHEMBL4392931,B,Inhibition of ATPase activity of Escherichia coli GroEL expressed in Escherichia coliDH5alpha incubated for 60 mins using ATP by spectrometric analysis,IC50,>,250000.0,nM,,Outside typical range,0,CHEMBL4296299,Chaperonin GroEL,SINGLE PROTEIN,Escherichia coli (strain K12),83333,P0A6F5,CHEMBL4392822,2019,Bioorg Med Chem Lett,10.1016/j.bmcl.2019.02.028,30852084,Weak or non-quantitative,ChEMBL validity: Outside typical range; censored value (>)
18452558,CHEMBL297453,CHEMBL4178823,F,Antiviral activity against Chikungunya virus infected in HEK293T cells assessed as reduction in infectious virus particle production by luciferase reporter gene assay,EC50,=,6.54,ug.mL-1,,,0,CHEMBL4296563,Chikungunya virus,ORGANISM,Chikungunya virus,37124,,CHEMBL4177563,2017,Bioorg Med Chem,10.1016/j.bmc.2017.06.049,28689975,Weak or non-quantitative,non-protein target (organism)
12097382,CHEMBL297453,CHEMBL2166271,B,Inhibition of horse BChE at 2 mg/ml by Ellman's method,Inhibition,=,-4.27,%,,,0,CHEMBL5763,Cholinesterase,SINGLE PROTEIN,Equus caballus,9796,P81908,CHEMBL2163249,2012,Bioorg Med Chem,10.1016/j.bmc.2012.09.040,23062825,Weak or non-quantitative,
19964479,CHEMBL297453,CHEMBL4495586,F,Chymotrypsin inhibition percentage at 10 µM by FRET kind of response from peptide substrate,Inhibition,=,-0.5,%,,,0,CHEMBL4523987,Chymotrypsin,PROTEIN FAMILY,Homo sapiens,9606,P17538;P40313;Q6GPI1;Q99895,CHEMBL4495564,2020,,10.6019/CHEMBL4495564,,Weak or non-quantitative,
3198160,CHEMBL297453,CHEMBL1115807,F,Antifungal activity against Candida lusitaniae ATCC 42720 after 24 to 72 hrs by NCCLS method,MIC,>,128.0,ug.mL-1,,,0,CHEMBL612362,Clavispora lusitaniae,ORGANISM,Clavispora lusitaniae,36911,,CHEMBL1154814,2010,Eur J Med Chem,10.1016/j.ejmech.2009.11.045,19962795,Weak or non-quantitative,non-protein target (organism); censored value (>)
25705202,CHEMBL297453,CHEMBL5386295,B,Inhibition of COL1A1 (unknown origin) expressed in human LX2 cells at 20 micromol/L incubated for 48 hrs by Bright-Glo luciferase assay relative to control,Inhibition,=,27.57,%,,,0,CHEMBL3030,Collagen alpha-1(I) chain,SINGLE PROTEIN,Homo sapiens,9606,P02452,CHEMBL5385846,2023,Eur J Med Chem,10.1016/j.ejmech.2022.114886,36347091,Weak or non-quantitative,
25014731,CHEMBL297453,CHEMBL5237972,B,Inhibition of MMP13 (unknown origin) at 50 uM relative to control,Inhibition,=,30.0,%,,,0,CHEMBL280,Collagenase 3,SINGLE PROTEIN,Homo sapiens,9606,P45452,CHEMBL5236577,2022,J Med Chem,10.1021/acs.jmedchem.2c01177,36250680,Weak or non-quantitative,
20161975,CHEMBL297453,CHEMBL4296190,F,"Antifungal activity against Cryptococcus neoformans H99 ATCC 208821 (CO-ADD:FG_002); MIC in YNB media using NBS plates, by Resazurin OD(600-570)",Inhibition,=,-2.04,%,,,0,CHEMBL365,Cryptococcus neoformans,ORGANISM,Cryptococcus neoformans,5207,,CHEMBL4513141,,,10.6019/CHEMBL4513141,,Weak or non-quantitative,non-protein target (organism)
25064215,CHEMBL297453,CHEMBL5251363,B,Inhibition of recombinant human CDK5/p25 expressed in Sf9 insect cells incubated for 60 mins in presence of ATP and [gamma33-P] ATP by radiometric scintillation counter analysis,IC50,=,431.0,nM,6.37,,0,CHEMBL1907600,Cyclin-dependent kinase 5/CDK5 activator 1,PROTEIN COMPLEX,Homo sapiens,9606,Q00535;Q15078,CHEMBL5247649,2023,J Med Chem,10.1021/acs.jmedchem.2c02068,36876904,Potent in 1 publication,
22995008,CHEMBL297453,CHEMBL4775947,B,Inhibition of cytochrome c (unknown origin) assessed as reduction in cyt c-CL complex formation at 10 uM incubated for 15 mins in presence of cardiolipin by Trp-59 fluorescence assay relative to control,Inhibition,=,63.0,%,,,0,CHEMBL2189163,Cytochrome c,SINGLE PROTEIN,Homo sapiens,9606,P99999,CHEMBL4765494,2021,Bioorg Med Chem,10.1016/j.bmc.2021.116043,33530021,Weak or non-quantitative,
22995024,CHEMBL297453,CHEMBL4775948,B,Inhibition of cytochrome c (unknown origin) assessed as reduction in cyt c-CL peroxidase activity at 10 uM up to 20 mins in presence of cardiolipin by Amplex red staining based fluorescence assay relative to control,Inhibition,=,50.0,%,,,0,CHEMBL2189163,Cytochrome c,SINGLE PROTEIN,Homo sapiens,9606,P99999,CHEMBL4765494,2021,Bioorg Med Chem,10.1016/j.bmc.2021.116043,33530021,Weak or non-quantitative,
22995041,CHEMBL297453,CHEMBL4775949,B,Inhibition of cytochrome c (unknown origin) assessed as reduction reduction of cyt c from its ferric state to ferrous state at 10 uM incubated for 20 mins in presence of cardiolipin by UV-vis Spectrophotometric assay relative to control,Inhibition,=,62.0,%,,,0,CHEMBL2189163,Cytochrome c,SINGLE PROTEIN,Homo sapiens,9606,P99999,CHEMBL4765494,2021,Bioorg Med Chem,10.1016/j.bmc.2021.116043,33530021,Weak or non-quantitative,
22995060,CHEMBL297453,CHEMBL4775951,B,Inhibition of cytochrome c (unknown origin) assessed as half-time reaction,T1/2,=,0.02167,hr,,,0,CHEMBL2189163,Cytochrome c,SINGLE PROTEIN,Homo sapiens,9606,P99999,CHEMBL4765494,2021,Bioorg Med Chem,10.1016/j.bmc.2021.116043,33530021,Weak or non-quantitative,
15212255,CHEMBL297453,CHEMBL3418012,B,Inhibition of His6-tagged human recombinant DNMT1 expressed in insect Sf9 cells assessed as reduction in DNA methyltransferase activity using 5'-biotinylated 45-bp unmethylated or hemimethylated oligonucleotide substrates and [3H]-AdoMet by liquid scintillation counting method,IC50,=,500.0,nM,6.3,,0,CHEMBL1993,DNA (cytosine-5)-methyltransferase 1,SINGLE PROTEIN,Homo sapiens,9606,P26358,CHEMBL3414469,2015,J Med Chem,10.1021/jm500843d,25406944,Potent in 1 publication,
10982182,CHEMBL297453,CHEMBL2066853,B,Inhibition of DNMT1 in human HeLa cell nuclear extract assessed as methylated substrate level at 10 uM by ELISA,Inhibition,=,42.0,%,,,0,CHEMBL1993,DNA (cytosine-5)-methyltransferase 1,SINGLE PROTEIN,Homo sapiens,9606,P26358,CHEMBL2062450,2012,Eur J Med Chem,10.1016/j.ejmech.2012.07.024,22854677,Weak or non-quantitative,
5071226,CHEMBL297453,CHEMBL1614079,F,PUBCHEM_BIOASSAY: qHTS Assay for Inhibitors of DNA Polymerase Beta. (Class of assay: confirmatory) ,Potency,=,446.7,nM,6.35,,0,CHEMBL2392,DNA polymerase beta,SINGLE PROTEIN,Homo sapiens,9606,P06746,CHEMBL1201862,,,,,Potent in 1 publication,
14435329,CHEMBL297453,CHEMBL1614211,F,PubChem BioAssay. qHTS Assay for Inhibitors of the Human Apurinic/apyrimidinic Endonuclease 1 (APE1).   (Class of assay: confirmatory) ,Potency,,891.3,nM,,,0,CHEMBL5619,DNA repair nuclease/redox regulator APEX1,SINGLE PROTEIN,Homo sapiens,9606,P27695,CHEMBL1201862,,,,,Weak or non-quantitative,
19491449,CHEMBL297453,CHEMBL4482623,B,Inhibition of RAD52 (unknown origin) assessed as effect on RAD52-mediated annealing of complementary oligonucleotides using T-28 ssDNA substrate by FRET assay,IC50,=,6700.0,nM,5.17,,0,CHEMBL2362978,DNA repair protein RAD52 homolog,SINGLE PROTEIN,Homo sapiens,9606,P43351,CHEMBL4482312,2018,,,,Weak or non-quantitative,
19491458,CHEMBL297453,CHEMBL4482624,B,Inhibition of RAD52 (unknown origin) assessed as effect on RAD52-mediated annealing of complementary oligonucleotides using T-28 ssDNA substrate in presence of replication protein A by FRET assay,IC50,=,3700.0,nM,5.43,,0,CHEMBL2362978,DNA repair protein RAD52 homolog,SINGLE PROTEIN,Homo sapiens,9606,P43351,CHEMBL4482312,2018,,,,Weak or non-quantitative,
19491443,CHEMBL297453,CHEMBL4482622,B,Inhibition of RAD52 (unknown origin) assessed as reduction in RAD52-ssDNA interaction using Cy3-dT30-Cy5 ssDNA in presence of replication protein A by FRET assay,IC50,=,1600.0,nM,5.8,,0,CHEMBL2362978,DNA repair protein RAD52 homolog,SINGLE PROTEIN,Homo sapiens,9606,P43351,CHEMBL4482312,2018,,,,Weak or non-quantitative,
19491420,CHEMBL297453,CHEMBL4482621,B,Inhibition of RAD52 (unknown origin) assessed as reduction in RAD52-ssDNA interaction using Cy3-dT30-Cy5 ssDNA by FRET assay,IC50,=,277.0,nM,6.56,,0,CHEMBL2362978,DNA repair protein RAD52 homolog,SINGLE PROTEIN,Homo sapiens,9606,P43351,CHEMBL4482312,2018,,,,Potent in ≥2 publications,
22990744,CHEMBL297453,CHEMBL4775166,B,Inhibition of 6His-tagged human RD52 assessed as reduction in RD52 binding to Cy3-dT30-Cy5 ssDNA incubated for 30 mins by FRET assay,IC50,=,277.0,nM,6.56,,1,CHEMBL2362978,DNA repair protein RAD52 homolog,SINGLE PROTEIN,Homo sapiens,9606,P43351,CHEMBL4765462,2020,J Med Chem,10.1021/acs.jmedchem.0c00766,33135887,Potent in ≥2 publications,potential duplicate
19491460,CHEMBL297453,CHEMBL4482625,B,Effect on oligomeric ring of RAD52 (unknown origin) by dynamic light scattering assay,Activity,,,,,,0,CHEMBL2362978,DNA repair protein RAD52 homolog,SINGLE PROTEIN,Homo sapiens,9606,P43351,CHEMBL4482312,2018,,,,Weak or non-quantitative,
19491462,CHEMBL297453,CHEMBL4482626,B,Induction of protein aggregation of RAD52 (unknown origin) by dynamic light scattering assay,Activity,,,,,,0,CHEMBL2362978,DNA repair protein RAD52 homolog,SINGLE PROTEIN,Homo sapiens,9606,P43351,CHEMBL4482312,2018,,,,Weak or non-quantitative,
19491464,CHEMBL297453,CHEMBL4482627,B,Inhibition of RAD52 (unknown origin) assessed as reduction in RAD52-ssDNA interaction using Cy3-dT30-Cy5 ssDNA in presence of 0.01% Triton-X100 by FRET assay,Inhibition,,,%,,,0,CHEMBL2362978,DNA repair protein RAD52 homolog,SINGLE PROTEIN,Homo sapiens,9606,P43351,CHEMBL4482312,2018,,,,Weak or non-quantitative,
19491466,CHEMBL297453,CHEMBL4482629,B,Binding affinity to RAD52 (unknown origin) at 40 uM by water-logsy NMR method,Activity,,,,,,0,CHEMBL2362978,DNA repair protein RAD52 homolog,SINGLE PROTEIN,Homo sapiens,9606,P43351,CHEMBL4482312,2018,,,,Weak or non-quantitative,
19491474,CHEMBL297453,CHEMBL4482635,B,Inhibition of RAD52 in checkpoint deficient HU-treated in hTERT-immortalized wild-type human GM01604 fibroblasts assessed as decrease in MUS81/EME1/RAD52-dependent DSB formation by measuring mean tail moment in presence of UNC01 by neutral comet assay,Inhibition,,,%,,,0,CHEMBL2362978,DNA repair protein RAD52 homolog,SINGLE PROTEIN,Homo sapiens,9606,P43351,CHEMBL4482312,2018,,,,Weak or non-quantitative,
19491476,CHEMBL297453,CHEMBL4482636,B,Inhibition of RAD52 in checkpoint deficient HU-treated in hTERT-immortalized wild-type human GM01604 fibroblasts assessed as inhibiting RAD52-MUS81-dependent DSBs at stalled replication forks in presence of UNC01 by neutral comet assay,Inhibition,,,%,,,0,CHEMBL2362978,DNA repair protein RAD52 homolog,SINGLE PROTEIN,Homo sapiens,9606,P43351,CHEMBL4482312,2018,,,,Weak or non-quantitative,
19491478,CHEMBL297453,CHEMBL4482638,B,Inhibition of RAD52 in checkpoint deficient in hTERT-immortalized wild-type human GM01604 fibroblasts assessed as decrease in MUS81/EME1/RAD52-dependent DSB formation by measuring mean tail moment in presence of UNC01 in presence of RAD52 siRNA by neutral comet assay,Inhibition,,,%,,,0,CHEMBL2362978,DNA repair protein RAD52 homolog,SINGLE PROTEIN,Homo sapiens,9606,P43351,CHEMBL4482312,2018,,,,Weak or non-quantitative,
19491492,CHEMBL297453,CHEMBL4482637,B,Inhibition of RAD52 in checkpoint deficient HU-treated in hTERT-immortalized wild-type human GM01604 fibroblasts assessed as decrease in MUS81/EME1/RAD52-dependent DSB formation by measuring mean tail moment at 500 nM in presence of UNC01 by neutral comet assay,Inhibition,,,%,,,0,CHEMBL2362978,DNA repair protein RAD52 homolog,SINGLE PROTEIN,Homo sapiens,9606,P43351,CHEMBL4482312,2018,,,,Weak or non-quantitative,
12457527,CHEMBL297453,CHEMBL3056566,B,Inhibition of Saccharomyces cerevisiae DNA topoisomerase 2,IC50,=,3000000.0,nM,,Outside typical range,0,CHEMBL5290,DNA topoisomerase 2,SINGLE PROTEIN,Saccharomyces cerevisiae S288c,559292,P06786,CHEMBL3046684,2010,Med Chem Res,10.1007/s00044-009-9233-5,,Weak or non-quantitative,ChEMBL validity: Outside typical range
12482884,CHEMBL297453,CHEMBL3059397,F,Antioxidant activity in Homo sapiens (human) dermis cytosolic form assessed as inhibition of UV-induced nitric oxide production administered before UV induction at 48 hr by Griess assay,Inhibition,=,30.0,%,,,0,CHEMBL2367439,Dermis,TISSUE,Homo sapiens,9606,,CHEMBL3044535,2012,Med Chem Res,10.1007/s00044-011-9800-4,,Weak or non-quantitative,non-protein target (tissue)
12482886,CHEMBL297453,CHEMBL3059399,F,Antioxidant activity in Homo sapiens (human) dermis assessed as inhibition of UV-induced hydrogen peroxide production administered before UV induction at 48 hr by DHR assay,Inhibition,=,30.0,%,,,0,CHEMBL2367439,Dermis,TISSUE,Homo sapiens,9606,,CHEMBL3044535,2012,Med Chem Res,10.1007/s00044-011-9800-4,,Weak or non-quantitative,non-protein target (tissue)
25004788,CHEMBL297453,CHEMBL5234352,B,Inhibition of Mycobacterium tuberculosis DHFR,IC50,=,10910.0,nM,4.96,,0,CHEMBL6065,Dihydrofolate reductase,SINGLE PROTEIN,Mycobacterium tuberculosis,1773,P9WNX1,CHEMBL5233242,2020,Eur J Med Chem,10.1016/j.ejmech.2020.112268,32298876,Weak or non-quantitative,
2154831,CHEMBL297453,CHEMBL930269,B,Inhibition of human recombinant DHFR at 100 uM,Activity,=,0.92,uM,,,0,CHEMBL202,Dihydrofolate reductase,SINGLE PROTEIN,Homo sapiens,9606,P00374,CHEMBL1142382,2008,J Med Chem,10.1021/jm701346h,18324763,Weak or non-quantitative,
18662262,CHEMBL297453,CHEMBL4232373,B,Inhibition of DPP4 (unknown origin) using Gly-Pro-AMC as substrate preincubated for 4 secs followed by substrate addition and measured after 30 mins by luminescence assay,IC50,=,10210.0,nM,4.99,,0,CHEMBL284,Dipeptidyl peptidase 4,SINGLE PROTEIN,Homo sapiens,9606,P27487,CHEMBL4229387,2018,Eur J Med Chem,10.1016/j.ejmech.2018.03.041,29609120,Weak or non-quantitative,
25064327,CHEMBL297453,CHEMBL5251365,B,Inhibition of recombinant human CLK1 expressed in Sf9 insect cells incubated for 60 mins in presence of ATP and [gamma33-P] ATP by radiometric scintillation counter analysis,IC50,=,71.6,nM,7.14,,0,CHEMBL4224,Dual specificity protein kinase CLK1,SINGLE PROTEIN,Homo sapiens,9606,P49759,CHEMBL5247649,2023,J Med Chem,10.1021/acs.jmedchem.2c02068,36876904,Potent in 1 publication,
25065018,CHEMBL297453,CHEMBL5251378,B,Inhibition of recombinant human CLK1 expressed in Sf9 insect cells using myelin basic protein as substrate incubated for 110 mins in presence of ATP by non-radioactive ADP-Glo luminescence microplate reader assay,IC50,>,10000.0,nM,,,0,CHEMBL4224,Dual specificity protein kinase CLK1,SINGLE PROTEIN,Homo sapiens,9606,P49759,CHEMBL5247649,2023,J Med Chem,10.1021/acs.jmedchem.2c02068,36876904,Weak or non-quantitative,censored value (>)
25064383,CHEMBL297453,CHEMBL5251366,B,Inhibition of recombinant human CLK2 expressed in Sf9 insect cells incubated for 60 mins in presence of ATP and [gamma33-P] ATP by radiometric scintillation counter analysis,IC50,=,1317.0,nM,5.88,,0,CHEMBL4225,Dual specificity protein kinase CLK2,SINGLE PROTEIN,Homo sapiens,9606,P49760,CHEMBL5247649,2023,J Med Chem,10.1021/acs.jmedchem.2c02068,36876904,Weak or non-quantitative,
25064439,CHEMBL297453,CHEMBL5251367,B,Inhibition of recombinant human CLK3 expressed in Sf9 insect cells incubated for 60 mins in presence of ATP and [gamma33-P] ATP by radiometric scintillation counter analysis,IC50,=,2577.0,nM,5.59,,0,CHEMBL4226,Dual specificity protein kinase CLK3,SINGLE PROTEIN,Homo sapiens,9606,P49761,CHEMBL5247649,2023,J Med Chem,10.1021/acs.jmedchem.2c02068,36876904,Weak or non-quantitative,
25064495,CHEMBL297453,CHEMBL5251368,B,Inhibition of recombinant human CLK4 expressed in Sf9 insect cells incubated for 60 mins in presence of ATP and [gamma33-P] ATP by radiometric scintillation counter analysis,IC50,=,367.7,nM,6.43,,0,CHEMBL4203,Dual specificity protein kinase CLK4,SINGLE PROTEIN,Homo sapiens,9606,Q9HAZ1,CHEMBL5247649,2023,J Med Chem,10.1021/acs.jmedchem.2c02068,36876904,Potent in 1 publication,
7985827,CHEMBL297453,CHEMBL1937068,B,Inhibition of GST-tagged human DYRK1A using dephosphorylated MBP as substrate after 10 mins by Kinase-Glo plus luminescent kinase assay,IC50,=,13440.0,nM,4.87,,0,CHEMBL2292,Dual specificity tyrosine-phosphorylation-regulated kinase 1A,SINGLE PROTEIN,Homo sapiens,9606,Q13627,CHEMBL1932955,2012,Bioorg Med Chem Lett,10.1016/j.bmcl.2011.11.043,22154664,Weak or non-quantitative,
25065053,CHEMBL297453,CHEMBL5251379,B,Inhibition of recombinant human DYRK1A expressed in Escherichia coli using DYRKtide peptide as substrate incubated for 110 mins in presence of ATP by non-radioactive ADP-Glo luminescence microplate reader assay,IC50,=,765.6,nM,6.12,,0,CHEMBL2292,Dual specificity tyrosine-phosphorylation-regulated kinase 1A,SINGLE PROTEIN,Homo sapiens,9606,Q13627,CHEMBL5247649,2023,J Med Chem,10.1021/acs.jmedchem.2c02068,36876904,Potent in ≥2 publications,
25064551,CHEMBL297453,CHEMBL5251369,B,Inhibition of recombinant human DYRK1A expressed in Sf9 insect cells incubated for 60 mins in presence of ATP and [gamma33-P] ATP by radiometric scintillation counter analysis,IC50,=,490.7,nM,6.31,,0,CHEMBL2292,Dual specificity tyrosine-phosphorylation-regulated kinase 1A,SINGLE PROTEIN,Homo sapiens,9606,Q13627,CHEMBL5247649,2023,J Med Chem,10.1021/acs.jmedchem.2c02068,36876904,Potent in ≥2 publications,
13881655,CHEMBL297453,CHEMBL3105980,B,Inhibition of human GST-fused DYRK1A expressed in Escherichia coli using KISGRLSPIMTEQ as substrate,IC50,=,330.0,nM,6.48,,0,CHEMBL2292,Dual specificity tyrosine-phosphorylation-regulated kinase 1A,SINGLE PROTEIN,Homo sapiens,9606,Q13627,CHEMBL3102826,2013,J Med Chem,10.1021/jm401049v,24188002,Potent in ≥2 publications,
15654983,CHEMBL297453,CHEMBL3599535,B,Inhibition of rat Dyrk1A using Woodtide as substrate after 40 mins by P81 membrane assay in presence of [33P]-g-ATP,IC50,=,330.0,nM,6.48,,0,CHEMBL5508,Dual specificity tyrosine-phosphorylation-regulated kinase 1A,SINGLE PROTEIN,Rattus norvegicus,10116,Q63470,CHEMBL3596148,2015,Bioorg Med Chem Lett,10.1016/j.bmcl.2015.05.034,26048785,Potent in 1 publication,
18762088,CHEMBL297453,CHEMBL4266644,B,Inhibition of human recombinant GST-tagged DYRK1A expressed in Escherichia coli using KKISGRLSPIMTEQ as substrate after 40 mins in presence of [gamma33P-ATP],IC50,=,330.0,nM,6.48,,1,CHEMBL2292,Dual specificity tyrosine-phosphorylation-regulated kinase 1A,SINGLE PROTEIN,Homo sapiens,9606,Q13627,CHEMBL4265878,2018,J Med Chem,10.1021/acs.jmedchem.8b00185,29985601,Potent in ≥2 publications,potential duplicate
24691636,CHEMBL297453,CHEMBL5105892,B,Inhibition of DYRK1A (unknown origin),IC50,=,330.0,nM,6.48,,1,CHEMBL2292,Dual specificity tyrosine-phosphorylation-regulated kinase 1A,SINGLE PROTEIN,Homo sapiens,9606,Q13627,CHEMBL5104139,2022,Bioorg Med Chem,10.1016/j.bmc.2022.116921,35863237,Potent in ≥2 publications,potential duplicate
25076354,CHEMBL297453,CHEMBL5254664,B,Inhibition of DYRK1A (unknown origin),IC50,=,330.0,nM,6.48,,1,CHEMBL2292,Dual specificity tyrosine-phosphorylation-regulated kinase 1A,SINGLE PROTEIN,Homo sapiens,9606,Q13627,CHEMBL5252550,2018,Eur J Med Chem,10.1016/j.ejmech.2018.08.093,30243157,Potent in ≥2 publications,potential duplicate
25892120,CHEMBL297453,CHEMBL5519762,B,Inhibition of human DYRK1A using KKISGRLSPIMTEQ as substrate incubated for 40 mins in presence of [gamma-33P]-ATP by radioactivity based assay,IC50,=,330.0,nM,6.48,,1,CHEMBL2292,Dual specificity tyrosine-phosphorylation-regulated kinase 1A,SINGLE PROTEIN,Homo sapiens,9606,Q13627,CHEMBL5518187,2024,Eur J Med Chem,10.1016/j.ejmech.2023.116098,38171148,Potent in ≥2 publications,potential duplicate
24846230,CHEMBL297453,CHEMBL5146812,B,Inhibition of DYRK1A (unknown origin) using HT-497 as substrate preincubated with compound followed by substrate addition and measured after 30 mins in the presence of ATP by ELISA analysis,IC50,=,232.0,nM,6.63,,0,CHEMBL2292,Dual specificity tyrosine-phosphorylation-regulated kinase 1A,SINGLE PROTEIN,Homo sapiens,9606,Q13627,CHEMBL5143627,2022,Bioorg Med Chem Lett,10.1016/j.bmcl.2022.128675,35292341,Potent in ≥2 publications,
25892130,CHEMBL297453,CHEMBL5519765,B,Inhibition of DYRK1A (unknown origin) using KISGRLSPIMTEQ as substrate incubated for 30 mins in presence of ATP by UFLC-based fluorimetric analysis,IC50,=,200.0,nM,6.7,,0,CHEMBL2292,Dual specificity tyrosine-phosphorylation-regulated kinase 1A,SINGLE PROTEIN,Homo sapiens,9606,Q13627,CHEMBL5518187,2024,Eur J Med Chem,10.1016/j.ejmech.2023.116098,38171148,Potent in ≥2 publications,
7985833,CHEMBL297453,CHEMBL1937069,B,Inhibition of GST-tagged human DYRK1A using dephosphorylated MBP as substrate at 10 uM after 10 mins by Kinase-Glo plus luminescent kinase assay,Inhibition,=,47.6,%,,,0,CHEMBL2292,Dual specificity tyrosine-phosphorylation-regulated kinase 1A,SINGLE PROTEIN,Homo sapiens,9606,Q13627,CHEMBL1932955,2012,Bioorg Med Chem Lett,10.1016/j.bmcl.2011.11.043,22154664,Weak or non-quantitative,
7985837,CHEMBL297453,CHEMBL1937071,B,Inhibition of DYRK1A in human 293T cells assessed as reduction of GLI1 transcription activity at 50 uM after 12 hrs by dual-luciferase reporter gene assay,Inhibition,,,%,,,0,CHEMBL2292,Dual specificity tyrosine-phosphorylation-regulated kinase 1A,SINGLE PROTEIN,Homo sapiens,9606,Q13627,CHEMBL1932955,2012,Bioorg Med Chem Lett,10.1016/j.bmcl.2011.11.043,22154664,Weak or non-quantitative,
7985840,CHEMBL297453,CHEMBL1937072,B,Inhibition of DYRK1A in human 293T cells assessed as reduction of GLI1 transcription activity after 12 hrs by dual-luciferase reporter gene assay,Inhibition,,,%,,,0,CHEMBL2292,Dual specificity tyrosine-phosphorylation-regulated kinase 1A,SINGLE PROTEIN,Homo sapiens,9606,Q13627,CHEMBL1932955,2012,Bioorg Med Chem Lett,10.1016/j.bmcl.2011.11.043,22154664,Weak or non-quantitative,
25064607,CHEMBL297453,CHEMBL5251370,B,Inhibition of recombinant human DYRK1B expressed in Sf9 insect cells incubated for 60 mins in presence of ATP and [gamma33-P] ATP by radiometric scintillation counter analysis,IC50,=,713.6,nM,6.15,,0,CHEMBL5543,Dual specificity tyrosine-phosphorylation-regulated kinase 1B,SINGLE PROTEIN,Homo sapiens,9606,Q9Y463,CHEMBL5247649,2023,J Med Chem,10.1021/acs.jmedchem.2c02068,36876904,Potent in 1 publication,
25065088,CHEMBL297453,CHEMBL5251380,B,Inhibition of recombinant human DYRK1B expressed in Sf9 insect cells using DYRKtide peptide as substrate incubated for 110 mins in presence of ATP by non-radioactive ADP-Glo luminescence microplate reader assay,IC50,>,10000.0,nM,,,0,CHEMBL5543,Dual specificity tyrosine-phosphorylation-regulated kinase 1B,SINGLE PROTEIN,Homo sapiens,9606,Q9Y463,CHEMBL5247649,2023,J Med Chem,10.1021/acs.jmedchem.2c02068,36876904,Weak or non-quantitative,censored value (>)
25064663,CHEMBL297453,CHEMBL5251371,B,Inhibition of recombinant human DYRK2 expressed in Sf9 insect cells incubated for 60 mins in presence of ATP and [gamma33-P] ATP by radiometric scintillation counter analysis,IC50,=,2004.0,nM,5.7,,0,CHEMBL4376,Dual specificity tyrosine-phosphorylation-regulated kinase 2,SINGLE PROTEIN,Homo sapiens,9606,Q92630,CHEMBL5247649,2023,J Med Chem,10.1021/acs.jmedchem.2c02068,36876904,Weak or non-quantitative,
25064719,CHEMBL297453,CHEMBL5251372,B,Inhibition of recombinant human DYRK3 expressed in Sf9 insect cells incubated for 60 mins in presence of ATP and [gamma33-P] ATP by radiometric scintillation counter analysis,IC50,=,1625.0,nM,5.79,,0,CHEMBL4575,Dual specificity tyrosine-phosphorylation-regulated kinase 3,SINGLE PROTEIN,Homo sapiens,9606,O43781,CHEMBL5247649,2023,J Med Chem,10.1021/acs.jmedchem.2c02068,36876904,Weak or non-quantitative,
25064775,CHEMBL297453,CHEMBL5251373,B,Inhibition of recombinant human DYRK4 expressed in Sf9 insect cells incubated for 60 mins in presence of ATP and [gamma33-P] ATP by radiometric scintillation counter analysis,IC50,=,5200.0,nM,5.28,,0,CHEMBL1075115,Dual specificity tyrosine-phosphorylation-regulated kinase 4,SINGLE PROTEIN,Homo sapiens,9606,Q9NR20,CHEMBL5247649,2023,J Med Chem,10.1021/acs.jmedchem.2c02068,36876904,Weak or non-quantitative,
22475799,CHEMBL297453,CHEMBL4686292,B,Binding affinity to human GRP78 at 1 uM measured after 30 mins by UF-ASMS analysis relative to control,RBA,=,271.0,%,,,0,CHEMBL1781865,Endoplasmic reticulum chaperone BiP,SINGLE PROTEIN,Homo sapiens,9606,P11021,CHEMBL4680232,2020,Eur J Med Chem,10.1016/j.ejmech.2020.112228,32199134,Weak or non-quantitative,
1816186,CHEMBL297453,CHEMBL910786,B,Inhibition of Escherichia coli ENR,IC50,=,15000.0,nM,4.82,,0,CHEMBL1857,Enoyl-[acyl-carrier-protein] reductase [NADH] FabI,SINGLE PROTEIN,Escherichia coli K-12,83333,P0AEK4,CHEMBL1141392,2007,J Med Chem,10.1021/jm061154d,17263522,Weak or non-quantitative,
22433246,CHEMBL297453,CHEMBL4677026,B,Inhibition of Escherichia coli FabI using trans-2-octanoyl-N-acetylcysteamine as substrate by spectrophotometry,IC50,=,5000.0,nM,5.3,,0,CHEMBL1857,Enoyl-[acyl-carrier-protein] reductase [NADH] FabI,SINGLE PROTEIN,Escherichia coli K-12,83333,P0AEK4,CHEMBL4673265,2020,Bioorg Med Chem Lett,10.1016/j.bmcl.2020.127651,33130290,Weak or non-quantitative,
1816185,CHEMBL297453,CHEMBL910785,B,Inhibition of Plasmodium falciparum ENR,IC50,=,250.0,nM,6.6,,0,CHEMBL4150,Enoyl-acyl-carrier protein reductase,SINGLE PROTEIN,Plasmodium falciparum,5833,Q965D5,CHEMBL1141392,2007,J Med Chem,10.1021/jm061154d,17263522,Potent in ≥2 publications,
1719587,CHEMBL297453,CHEMBL859170,B,Inhibition of FabI,IC50,=,200.0,nM,6.7,,0,CHEMBL4150,Enoyl-acyl-carrier protein reductase,SINGLE PROTEIN,Plasmodium falciparum,5833,Q965D5,CHEMBL1148505,2006,J Med Chem,10.1021/jm0600545,16722653,Potent in ≥2 publications,
1816194,CHEMBL297453,CHEMBL910787,B,Inhibition of Plasmodium falciparum ENR using NADH substrate,Ki,=,186.0,nM,6.73,,0,CHEMBL4150,Enoyl-acyl-carrier protein reductase,SINGLE PROTEIN,Plasmodium falciparum,5833,Q965D5,CHEMBL1141392,2007,J Med Chem,10.1021/jm061154d,17263522,Potent in ≥2 publications,
1816196,CHEMBL297453,CHEMBL910788,B,Inhibition of Plasmodium falciparum ENR using crotonyl-CoA substrate,Ki,=,79.0,nM,7.1,,0,CHEMBL4150,Enoyl-acyl-carrier protein reductase,SINGLE PROTEIN,Plasmodium falciparum,5833,Q965D5,CHEMBL1141392,2007,J Med Chem,10.1021/jm061154d,17263522,Potent in ≥2 publications,
1816197,CHEMBL297453,CHEMBL910789,B,Inhibition of Plasmodium falciparum ENR in presence of triclosan,Ki,=,8.0,nM,8.1,,0,CHEMBL4150,Enoyl-acyl-carrier protein reductase,SINGLE PROTEIN,Plasmodium falciparum,5833,Q965D5,CHEMBL1141392,2007,J Med Chem,10.1021/jm061154d,17263522,Potent in ≥2 publications,
3196816,CHEMBL297453,CHEMBL1115797,F,Antibacterial activity against Enterococcus faecalis ATCC 29212 after 24 hrs by NCCLS method,MIC,>,128.0,ug.mL-1,,,0,CHEMBL362,Enterococcus faecalis,ORGANISM,Enterococcus faecalis,1351,,CHEMBL1154814,2010,Eur J Med Chem,10.1016/j.ejmech.2009.11.045,19962795,Weak or non-quantitative,non-protein target (organism); censored value (>)
12482883,CHEMBL297453,CHEMBL3059396,F,Antioxidant activity in Homo sapiens (human) epidermal microsomal fractions assessed as inhibition of UV-induced lipid peroxidation measured at 6 to 48 hr,Inhibition,=,41.0,%,,,0,CHEMBL2367438,Epidermal microsome,TISSUE,Homo sapiens,9606,,CHEMBL3044535,2012,Med Chem Res,10.1007/s00044-011-9800-4,,Weak or non-quantitative,non-protein target (tissue)
2054501,CHEMBL297453,CHEMBL924940,F,Antibacterial activity against Escherichia coli,MIC,=,10000.0,nM,,,0,CHEMBL354,Escherichia coli,ORGANISM,Escherichia coli,562,,CHEMBL1140606,2007,J Med Chem,10.1021/jm060817o,17228868,Weak or non-quantitative,non-protein target (organism)
3196896,CHEMBL297453,CHEMBL1115802,F,Antibacterial activity against Escherichia coli ATCC 25922 after 24 hrs by NCCLS method,MIC,>,128.0,ug.mL-1,,,0,CHEMBL354,Escherichia coli,ORGANISM,Escherichia coli,562,,CHEMBL1154814,2010,Eur J Med Chem,10.1016/j.ejmech.2009.11.045,19962795,Weak or non-quantitative,non-protein target (organism); censored value (>)
3196912,CHEMBL297453,CHEMBL1115803,F,Antibacterial activity against Escherichia coli ATCC 10536 after 24 hrs by NCCLS method,MIC,>,128.0,ug.mL-1,,,0,CHEMBL354,Escherichia coli,ORGANISM,Escherichia coli,562,,CHEMBL1154814,2010,Eur J Med Chem,10.1016/j.ejmech.2009.11.045,19962795,Weak or non-quantitative,non-protein target (organism); censored value (>)
20161976,CHEMBL297453,CHEMBL4296185,F,"Antibacterial activity against Escherichia coli ATCC 25922 (CO-ADD:GN_001); MIC in CAMBH media using NBS plates, by OD(600)",Inhibition,=,5.85,%,,,0,CHEMBL354,Escherichia coli,ORGANISM,Escherichia coli,562,,CHEMBL4513141,,,10.6019/CHEMBL4513141,,Weak or non-quantitative,non-protein target (organism)
12079775,CHEMBL297453,CHEMBL2169238,B,Inhibition of chicken liver FASN ketoreductase activity,IC50,=,100000.0,nM,4.0,,0,CHEMBL1795136,Fatty acid synthase,SINGLE PROTEIN,Gallus gallus,9031,P12276,CHEMBL2163275,2011,J Med Chem,10.1021/jm2005805,21726077,Weak or non-quantitative,
3504201,CHEMBL297453,CHEMBL1260142,B,Inhibition of FAS,IC50,=,51970.0,nM,4.28,,0,CHEMBL4158,Fatty acid synthase,SINGLE PROTEIN,Homo sapiens,9606,P49327,CHEMBL1255179,2010,Bioorg Med Chem Lett,10.1016/j.bmcl.2010.08.061,20817450,Weak or non-quantitative,
12079780,CHEMBL297453,CHEMBL2169047,B,Inhibition of chicken liver FASN,IC50,=,52000.0,nM,4.28,,0,CHEMBL1795136,Fatty acid synthase,SINGLE PROTEIN,Gallus gallus,9031,P12276,CHEMBL2163275,2011,J Med Chem,10.1021/jm2005805,21726077,Weak or non-quantitative,
19278459,CHEMBL297453,CHEMBL4408499,B,"Inhibition of chicken liver FASN using acetyl-CoA, malonyl-CoA and NADPH as substrate by spectrophotometer analysis",IC50,=,52000.0,nM,4.28,,1,CHEMBL1795136,Fatty acid synthase,SINGLE PROTEIN,Gallus gallus,9031,P12276,CHEMBL4406830,2019,Eur J Med Chem,10.1016/j.ejmech.2019.111597,31422225,Weak or non-quantitative,potential duplicate
1719586,CHEMBL297453,CHEMBL859169,B,Inhibition of FabZ,IC50,=,400.0,nM,6.4,,0,CHEMBL4512,Fatty acid synthase,SINGLE PROTEIN,Plasmodium falciparum,5833,Q965D7,CHEMBL1148505,2006,J Med Chem,10.1021/jm0600545,16722653,Potent in ≥2 publications,
13439028,CHEMBL297453,CHEMBL2427113,B,Inhibition of recombinant Plasmodium falciparum FabZ using crotonoyl-CoA as substrate after 10 mins,IC50,=,30.0,nM,7.52,,0,CHEMBL4512,Fatty acid synthase,SINGLE PROTEIN,Plasmodium falciparum,5833,Q965D7,CHEMBL2424603,2013,J Med Chem,10.1021/jm400637m,24063369,Potent in ≥2 publications,
3522419,CHEMBL297453,CHEMBL1273005,B,Inhibition of Plasmodium falciparum FabZ by spectrophotometric analysis,IC50,=,0.03,ug.mL-1,,,0,CHEMBL4512,Fatty acid synthase,SINGLE PROTEIN,Plasmodium falciparum,5833,Q965D7,CHEMBL1268887,2010,Bioorg Med Chem,10.1016/j.bmc.2010.08.055,20855214,Weak or non-quantitative,
19278364,CHEMBL297453,CHEMBL4408455,B,Inhibition of full length human FASN transfected in HeLa cell lysates at 10 uM using acetyl Co-A/malonyl Co-A as substrate preincubated with enzyme for 2 hrs followed by substrate addition measured after 10 mins in presence of NADPH by microplate reader analysis,Inhibition,,,%,,,0,CHEMBL4158,Fatty acid synthase,SINGLE PROTEIN,Homo sapiens,9606,P49327,CHEMBL4406830,2019,Eur J Med Chem,10.1016/j.ejmech.2019.111597,31422225,Weak or non-quantitative,
19278381,CHEMBL297453,CHEMBL4408463,B,Inhibition of FASN in human PC9 cells harboring FASN expression and EGFR delE746-A750 mutant assessed as disruption of AKT/FASN positive feedback loop by measuring decrease in FASN expression at 100 uM after 48 hrs by Western immunoblot based densitometric assay relative to control,Ratio,=,0.06,,,,0,CHEMBL4158,Fatty acid synthase,SINGLE PROTEIN,Homo sapiens,9606,P49327,CHEMBL4406830,2019,Eur J Med Chem,10.1016/j.ejmech.2019.111597,31422225,Weak or non-quantitative,
19278421,CHEMBL297453,CHEMBL4408486,B,Inhibition of FASN in human PC9 cells harboring FASN expression and EGFR delE746-A750 mutant assessed as disruption of AKT/FASN positive feedback loop by measuring FASN expression at 100 uM after 48 hrs in presence of exogenous lipid concentrate by Western immunoblot based densitometric assay relative to control,Ratio,=,0.89,,,,0,CHEMBL4158,Fatty acid synthase,SINGLE PROTEIN,Homo sapiens,9606,P49327,CHEMBL4406830,2019,Eur J Med Chem,10.1016/j.ejmech.2019.111597,31422225,Weak or non-quantitative,
19278428,CHEMBL297453,CHEMBL4408490,B,Inhibition of FASN in human PC9 cells harboring FASN expression and EGFR delE746-A750 mutant assessed as disruption of AKT/FASN positive feedback loop by measuring decrease in ratio of phosphoAKT/AKT expression at 100 uM after 48 hrs by Western immunoblot based densitometric assay relative to control,Ratio,=,0.14,,,,0,CHEMBL4158,Fatty acid synthase,SINGLE PROTEIN,Homo sapiens,9606,P49327,CHEMBL4406830,2019,Eur J Med Chem,10.1016/j.ejmech.2019.111597,31422225,Weak or non-quantitative,
19278429,CHEMBL297453,CHEMBL4408491,B,Inhibition of FASN in human PC9 cells harboring FASN expression and EGFR delE746-A750 mutant assessed as disruption of AKT/FASN positive feedback loop by measuring ratio of phosphoAKT/AKT expression at 100 uM after 48 hrs in presence of exogenous lipid concentrate by Western immunoblot based densitometric assay relative to control,Ratio,=,0.67,,,,0,CHEMBL4158,Fatty acid synthase,SINGLE PROTEIN,Homo sapiens,9606,P49327,CHEMBL4406830,2019,Eur J Med Chem,10.1016/j.ejmech.2019.111597,31422225,Weak or non-quantitative,
19278460,CHEMBL297453,CHEMBL4408500,B,Inhibition of full length human FASN transfected in HeLa cell lysates at 150 uM using acetyl Co-A/malonyl Co-A as substrate preincubated with enzyme for 2 hrs followed by substrate addition measured after 10 mins in presence of NADPH by microplate reader analysis,Inhibition,,,%,,,0,CHEMBL4158,Fatty acid synthase,SINGLE PROTEIN,Homo sapiens,9606,P49327,CHEMBL4406830,2019,Eur J Med Chem,10.1016/j.ejmech.2019.111597,31422225,Weak or non-quantitative,
4605735,CHEMBL297453,CHEMBL1614275,F,"PUBCHEM_BIOASSAY: qHTS Assay for Inhibitors of Fructose-1,6-bisphosphate Aldolase from Giardia Lamblia. (Class of assay: confirmatory) [Related pubchem assays: 2472, 2464 ]",Potency,=,14091.9,nM,4.85,,0,CHEMBL1293234,Fructose-bisphosphate aldolase,SINGLE PROTEIN,Giardia intestinalis,5741,A8B2U2,CHEMBL1201862,,,,,Weak or non-quantitative,
2144799,CHEMBL297453,CHEMBL921928,B,Inhibition of yeast G6PD,IC50,=,250.0,nM,6.6,,0,CHEMBL1075249,Glucose-6-phosphate 1-dehydrogenase,SINGLE PROTEIN,Saccharomyces cerevisiae S288c,559292,P11412,CHEMBL1143070,2008,Bioorg Med Chem,10.1016/j.bmc.2008.02.030,18313308,Potent in 1 publication,
25064831,CHEMBL297453,CHEMBL5251374,B,Inhibition of recombinant human GSK-3beta expressed in Sf9 insect cells incubated for 60 mins in presence of ATP and [gamma33-P] ATP by radiometric scintillation counter analysis,IC50,=,6269.0,nM,5.2,,0,CHEMBL262,Glycogen synthase kinase-3 beta,SINGLE PROTEIN,Homo sapiens,9606,P49841,CHEMBL5247649,2023,J Med Chem,10.1021/acs.jmedchem.2c02068,36876904,Weak or non-quantitative,
19209263,CHEMBL297453,CHEMBL4392934,B,Inhibition of Escherichia coli GroEL expressed in Escherichia coli DH5alpha/Escherichia coli GroES expressed in Escherichia coli BL21 (DE3) assessed as reduction in GroEL/GroES-mediated denatured rhodanese refolding by measuring rhodanese enzyme activity after 45 mins by Fe(SCN)3 dye based spectrometric analysis,IC50,=,580.0,nM,6.24,,0,CHEMBL4106139,GroEL/GroES,PROTEIN COMPLEX,Escherichia coli,562,Q548M1;Q7BGE6,CHEMBL4392822,2019,Bioorg Med Chem Lett,10.1016/j.bmcl.2019.02.028,30852084,Potent in 1 publication,
19209321,CHEMBL297453,CHEMBL4392935,B,Inhibition of Escherichia coli GroEL expressed in Escherichia coliDH5alpha/Escherichia coli GroES expressed in Escherichia coli BL21 (DE3) assessed as reduction in GroEL/GroES-mediated denatured soluble pig heart MDH refolding by measuring MDH enzyme activity using sodium mesoxalate as substrate after 20 to 40 mins by malachite green dye based spectrometric analysis,IC50,=,360.0,nM,6.44,,0,CHEMBL4106139,GroEL/GroES,PROTEIN COMPLEX,Escherichia coli,562,Q548M1;Q7BGE6,CHEMBL4392822,2019,Bioorg Med Chem Lett,10.1016/j.bmcl.2019.02.028,30852084,Potent in 1 publication,
19209615,CHEMBL297453,CHEMBL4392939,B,Inhibition of Escherichia coli GroEL expressed in Escherichia coli DH5alpha/Escherichia coli GroES expressed in Escherichia coli BL21 (DE3) assessed as reduction in GroEL/GroES-mediated denatured rhodanese refolding by measuring rhodanese enzyme activity after 45 mins by Fe(SCN)3 dye based spectrometric analysis relative to untreated control,Inhibition,=,98.0,%,,,0,CHEMBL4106139,GroEL/GroES,PROTEIN COMPLEX,Escherichia coli,562,Q548M1;Q7BGE6,CHEMBL4392822,2019,Bioorg Med Chem Lett,10.1016/j.bmcl.2019.02.028,30852084,Weak or non-quantitative,
19209765,CHEMBL297453,CHEMBL4392938,B,Inhibition of Escherichia coli GroEL expressed in Escherichia coliDH5alpha/Escherichia coli GroES expressed in Escherichia coli BL21 (DE3) assessed as reduction in GroEL/GroES-mediated denatured soluble pig heart MDH refolding by measuring MDH enzyme activity using sodium mesoxalate as substrate after 20 to 40 mins by malachite green dye based spectrometric analysis relative to untreated control,Inhibition,=,90.0,%,,,0,CHEMBL4106139,GroEL/GroES,PROTEIN COMPLEX,Escherichia coli,562,Q548M1;Q7BGE6,CHEMBL4392822,2019,Bioorg Med Chem Lett,10.1016/j.bmcl.2019.02.028,30852084,Weak or non-quantitative,
25853030,CHEMBL297453,CHEMBL5507786,T,Cytotoxicity against human H4 cells assessed as cell viability at 1 to 1000 uM incubated for 24 hrs by CCK-8 assay,Activity,,,,,,0,CHEMBL1075452,H4,CELL-LINE,Homo sapiens,9606,,CHEMBL5505980,2024,Eur J Med Chem,10.1016/j.ejmech.2024.116198,38368711,Weak or non-quantitative,non-protein target (cell-line)
1274536,CHEMBL297453,CHEMBL684605,F,Inhibition of uninfected H9 lymphocytic cell growth,IC50,=,8.0,ug.mL-1,,,0,CHEMBL614806,H9,CELL-LINE,Homo sapiens,9606,,CHEMBL1151995,1996,Bioorg Med Chem Lett,10.1016/0960-894X(96)00095-9,,Weak or non-quantitative,non-protein target (cell-line)
23291890,CHEMBL297453,CHEMBL4839684,F,Cardioprotective activity in rat H9c2 cells assessed as reduction in hypoxia/reoxygenation-induced intracellular Zn2+ level depletion by measuring improvement in intracellular TSQ fluorescence intensity at 10 uM treated at the onset of 1 hr reoxygenation period in the presence of ZnCl2 by TSQ staining based fluorescence analysis relative to control,FC,=,4.0,,,,0,CHEMBL614576,H9c2,CELL-LINE,Rattus norvegicus,10116,,CHEMBL4837252,2021,Bioorg Med Chem,10.1016/j.bmc.2021.116394,34509160,Weak or non-quantitative,non-protein target (cell-line)
23291893,CHEMBL297453,CHEMBL4839685,F,Cardioprotective activity against hypoxia/reoxygenation-induced injury in rat H9c2 cells assessed as cell viability at 10 uM treated after 8 hrs of hypoxia and before 16 hrs of reoxygenation period by MTT assay,Activity,,,,,,0,CHEMBL614576,H9c2,CELL-LINE,Rattus norvegicus,10116,,CHEMBL4837252,2021,Bioorg Med Chem,10.1016/j.bmc.2021.116394,34509160,Weak or non-quantitative,non-protein target (cell-line)
23291896,CHEMBL297453,CHEMBL4839686,F,Cardioprotective activity against hypoxia/reoxygenation-induced injury in rat H9c2 cells assessed as cell viability at 10 uM treated after 8 hrs of hypoxia and before 16 hrs of reoxygenation period in presence of ZnCl2 by MTT assay,Activity,=,78.0,%,,,0,CHEMBL614576,H9c2,CELL-LINE,Rattus norvegicus,10116,,CHEMBL4837252,2021,Bioorg Med Chem,10.1016/j.bmc.2021.116394,34509160,Weak or non-quantitative,non-protein target (cell-line)
23291899,CHEMBL297453,CHEMBL4839687,F,Inhibition of apoptosis in hypoxia/reoxygenation induced injury in rat H9c2 cells assessed as caspase-3 activity at 10 uM treated after 8 hrs of hypoxia and before 16 hrs of reoxygenation period in presence of ZnCl2 (Rvb = 187%),Activity,=,112.0,%,,,0,CHEMBL614576,H9c2,CELL-LINE,Rattus norvegicus,10116,,CHEMBL4837252,2021,Bioorg Med Chem,10.1016/j.bmc.2021.116394,34509160,Weak or non-quantitative,non-protein target (cell-line)
23291902,CHEMBL297453,CHEMBL4839688,F,Inhibition of apoptosis in hypoxia/reoxygenation induced injury in rat H9c2 cells assessed as viable cells at 10 uM treated after 8 hrs of hypoxia and before 2 hrs of reoxygenation period in presence of ZnCl2 by AnnexinV-FITC/propidium iodide staining based flow cytometry analysis (Rvb = 55.35%),Activity,=,80.1,%,,,0,CHEMBL614576,H9c2,CELL-LINE,Rattus norvegicus,10116,,CHEMBL4837252,2021,Bioorg Med Chem,10.1016/j.bmc.2021.116394,34509160,Weak or non-quantitative,non-protein target (cell-line)
23291905,CHEMBL297453,CHEMBL4839689,F,Inhibition of apoptosis in hypoxia/reoxygenation induced injury in rat H9c2 cells assessed as early apoptotic cells at 10 uM treated after 8 hrs of hypoxia and before 2 hrs of reoxygenation period in presence of ZnCl2 by AnnexinV-FITC/propidium iodide staining based flow cytometry analysis (Rvb = 36.45%),Activity,=,16.12,%,,,0,CHEMBL614576,H9c2,CELL-LINE,Rattus norvegicus,10116,,CHEMBL4837252,2021,Bioorg Med Chem,10.1016/j.bmc.2021.116394,34509160,Weak or non-quantitative,non-protein target (cell-line)
23291916,CHEMBL297453,CHEMBL4839692,F,Inhibition of apoptosis in hypoxia/reoxygenation induced injury in rat H9c2 cells assessed as late apoptotic cells at 10 uM treated after 8 hrs of hypoxia and before 2 hrs of reoxygenation period in presence of ZnCl2 by AnnexinV-FITC/propidium iodide staining based flow cytometry analysis (Rvb = 7%),Activity,=,2.72,%,,,0,CHEMBL614576,H9c2,CELL-LINE,Rattus norvegicus,10116,,CHEMBL4837252,2021,Bioorg Med Chem,10.1016/j.bmc.2021.116394,34509160,Weak or non-quantitative,non-protein target (cell-line)
23291919,CHEMBL297453,CHEMBL4839693,F,Inhibition of apoptosis in hypoxia/reoxygenation induced injury in rat H9c2 cells assessed as necrotic cells at 10 uM treated after 8 hrs of hypoxia and before 2 hrs of reoxygenation period in presence of ZnCl2 by AnnexinV-FITC/propidium iodide staining based flow cytometry analysis (Rvb = 1.25%),Activity,=,0.97,%,,,0,CHEMBL614576,H9c2,CELL-LINE,Rattus norvegicus,10116,,CHEMBL4837252,2021,Bioorg Med Chem,10.1016/j.bmc.2021.116394,34509160,Weak or non-quantitative,non-protein target (cell-line)
23291922,CHEMBL297453,CHEMBL4839694,F,Inhibition of apoptosis in hypoxia/reoxygenation induced injury in rat H9c2 cells assessed as viable cells at 10 uM treated after 8 hrs of hypoxia and before 2 hrs of reoxygenation period by AnnexinV-FITC/propidium iodide staining based flow cytometry analysis (Rvb = 55.35%),Activity,=,52.45,%,,,0,CHEMBL614576,H9c2,CELL-LINE,Rattus norvegicus,10116,,CHEMBL4837252,2021,Bioorg Med Chem,10.1016/j.bmc.2021.116394,34509160,Weak or non-quantitative,non-protein target (cell-line)
23291925,CHEMBL297453,CHEMBL4839695,F,Inhibition of apoptosis in hypoxia/reoxygenation induced injury in rat H9c2 cells assessed as early apoptotic cells at 10 uM treated after 8 hrs of hypoxia and before 2 hrs of reoxygenation period by AnnexinV-FITC/propidium iodide staining based flow cytometry analysis (Rvb = 36.45%),Activity,=,37.4,%,,,0,CHEMBL614576,H9c2,CELL-LINE,Rattus norvegicus,10116,,CHEMBL4837252,2021,Bioorg Med Chem,10.1016/j.bmc.2021.116394,34509160,Weak or non-quantitative,non-protein target (cell-line)
23291928,CHEMBL297453,CHEMBL4839696,F,Inhibition of apoptosis in hypoxia/reoxygenation induced injury in rat H9c2 cells assessed as late apoptotic cells at 10 uM treated after 8 hrs of hypoxia and before 2 hrs of reoxygenation period by AnnexinV-FITC/propidium iodide staining based flow cytometry analysis (Rvb = 7%),Activity,=,8.12,%,,,0,CHEMBL614576,H9c2,CELL-LINE,Rattus norvegicus,10116,,CHEMBL4837252,2021,Bioorg Med Chem,10.1016/j.bmc.2021.116394,34509160,Weak or non-quantitative,non-protein target (cell-line)
23291931,CHEMBL297453,CHEMBL4839697,F,Inhibition of apoptosis in hypoxia/reoxygenation induced injury in rat H9c2 cells assessed as late necrotic cells at 10 uM treated after 8 hrs of hypoxia and before 2 hrs of reoxygenation period by AnnexinV-FITC/propidium iodide staining based flow cytometry analysis (Rvb = 1.25%),Activity,=,2.02,%,,,0,CHEMBL614576,H9c2,CELL-LINE,Rattus norvegicus,10116,,CHEMBL4837252,2021,Bioorg Med Chem,10.1016/j.bmc.2021.116394,34509160,Weak or non-quantitative,non-protein target (cell-line)
24983722,CHEMBL297453,CHEMBL5226867,F,Antiproliferative activity against human HCT-116 cells assessed as decrease in cell growth incubated for 24 hrs by MTS assay,IC50,=,5000.0,nM,5.3,,0,CHEMBL394,HCT-116,CELL-LINE,Homo sapiens,9606,,CHEMBL5226288,2021,Eur J Med Chem,10.1016/j.ejmech.2020.113149,33445154,Weak or non-quantitative,non-protein target (cell-line)
2440895,CHEMBL297453,CHEMBL985000,F,Cytotoxicity against human HCT116 cells after 72 hrs by MTT assay,IC50,=,161000.0,nM,,Outside typical range,0,CHEMBL394,HCT-116,CELL-LINE,Homo sapiens,9606,,CHEMBL1146555,2003,J Nat Prod,10.1021/np020576x,12880319,Weak or non-quantitative,ChEMBL validity: Outside typical range; non-protein target (cell-line)
18903068,CHEMBL297453,CHEMBL4316852,F,Inhibition of erastin-induced ferroptosis in HEK293 cells preincubated for 4 hrs followed by erastin stimulation and measured at next day by MTS assay,IC50,,,,,,0,CHEMBL614818,HEK293,CELL-LINE,Homo sapiens,9606,,CHEMBL4316585,2019,Eur J Med Chem,10.1016/j.ejmech.2019.01.039,30684867,Weak or non-quantitative,non-protein target (cell-line)
18903072,CHEMBL297453,CHEMBL4316853,F,"Inhibition of (1S,3R)-RSL3-induced ferroptosis in HEK293 cells preincubated for 4 hrs followed by erastin stimulation and measured at next day by MTS assay",IC50,,,,,,0,CHEMBL614818,HEK293,CELL-LINE,Homo sapiens,9606,,CHEMBL4316585,2019,Eur J Med Chem,10.1016/j.ejmech.2019.01.039,30684867,Weak or non-quantitative,non-protein target (cell-line)
2237459,CHEMBL297453,CHEMBL979187,F,Antiproliferative activity against human HL60 cells after 3 days,IC50,=,9400.0,nM,5.03,,0,CHEMBL383,HL-60,CELL-LINE,Homo sapiens,9606,,CHEMBL1139404,2008,Bioorg Med Chem,10.1016/j.bmc.2008.07.063,18693020,Weak or non-quantitative,non-protein target (cell-line)
2237469,CHEMBL297453,CHEMBL979188,F,Antiproliferative activity against human HL60 cells assessed as cell viability at 10 uM after 3 days,Activity,=,45.0,%,,,0,CHEMBL383,HL-60,CELL-LINE,Homo sapiens,9606,,CHEMBL1139404,2008,Bioorg Med Chem,10.1016/j.bmc.2008.07.063,18693020,Weak or non-quantitative,non-protein target (cell-line)
6186137,CHEMBL297453,CHEMBL1776671,F,Cell cycle arrest in human HL60 cells by assessed as accumulation at subG1 phase at 10 uM using propidium iodide staining by flow cytometry in presence of superoxide dismutase and catalase,Activity,=,2.6,%,,,0,CHEMBL383,HL-60,CELL-LINE,Homo sapiens,9606,,CHEMBL1772988,2011,J Nat Prod,10.1021/np1007729,21434603,Weak or non-quantitative,non-protein target (cell-line)
6186138,CHEMBL297453,CHEMBL1776731,F,Induction of apoptosis in human HL60 cells assessed as intracellular caspase-3 activation after 24 hrs (Rvb = 1.3 %),Activity,=,2.7,%,,,0,CHEMBL383,HL-60,CELL-LINE,Homo sapiens,9606,,CHEMBL1772988,2011,J Nat Prod,10.1021/np1007729,21434603,Weak or non-quantitative,non-protein target (cell-line)
6186141,CHEMBL297453,CHEMBL1776903,F,Induction of apoptosis in human HL60 cells assessed as intracellular caspase-3 activation after 48 hrs (Rvb = 1.3 %),Activity,=,4.2,%,,,0,CHEMBL383,HL-60,CELL-LINE,Homo sapiens,9606,,CHEMBL1772988,2011,J Nat Prod,10.1021/np1007729,21434603,Weak or non-quantitative,non-protein target (cell-line)
6186155,CHEMBL297453,CHEMBL1776670,F,Cell cycle arrest in human HL60 cells by assessed as accumulation at subG1 phase at 10 uM using propidium iodide staining by flow cytometry,Activity,=,45.9,%,,,0,CHEMBL383,HL-60,CELL-LINE,Homo sapiens,9606,,CHEMBL1772988,2011,J Nat Prod,10.1021/np1007729,21434603,Weak or non-quantitative,non-protein target (cell-line)
6186156,CHEMBL297453,CHEMBL1776497,F,Induction of myeloperoxidase expression in human HL60 cells after 24 hrs by flow cytometry,Activity,=,49.2,%,,,0,CHEMBL383,HL-60,CELL-LINE,Homo sapiens,9606,,CHEMBL1772988,2011,J Nat Prod,10.1021/np1007729,21434603,Weak or non-quantitative,non-protein target (cell-line)
6186157,CHEMBL297453,CHEMBL1776491,F,Cytotoxicity against human HL60 cells assessed as cell growth inhibition after 7 days by trypan blue based microscopic analysis,GI,,,,,,0,CHEMBL383,HL-60,CELL-LINE,Homo sapiens,9606,,CHEMBL1772988,2011,J Nat Prod,10.1021/np1007729,21434603,Weak or non-quantitative,non-protein target (cell-line)
6186161,CHEMBL297453,CHEMBL1776548,F,Induction of intracellular reactive oxygen species production in human HL60 cells at 10 uM after 1 to 3 hrs by flow cytometry,Activity,,,,,,0,CHEMBL383,HL-60,CELL-LINE,Homo sapiens,9606,,CHEMBL1772988,2011,J Nat Prod,10.1021/np1007729,21434603,Weak or non-quantitative,non-protein target (cell-line)
6186164,CHEMBL297453,CHEMBL1776666,F,Growth inhibition against human HL60 cells assessed as cell viability at 10 uM after 48 hrs by trypan blue based microscopic analysis in presence of superoxide dismutase,GI,,,,,,0,CHEMBL383,HL-60,CELL-LINE,Homo sapiens,9606,,CHEMBL1772988,2011,J Nat Prod,10.1021/np1007729,21434603,Weak or non-quantitative,non-protein target (cell-line)
6186166,CHEMBL297453,CHEMBL1776668,F,Growth inhibition against human HL60 cells assessed as cell viability at 10 uM after 48 hrs by trypan blue based microscopic analysis in presence of catalase,GI,,,,,,0,CHEMBL383,HL-60,CELL-LINE,Homo sapiens,9606,,CHEMBL1772988,2011,J Nat Prod,10.1021/np1007729,21434603,Weak or non-quantitative,non-protein target (cell-line)
6187079,CHEMBL297453,CHEMBL1776719,F,Growth inhibition against human HL60 cells assessed as cell viability at 10 uM after 24 hrs by trypan blue based microscopic analysis,Activity,,,,,,0,CHEMBL383,HL-60,CELL-LINE,Homo sapiens,9606,,CHEMBL1772988,2011,J Nat Prod,10.1021/np1007729,21434603,Weak or non-quantitative,non-protein target (cell-line)
6187082,CHEMBL297453,CHEMBL1776906,F,Growth inhibition against human HL60 cells assessed as cell viability at 10 uM preincubated with N-acetyl-L-cysteine for 30 mins measured after 48 hrs by trypan blue based microscopic analysis,GI,,,,,,0,CHEMBL383,HL-60,CELL-LINE,Homo sapiens,9606,,CHEMBL1772988,2011,J Nat Prod,10.1021/np1007729,21434603,Weak or non-quantitative,non-protein target (cell-line)
6187084,CHEMBL297453,CHEMBL1776496,F,Induction of 67 kDa laminin receptor expression in human HL60 cells after 24 hrs by flow cytometry analysis,Activity,,,,,,0,CHEMBL383,HL-60,CELL-LINE,Homo sapiens,9606,,CHEMBL1772988,2011,J Nat Prod,10.1021/np1007729,21434603,Weak or non-quantitative,non-protein target (cell-line)
6187086,CHEMBL297453,CHEMBL1776908,F,Growth inhibition against human HL60 cells assessed as cell viability at 10 uM after 48 hrs by trypan blue based microscopic analysis in presence of superoxide dismutase and catalase,GI,,,,,,0,CHEMBL383,HL-60,CELL-LINE,Homo sapiens,9606,,CHEMBL1772988,2011,J Nat Prod,10.1021/np1007729,21434603,Weak or non-quantitative,non-protein target (cell-line)
3256930,CHEMBL297453,CHEMBL1112529,F,Inhibition of FCepsilonRI gamma subunit mRNA expression in human HMC1 cells at 50 uM after 36 hrs by RT-PCR analysis,Inhibition,,,%,,,0,CHEMBL4296432,HMC1,CELL-LINE,Homo sapiens,9606,,CHEMBL1156298,2010,Bioorg Med Chem Lett,10.1016/j.bmcl.2010.01.160,20202836,Weak or non-quantitative,non-protein target (cell-line)
3256931,CHEMBL297453,CHEMBL1112530,F,Inhibition of FCepsilonRI alpha subunit mRNA expression in human HMC1 cells at 50 uM after 36 hrs by RT-PCR analysis,Inhibition,,,%,,,0,CHEMBL4296432,HMC1,CELL-LINE,Homo sapiens,9606,,CHEMBL1156298,2010,Bioorg Med Chem Lett,10.1016/j.bmcl.2010.01.160,20202836,Weak or non-quantitative,non-protein target (cell-line)
3256932,CHEMBL297453,CHEMBL1112531,F,Inhibition of FCepsilonRI beta subunit mRNA expression in human HMC1 cells at 50 uM after 36 hrs by RT-PCR analysis,Inhibition,,,%,,,0,CHEMBL4296432,HMC1,CELL-LINE,Homo sapiens,9606,,CHEMBL1156298,2010,Bioorg Med Chem Lett,10.1016/j.bmcl.2010.01.160,20202836,Weak or non-quantitative,non-protein target (cell-line)
19209379,CHEMBL297453,CHEMBL4392933,B,Inhibition of human N-terminal octa-His-tagged HSP60 expressed in Escherichia coli Rosetta(DE3) pLysS/human HSP10 expressed in Escherichia coli Rosetta(DE3) assessed as reduction in HSP60/HSP10-mediated denatured MDH refolding by measuring MDH enzyme activity using sodium mesoxalate as substrate after 40 to 60 mins by malachite green dye based spectrometric analysis,IC50,=,2300.0,nM,5.64,,0,CHEMBL4106131,HSP60/HSP10,PROTEIN COMPLEX,Homo sapiens,9606,P10809;P61604,CHEMBL4392822,2019,Bioorg Med Chem Lett,10.1016/j.bmcl.2019.02.028,30852084,Weak or non-quantitative,
25065429,CHEMBL297453,CHEMBL5251390,T,Cytotoxicity against mouse HT-22 cells assessed as reduction in cell viability incubated for 48 hrs by MTS assay,IC50,=,23800.0,nM,4.62,,0,CHEMBL614316,HT-22,CELL-LINE,Mus musculus,10090,,CHEMBL5247649,2023,J Med Chem,10.1021/acs.jmedchem.2c02068,36876904,Weak or non-quantitative,non-protein target (cell-line)
18484070,CHEMBL297453,CHEMBL4185537,F,Cytotoxicity against human HT-29 cells assessed as decrease in cell viability after 48 hrs by MTT assay,IC50,=,60000.0,nM,4.22,,0,CHEMBL384,HT-29,CELL-LINE,Homo sapiens,9606,,CHEMBL4184147,2017,J Med Chem,10.1021/acs.jmedchem.6b01026,28654265,Weak or non-quantitative,non-protein target (cell-line)
2154817,CHEMBL297453,CHEMBL930260,A,Stability in human HT29 cells assessed as half life,T1/2,<,2.0,hr,,,0,CHEMBL384,HT-29,CELL-LINE,Homo sapiens,9606,,CHEMBL1142382,2008,J Med Chem,10.1021/jm701346h,18324763,Weak or non-quantitative,non-protein target (cell-line); censored value (<)
8042300,CHEMBL297453,CHEMBL1954832,F,Induction of H2O2 production in human HT-29 cells at 100 ug/ml after 72 hrs by ferrous oxidation xylenol orange assay,Activity,,,,,,0,CHEMBL384,HT-29,CELL-LINE,Homo sapiens,9606,,CHEMBL1949651,2012,J Nat Prod,10.1021/np200426k,22216935,Weak or non-quantitative,non-protein target (cell-line)
8042303,CHEMBL297453,CHEMBL1954833,F,Induction of H2O2 production in human HT-29 cells at 100 ug/ml after 72 hrs by ferrous oxidation xylenol orange assay in presence of catalase,Activity,,,,,,0,CHEMBL384,HT-29,CELL-LINE,Homo sapiens,9606,,CHEMBL1949651,2012,J Nat Prod,10.1021/np200426k,22216935,Weak or non-quantitative,non-protein target (cell-line)
18484049,CHEMBL297453,CHEMBL4185573,F,Cytotoxicity against human HT-29 cells assessed as cell viability at 6 uM after 48 hrs by MTT assay,Activity,=,96.0,%,,,0,CHEMBL384,HT-29,CELL-LINE,Homo sapiens,9606,,CHEMBL4184147,2017,J Med Chem,10.1021/acs.jmedchem.6b01026,28654265,Weak or non-quantitative,non-protein target (cell-line)
22475800,CHEMBL297453,CHEMBL4686293,F,Antiangiogenic activity against VEGF-stimulated HUVEC assessed as reduction in cell viability up to 100 uM measured after 48 hrs by MTT assay,Activity,,,,,,0,CHEMBL613979,HUVEC,CELL-LINE,Homo sapiens,9606,,CHEMBL4680232,2020,Eur J Med Chem,10.1016/j.ejmech.2020.112228,32199134,Weak or non-quantitative,non-protein target (cell-line)
29269476,CHEMBL297453,CHEMBL6153188,F,Upregulation of SHH mRNA expression in human hair follicle assessed as fold change at 0.5 uM measured for 48 hrs by qRT-PCR analysis,FC,=,4.48,,,,0,CHEMBL6195690,Hair follicle,TISSUE,Homo sapiens,9606,,CHEMBL6153017,2024,Eur J Med Chem,10.1016/j.ejmech.2023.116022,38086191,Weak or non-quantitative,non-protein target (tissue)
29269477,CHEMBL297453,CHEMBL6153189,F,Upregulation of PTCH mRNA expression in human hair follicle assessed as fold change at 0.5 uM measured for 48 hrs by qRT-PCR analysis,FC,=,4.18,,,,0,CHEMBL6195690,Hair follicle,TISSUE,Homo sapiens,9606,,CHEMBL6153017,2024,Eur J Med Chem,10.1016/j.ejmech.2023.116022,38086191,Weak or non-quantitative,non-protein target (tissue)
29269478,CHEMBL297453,CHEMBL6153190,F,Upregulation of Smo mRNA expression in human hair follicle assessed as fold change at 0.5 uM measured for 48 hrs by qRT-PCR analysis,FC,=,4.71,,,,0,CHEMBL6195690,Hair follicle,TISSUE,Homo sapiens,9606,,CHEMBL6153017,2024,Eur J Med Chem,10.1016/j.ejmech.2023.116022,38086191,Weak or non-quantitative,non-protein target (tissue)
29269479,CHEMBL297453,CHEMBL6153191,F,Upregulation of Gli mRNA expression in human hair follicle assessed as fold change at 0.5 uM measured for 48 hrs by qRT-PCR analysis,FC,=,1.67,,,,0,CHEMBL6195690,Hair follicle,TISSUE,Homo sapiens,9606,,CHEMBL6153017,2024,Eur J Med Chem,10.1016/j.ejmech.2023.116022,38086191,Weak or non-quantitative,non-protein target (tissue)
29269480,CHEMBL297453,CHEMBL6153192,F,Upregulation of RBPJ mRNA expression in human hair follicle assessed as fold change at 5 ug/ml,FC,=,7.0,,,,0,CHEMBL6195690,Hair follicle,TISSUE,Homo sapiens,9606,,CHEMBL6153017,2024,Eur J Med Chem,10.1016/j.ejmech.2023.116022,38086191,Weak or non-quantitative,non-protein target (tissue)
14643553,CHEMBL297453,CHEMBL3269585,B,Inhibition of HSP90 (unknown origin) by luciferase refolding assay,IC50,=,155000.0,nM,,Outside typical range,0,CHEMBL4303,Heat shock protein HSP 90-beta,SINGLE PROTEIN,Homo sapiens,9606,P08238,CHEMBL3259794,2014,Bioorg Med Chem Lett,10.1016/j.bmcl.2014.03.088,24745965,Weak or non-quantitative,ChEMBL validity: Outside typical range
12051852,CHEMBL297453,CHEMBL2156870,F,Inhibition of oleic acid-induced triglyceride over-accumulation in human HepG2 cells incubated for 24 hrs relative to untreated control,Imax,=,54.2,%,,,0,CHEMBL395,HepG2,CELL-LINE,Homo sapiens,9606,,CHEMBL2151026,2011,Eur J Med Chem,10.1016/j.ejmech.2011.07.031,21824690,Weak or non-quantitative,non-protein target (cell-line)
12051869,CHEMBL297453,CHEMBL2156871,F,Antioxidant activity in human HepG2 cells assessed as reduction of oleic acid-induced ROS generation incubated for 24 hrs by DHCF-DA based fluorimetric assay relative to untreated control,Imax,=,40.2,%,,,0,CHEMBL395,HepG2,CELL-LINE,Homo sapiens,9606,,CHEMBL2151026,2011,Eur J Med Chem,10.1016/j.ejmech.2011.07.031,21824690,Weak or non-quantitative,non-protein target (cell-line)
12051886,CHEMBL297453,CHEMBL2156872,A,Cytotoxicity against human HepG2 cells incubated for 24 hrs by MTT assay,Activity,>,200.0,uM,,,0,CHEMBL395,HepG2,CELL-LINE,Homo sapiens,9606,,CHEMBL2151026,2011,Eur J Med Chem,10.1016/j.ejmech.2011.07.031,21824690,Weak or non-quantitative,non-protein target (cell-line); censored value (>)
12051938,CHEMBL297453,CHEMBL2156870,F,Inhibition of oleic acid-induced triglyceride over-accumulation in human HepG2 cells incubated for 24 hrs relative to untreated control,IC30,=,6.3,uM,,,0,CHEMBL395,HepG2,CELL-LINE,Homo sapiens,9606,,CHEMBL2151026,2011,Eur J Med Chem,10.1016/j.ejmech.2011.07.031,21824690,Weak or non-quantitative,non-protein target (cell-line)
12051949,CHEMBL297453,CHEMBL2156871,F,Antioxidant activity in human HepG2 cells assessed as reduction of oleic acid-induced ROS generation incubated for 24 hrs by DHCF-DA based fluorimetric assay relative to untreated control,IC30,=,26.2,uM,,,0,CHEMBL395,HepG2,CELL-LINE,Homo sapiens,9606,,CHEMBL2151026,2011,Eur J Med Chem,10.1016/j.ejmech.2011.07.031,21824690,Weak or non-quantitative,non-protein target (cell-line)
12051963,CHEMBL297453,CHEMBL2156871,F,Antioxidant activity in human HepG2 cells assessed as reduction of oleic acid-induced ROS generation incubated for 24 hrs by DHCF-DA based fluorimetric assay relative to untreated control,Inhibition,,,%,,,0,CHEMBL395,HepG2,CELL-LINE,Homo sapiens,9606,,CHEMBL2151026,2011,Eur J Med Chem,10.1016/j.ejmech.2011.07.031,21824690,Weak or non-quantitative,non-protein target (cell-line)
16521377,CHEMBL297453,CHEMBL3782198,F,Antioxidant activity in human HepG2 cells assessed as decrease in fluorescence level by measuring ratio of micromol of quercetin to 100 umol of compound after 2.5 hrs measured every 5 mins for 1 hr by DCFH-DA staining based fluorescence assay,Activity,=,33.1,%,,,0,CHEMBL395,HepG2,CELL-LINE,Homo sapiens,9606,,CHEMBL3779891,2016,Eur J Med Chem,10.1016/j.ejmech.2016.02.045,26974372,Weak or non-quantitative,non-protein target (cell-line)
24868594,CHEMBL297453,CHEMBL5152419,F,Antiviral activity against HBV infected human DMSO differentiated HuS-E/2 cells assessed as reduction of HBV core protein level incubated for 20 hrs by Western blot analysis,IC50,=,10000.0,nM,5.0,,0,CHEMBL613497,Hepatitis B virus,ORGANISM,Hepatitis B virus,10407,,CHEMBL5150016,2022,J Med Chem,10.1021/acs.jmedchem.2c01097,36111355,Weak or non-quantitative,non-protein target (organism)
18057375,CHEMBL297453,CHEMBL4012530,F,Antiviral activity against HBV infected in human HuS-E/2 cells assessed as inhibition of viral mRNA level at 50 uM treated for 20 hrs measured after 7 days by RT-PCR method relative to control,Inhibition,>,80.0,%,,,0,CHEMBL613497,Hepatitis B virus,ORGANISM,Hepatitis B virus,10407,,CHEMBL4011615,2017,J Med Chem,10.1021/acs.jmedchem.6b01442,28383274,Weak or non-quantitative,non-protein target (organism); censored value (>)
15004582,CHEMBL297453,CHEMBL3362205,F,Antiviral activity against HCV genotype 1a assessed as inhibition of viral entry into Huh7 cells treated for 2 hr followed by 28 hrs incubation period in compound-free medium by immunofluorescence assay,IC50,=,20000.0,nM,4.7,,0,CHEMBL379,Hepatitis C virus,ORGANISM,Hepacivirus hominis,3052230,,CHEMBL3351436,2014,Bioorg Med Chem Lett,10.1016/j.bmcl.2014.07.051,25103601,Weak or non-quantitative,non-protein target (organism)
15004592,CHEMBL297453,CHEMBL3362203,F,Antiviral activity against HCV genotype 1a assessed as inhibition of viral entry into Huh7 cells treated at 50 uM for 2 hr followed by 28 hrs incubation period in compound-free medium by immunofluorescence assay,Inhibition,,,%,,,0,CHEMBL379,Hepatitis C virus,ORGANISM,Hepacivirus hominis,3052230,,CHEMBL3351436,2014,Bioorg Med Chem Lett,10.1016/j.bmcl.2014.07.051,25103601,Weak or non-quantitative,non-protein target (organism)
2942274,CHEMBL297453,CHEMBL1056839,B,Inhibition of MET kinase,IC50,=,10000.0,nM,5.0,,0,CHEMBL3717,Hepatocyte growth factor receptor,SINGLE PROTEIN,Homo sapiens,9606,P08581,CHEMBL1154634,2009,J Med Chem,10.1021/jm901330e,19839593,Weak or non-quantitative,
2942277,CHEMBL297453,CHEMBL1056840,B,Inhibition of MET kinase by Dixon plot analysis,Ki,=,3300.0,nM,5.48,,0,CHEMBL3717,Hepatocyte growth factor receptor,SINGLE PROTEIN,Homo sapiens,9606,P08581,CHEMBL1154634,2009,J Med Chem,10.1021/jm901330e,19839593,Weak or non-quantitative,
2942272,CHEMBL297453,CHEMBL1056838,B,Inhibition of hepatocyte growth factor-induced MET phosphorylation in human HCT116 cells at 5 uM after 30 mins by immunoblot,Inhibition,,,%,,,0,CHEMBL3717,Hepatocyte growth factor receptor,SINGLE PROTEIN,Homo sapiens,9606,P08581,CHEMBL1154634,2009,J Med Chem,10.1021/jm901330e,19839593,Weak or non-quantitative,
16507848,CHEMBL297453,CHEMBL3778096,B,Inhibition of recombinant PCAF (unknown origin) using histone H4 peptide substrate assessed as reduction in NADH formation by spectrophotometric analysis,IC50,=,60000.0,nM,4.22,,0,CHEMBL5500,Histone acetyltransferase KAT2B,SINGLE PROTEIN,Homo sapiens,9606,Q92831,CHEMBL3774308,2016,J Med Chem,10.1021/acs.jmedchem.5b01502,26701186,Weak or non-quantitative,
19272162,CHEMBL297453,CHEMBL4407041,B,Inhibition of PCAF (unknown origin),IC50,=,60000.0,nM,4.22,,1,CHEMBL5500,Histone acetyltransferase KAT2B,SINGLE PROTEIN,Homo sapiens,9606,Q92831,CHEMBL4406797,2019,Eur J Med Chem,10.1016/j.ejmech.2019.05.078,31195169,Weak or non-quantitative,potential duplicate
16507849,CHEMBL297453,CHEMBL3778097,B,Inhibition of recombinant TIP60 (unknown origin) using histone H4 peptide substrate assessed as reduction in NADH formation by spectrophotometric analysis,IC50,=,70000.0,nM,4.16,,0,CHEMBL5750,Histone acetyltransferase KAT5,SINGLE PROTEIN,Homo sapiens,9606,Q92993,CHEMBL3774308,2016,J Med Chem,10.1021/acs.jmedchem.5b01502,26701186,Weak or non-quantitative,
19272232,CHEMBL297453,CHEMBL4407075,B,Inhibition of Tip60 (unknown origin),IC50,=,70000.0,nM,4.16,,1,CHEMBL5750,Histone acetyltransferase KAT5,SINGLE PROTEIN,Homo sapiens,9606,Q92993,CHEMBL4406797,2019,Eur J Med Chem,10.1016/j.ejmech.2019.05.078,31195169,Weak or non-quantitative,potential duplicate
16507846,CHEMBL297453,CHEMBL3778094,B,Inhibition of recombinant GST-tagged p300 (unknown origin) using histone H4 peptide substrate assessed as reduction in NADH formation by spectrophotometric analysis,IC50,=,30000.0,nM,4.52,,0,CHEMBL3784,Histone acetyltransferase p300,SINGLE PROTEIN,Homo sapiens,9606,Q09472,CHEMBL3774308,2016,J Med Chem,10.1021/acs.jmedchem.5b01502,26701186,Weak or non-quantitative,
19272156,CHEMBL297453,CHEMBL4407040,B,Inhibition of P300 (unknown origin),IC50,=,30000.0,nM,4.52,,1,CHEMBL3784,Histone acetyltransferase p300,SINGLE PROTEIN,Homo sapiens,9606,Q09472,CHEMBL4406797,2019,Eur J Med Chem,10.1016/j.ejmech.2019.05.078,31195169,Weak or non-quantitative,potential duplicate
5730809,CHEMBL297453,CHEMBL1738442,F,PUBCHEM_BIOASSAY: qHTS Assay for Inhibitors of Histone Lysine Methyltransferase G9a. (Class of assay: confirmatory) [Related pubchem assays (depositor defined):AID504404],Potency,,1778.3,nM,,,0,CHEMBL6032,Histone-lysine N-methyltransferase EHMT2,SINGLE PROTEIN,Homo sapiens,9606,Q96KQ7,CHEMBL1201862,,,,,Weak or non-quantitative,
2144834,CHEMBL297453,CHEMBL921933,A,"Plasma concentration in human at 50 mg/kg, po",Cp,=,0.3,umol/L,,,0,CHEMBL372,Homo sapiens,ORGANISM,Homo sapiens,9606,,CHEMBL1143070,2008,Bioorg Med Chem,10.1016/j.bmc.2008.02.030,18313308,Weak or non-quantitative,non-protein target (organism)
2942278,CHEMBL297453,CHEMBL1056841,A,Plasma concentration in po dosed human,Cp,=,7.5,uM,,,0,CHEMBL372,Homo sapiens,ORGANISM,Homo sapiens,9606,,CHEMBL1154634,2009,J Med Chem,10.1021/jm901330e,19839593,Weak or non-quantitative,non-protein target (organism)
5093660,CHEMBL297453,CHEMBL1633747,F,Antiviral activity against Human herpesvirus 1 F1 infected in African green monkey vero cells assessed as reduction in viral titer,IC50,=,72300.0,nM,4.14,,0,CHEMBL377,Human alphaherpesvirus 1,ORGANISM,Human alphaherpesvirus 1,10298,,CHEMBL1629542,2008,Antimicrob Agents Chemother,10.1128/aac.00825-07,18195068,Weak or non-quantitative,non-protein target (organism)
5093658,CHEMBL297453,CHEMBL1633745,F,Antiviral activity against Human herpesvirus 1 isolate P42 infected in African green monkey vero cells assessed as reduction in viral titer,IC50,=,49090.0,nM,4.31,,0,CHEMBL377,Human alphaherpesvirus 1,ORGANISM,Human alphaherpesvirus 1,10298,,CHEMBL1629542,2008,Antimicrob Agents Chemother,10.1128/aac.00825-07,18195068,Weak or non-quantitative,non-protein target (organism)
5093654,CHEMBL297453,CHEMBL1633741,F,Antiviral activity against Human herpesvirus 1 isolate P15 infected in African green monkey vero cells assessed as reduction in viral titer,IC50,=,48410.0,nM,4.32,,0,CHEMBL377,Human alphaherpesvirus 1,ORGANISM,Human alphaherpesvirus 1,10298,,CHEMBL1629542,2008,Antimicrob Agents Chemother,10.1128/aac.00825-07,18195068,Weak or non-quantitative,non-protein target (organism)
5093657,CHEMBL297453,CHEMBL1633744,F,Antiviral activity against Human herpesvirus 1 isolate P38 infected in African green monkey vero cells assessed as reduction in viral titer,IC50,=,48180.0,nM,4.32,,0,CHEMBL377,Human alphaherpesvirus 1,ORGANISM,Human alphaherpesvirus 1,10298,,CHEMBL1629542,2008,Antimicrob Agents Chemother,10.1128/aac.00825-07,18195068,Weak or non-quantitative,non-protein target (organism)
5093655,CHEMBL297453,CHEMBL1633742,F,Antiviral activity against Human herpesvirus 1 isolate P25 infected in African green monkey vero cells assessed as reduction in viral titer,IC50,=,45360.0,nM,4.34,,0,CHEMBL377,Human alphaherpesvirus 1,ORGANISM,Human alphaherpesvirus 1,10298,,CHEMBL1629542,2008,Antimicrob Agents Chemother,10.1128/aac.00825-07,18195068,Weak or non-quantitative,non-protein target (organism)
5093659,CHEMBL297453,CHEMBL1633746,F,Antiviral activity against Human herpesvirus 1 isolate P56 infected in African green monkey vero cells assessed as reduction in viral titer,IC50,=,18300.0,nM,4.74,,0,CHEMBL377,Human alphaherpesvirus 1,ORGANISM,Human alphaherpesvirus 1,10298,,CHEMBL1629542,2008,Antimicrob Agents Chemother,10.1128/aac.00825-07,18195068,Weak or non-quantitative,non-protein target (organism)
5093656,CHEMBL297453,CHEMBL1633743,F,Antiviral activity against Human herpesvirus 1 isolate P32 infected in African green monkey vero cells assessed as reduction in viral titer,IC50,=,16000.0,nM,4.8,,0,CHEMBL377,Human alphaherpesvirus 1,ORGANISM,Human alphaherpesvirus 1,10298,,CHEMBL1629542,2008,Antimicrob Agents Chemother,10.1128/aac.00825-07,18195068,Weak or non-quantitative,non-protein target (organism)
5093643,CHEMBL297453,CHEMBL1633748,F,Antiviral activity against Human herpesvirus 1 F1 infected in African green monkey CV1 cells assessed as log reduction in viral titer at 100 uM,FC,=,3.5,,,,0,CHEMBL377,Human alphaherpesvirus 1,ORGANISM,Human alphaherpesvirus 1,10298,,CHEMBL1629542,2008,Antimicrob Agents Chemother,10.1128/aac.00825-07,18195068,Weak or non-quantitative,non-protein target (organism)
5093675,CHEMBL297453,CHEMBL1635350,F,Antiviral activity against Human herpesvirus 1 isolate P15 infected in African green monkey vero cells assessed as log reduction in viral titer at 50 uM,FC,=,2.0,,,,0,CHEMBL377,Human alphaherpesvirus 1,ORGANISM,Human alphaherpesvirus 1,10298,,CHEMBL1629542,2008,Antimicrob Agents Chemother,10.1128/aac.00825-07,18195068,Weak or non-quantitative,non-protein target (organism)
5093676,CHEMBL297453,CHEMBL1635351,F,Antiviral activity against Human herpesvirus 1 isolate P25 infected in African green monkey vero cells assessed as log reduction in viral titer at 50 uM,FC,=,2.0,,,,0,CHEMBL377,Human alphaherpesvirus 1,ORGANISM,Human alphaherpesvirus 1,10298,,CHEMBL1629542,2008,Antimicrob Agents Chemother,10.1128/aac.00825-07,18195068,Weak or non-quantitative,non-protein target (organism)
5093677,CHEMBL297453,CHEMBL1635487,F,Antiviral activity against Human herpesvirus 1 isolate P32 infected in African green monkey vero cells assessed as log reduction in viral titer at 50 uM,FC,=,2.0,,,,0,CHEMBL377,Human alphaherpesvirus 1,ORGANISM,Human alphaherpesvirus 1,10298,,CHEMBL1629542,2008,Antimicrob Agents Chemother,10.1128/aac.00825-07,18195068,Weak or non-quantitative,non-protein target (organism)
5093678,CHEMBL297453,CHEMBL1635488,F,Antiviral activity against Human herpesvirus 1 isolate P38 infected in African green monkey vero cells assessed as log reduction in viral titer at 50 uM,FC,=,2.0,,,,0,CHEMBL377,Human alphaherpesvirus 1,ORGANISM,Human alphaherpesvirus 1,10298,,CHEMBL1629542,2008,Antimicrob Agents Chemother,10.1128/aac.00825-07,18195068,Weak or non-quantitative,non-protein target (organism)
5093679,CHEMBL297453,CHEMBL1635172,F,Antiviral activity against Human herpesvirus 1 isolate P42 infected in African green monkey vero cells assessed as log reduction in viral titer at 50 uM,FC,=,2.0,,,,0,CHEMBL377,Human alphaherpesvirus 1,ORGANISM,Human alphaherpesvirus 1,10298,,CHEMBL1629542,2008,Antimicrob Agents Chemother,10.1128/aac.00825-07,18195068,Weak or non-quantitative,non-protein target (organism)
5093680,CHEMBL297453,CHEMBL1635173,F,Antiviral activity against Human herpesvirus 1 isolate P56 infected in African green monkey vero cells assessed as log reduction in viral titer at 50 uM,FC,=,2.0,,,,0,CHEMBL377,Human alphaherpesvirus 1,ORGANISM,Human alphaherpesvirus 1,10298,,CHEMBL1629542,2008,Antimicrob Agents Chemother,10.1128/aac.00825-07,18195068,Weak or non-quantitative,non-protein target (organism)
5093681,CHEMBL297453,CHEMBL1635174,F,Antiviral activity against Human herpesvirus 1 isolate P15 infected in African green monkey vero cells assessed as reduction in viral titer at 100 uM,Activity,,,,,,0,CHEMBL377,Human alphaherpesvirus 1,ORGANISM,Human alphaherpesvirus 1,10298,,CHEMBL1629542,2008,Antimicrob Agents Chemother,10.1128/aac.00825-07,18195068,Weak or non-quantitative,non-protein target (organism)
5093682,CHEMBL297453,CHEMBL1635175,F,Antiviral activity against Human herpesvirus 1 isolate P25 infected in African green monkey vero cells assessed as reduction in viral titer at 100 uM,Activity,,,,,,0,CHEMBL377,Human alphaherpesvirus 1,ORGANISM,Human alphaherpesvirus 1,10298,,CHEMBL1629542,2008,Antimicrob Agents Chemother,10.1128/aac.00825-07,18195068,Weak or non-quantitative,non-protein target (organism)
5093683,CHEMBL297453,CHEMBL1635176,F,Antiviral activity against Human herpesvirus 1 isolate P32 infected in African green monkey vero cells assessed as reduction in viral titer at 100 uM,Activity,,,,,,0,CHEMBL377,Human alphaherpesvirus 1,ORGANISM,Human alphaherpesvirus 1,10298,,CHEMBL1629542,2008,Antimicrob Agents Chemother,10.1128/aac.00825-07,18195068,Weak or non-quantitative,non-protein target (organism)
5093684,CHEMBL297453,CHEMBL1635177,F,Antiviral activity against Human herpesvirus 1 isolate P38 infected in African green monkey vero cells assessed as reduction in viral titer at 100 uM,Activity,,,,,,0,CHEMBL377,Human alphaherpesvirus 1,ORGANISM,Human alphaherpesvirus 1,10298,,CHEMBL1629542,2008,Antimicrob Agents Chemother,10.1128/aac.00825-07,18195068,Weak or non-quantitative,non-protein target (organism)
5093685,CHEMBL297453,CHEMBL1633593,F,Antiviral activity against Human herpesvirus 1 isolate P42 infected in African green monkey vero cells assessed as reduction in viral titer at 100 uM,Activity,,,,,,0,CHEMBL377,Human alphaherpesvirus 1,ORGANISM,Human alphaherpesvirus 1,10298,,CHEMBL1629542,2008,Antimicrob Agents Chemother,10.1128/aac.00825-07,18195068,Weak or non-quantitative,non-protein target (organism)
5093686,CHEMBL297453,CHEMBL1633594,F,Antiviral activity against Human herpesvirus 1 isolate P56 infected in African green monkey vero cells assessed as reduction in viral titer at 100 uM,Activity,,,,,,0,CHEMBL377,Human alphaherpesvirus 1,ORGANISM,Human alphaherpesvirus 1,10298,,CHEMBL1629542,2008,Antimicrob Agents Chemother,10.1128/aac.00825-07,18195068,Weak or non-quantitative,non-protein target (organism)
5093687,CHEMBL297453,CHEMBL1633595,F,Antiviral activity against Human herpesvirus 1 F1 infected in African green monkey vero cells assessed as log reduction in viral titer at 100 uM,FC,>=,3.0,,,,0,CHEMBL377,Human alphaherpesvirus 1,ORGANISM,Human alphaherpesvirus 1,10298,,CHEMBL1629542,2008,Antimicrob Agents Chemother,10.1128/aac.00825-07,18195068,Weak or non-quantitative,non-protein target (organism); censored value (>=)
5093698,CHEMBL297453,CHEMBL1633729,F,Antiviral activity against Human herpesvirus 1 isolate P32 infected in African green monkey vero cells assessed as log reduction in viral titer at 100 uM within 10 mins,FC,=,2.0,,,,0,CHEMBL377,Human alphaherpesvirus 1,ORGANISM,Human alphaherpesvirus 1,10298,,CHEMBL1629542,2008,Antimicrob Agents Chemother,10.1128/aac.00825-07,18195068,Weak or non-quantitative,non-protein target (organism)
5093699,CHEMBL297453,CHEMBL1633730,F,Antiviral activity against Human herpesvirus 1 isolate P56 infected in African green monkey vero cells assessed as log reduction in viral titer at 100 uM within 10 mins,FC,=,2.0,,,,0,CHEMBL377,Human alphaherpesvirus 1,ORGANISM,Human alphaherpesvirus 1,10298,,CHEMBL1629542,2008,Antimicrob Agents Chemother,10.1128/aac.00825-07,18195068,Weak or non-quantitative,non-protein target (organism)
5093700,CHEMBL297453,CHEMBL1633731,F,Antiviral activity against Human herpesvirus 1 isolate P32 infected in African green monkey vero cells assessed as log reduction in viral titer at 100 uM within 20 mins,FC,=,3.0,,,,0,CHEMBL377,Human alphaherpesvirus 1,ORGANISM,Human alphaherpesvirus 1,10298,,CHEMBL1629542,2008,Antimicrob Agents Chemother,10.1128/aac.00825-07,18195068,Weak or non-quantitative,non-protein target (organism)
5093701,CHEMBL297453,CHEMBL1633732,F,Antiviral activity against Human herpesvirus 1 isolate P56 infected in African green monkey vero cells assessed as log reduction in viral titer at 100 uM within 20 mins,FC,=,3.0,,,,0,CHEMBL377,Human alphaherpesvirus 1,ORGANISM,Human alphaherpesvirus 1,10298,,CHEMBL1629542,2008,Antimicrob Agents Chemother,10.1128/aac.00825-07,18195068,Weak or non-quantitative,non-protein target (organism)
5093702,CHEMBL297453,CHEMBL1633609,F,Antiviral activity against Human herpesvirus 1 isolate P15 infected in African green monkey vero cells assessed as log reduction in viral titer at 100 uM after 40 to 60 mins,FC,=,3.0,,,,0,CHEMBL377,Human alphaherpesvirus 1,ORGANISM,Human alphaherpesvirus 1,10298,,CHEMBL1629542,2008,Antimicrob Agents Chemother,10.1128/aac.00825-07,18195068,Weak or non-quantitative,non-protein target (organism)
5093703,CHEMBL297453,CHEMBL1633610,F,Antiviral activity against Human herpesvirus 1 isolate P25 infected in African green monkey vero cells assessed as log reduction in viral titer at 100 uM after 40 to 60 mins,FC,=,3.0,,,,0,CHEMBL377,Human alphaherpesvirus 1,ORGANISM,Human alphaherpesvirus 1,10298,,CHEMBL1629542,2008,Antimicrob Agents Chemother,10.1128/aac.00825-07,18195068,Weak or non-quantitative,non-protein target (organism)
5093704,CHEMBL297453,CHEMBL1633721,F,Antiviral activity against Human herpesvirus 1 isolate P38 infected in African green monkey vero cells assessed as log reduction in viral titer at 100 uM after 40 to 60 mins,FC,=,3.0,,,,0,CHEMBL377,Human alphaherpesvirus 1,ORGANISM,Human alphaherpesvirus 1,10298,,CHEMBL1629542,2008,Antimicrob Agents Chemother,10.1128/aac.00825-07,18195068,Weak or non-quantitative,non-protein target (organism)
5093705,CHEMBL297453,CHEMBL1633722,F,Antiviral activity against Human herpesvirus 1 isolate P42 infected in African green monkey vero cells assessed as log reduction in viral titer at 100 uM after 40 to 60 mins,FC,=,3.0,,,,0,CHEMBL377,Human alphaherpesvirus 1,ORGANISM,Human alphaherpesvirus 1,10298,,CHEMBL1629542,2008,Antimicrob Agents Chemother,10.1128/aac.00825-07,18195068,Weak or non-quantitative,non-protein target (organism)
5093706,CHEMBL297453,CHEMBL1633723,F,Antiviral activity against Human herpesvirus 1 isolate P15 infected in African green monkey vero cells assessed as log reduction in viral titer at 100 uM after 30 mins,FC,=,2.0,,,,0,CHEMBL377,Human alphaherpesvirus 1,ORGANISM,Human alphaherpesvirus 1,10298,,CHEMBL1629542,2008,Antimicrob Agents Chemother,10.1128/aac.00825-07,18195068,Weak or non-quantitative,non-protein target (organism)
5093707,CHEMBL297453,CHEMBL1633724,F,Antiviral activity against Human herpesvirus 1 isolate P25 infected in African green monkey vero cells assessed as log reduction in viral titer at 100 uM after 30 mins,FC,=,2.0,,,,0,CHEMBL377,Human alphaherpesvirus 1,ORGANISM,Human alphaherpesvirus 1,10298,,CHEMBL1629542,2008,Antimicrob Agents Chemother,10.1128/aac.00825-07,18195068,Weak or non-quantitative,non-protein target (organism)
5093708,CHEMBL297453,CHEMBL1633725,F,Antiviral activity against Human herpesvirus 1 isolate P32 infected in African green monkey vero cells assessed as log reduction in viral titer at 100 uM after 30 mins,FC,=,2.0,,,,0,CHEMBL377,Human alphaherpesvirus 1,ORGANISM,Human alphaherpesvirus 1,10298,,CHEMBL1629542,2008,Antimicrob Agents Chemother,10.1128/aac.00825-07,18195068,Weak or non-quantitative,non-protein target (organism)
5093709,CHEMBL297453,CHEMBL1633726,F,Antiviral activity against Human herpesvirus 1 isolate P38 infected in African green monkey vero cells assessed as log reduction in viral titer at 100 uM after 30 mins,FC,=,2.0,,,,0,CHEMBL377,Human alphaherpesvirus 1,ORGANISM,Human alphaherpesvirus 1,10298,,CHEMBL1629542,2008,Antimicrob Agents Chemother,10.1128/aac.00825-07,18195068,Weak or non-quantitative,non-protein target (organism)
5093710,CHEMBL297453,CHEMBL1633727,F,Antiviral activity against Human herpesvirus 1 isolate P42 infected in African green monkey vero cells assessed as log reduction in viral titer at 100 uM after 30 mins,FC,=,2.0,,,,0,CHEMBL377,Human alphaherpesvirus 1,ORGANISM,Human alphaherpesvirus 1,10298,,CHEMBL1629542,2008,Antimicrob Agents Chemother,10.1128/aac.00825-07,18195068,Weak or non-quantitative,non-protein target (organism)
5093711,CHEMBL297453,CHEMBL1633728,F,Antiviral activity against Human herpesvirus 1 isolate P56 infected in African green monkey vero cells assessed as log reduction in viral titer at 100 uM after 30 mins,FC,=,2.0,,,,0,CHEMBL377,Human alphaherpesvirus 1,ORGANISM,Human alphaherpesvirus 1,10298,,CHEMBL1629542,2008,Antimicrob Agents Chemother,10.1128/aac.00825-07,18195068,Weak or non-quantitative,non-protein target (organism)
5093715,CHEMBL297453,CHEMBL1633736,F,Antiviral activity against Human herpesvirus 1 F1 assessed as damage of viral particle at 100 uM after 2 hrs by electron microscopy,Activity,,,,,,0,CHEMBL377,Human alphaherpesvirus 1,ORGANISM,Human alphaherpesvirus 1,10298,,CHEMBL1629542,2008,Antimicrob Agents Chemother,10.1128/aac.00825-07,18195068,Weak or non-quantitative,non-protein target (organism)
5093716,CHEMBL297453,CHEMBL1633737,F,Antiviral activity against Human herpesvirus 1 F1 assessed as decrease in labeled gD envelope glycoprotein at 100 uM after 2 hrs by electron microscopy,Activity,,,,,,0,CHEMBL377,Human alphaherpesvirus 1,ORGANISM,Human alphaherpesvirus 1,10298,,CHEMBL1629542,2008,Antimicrob Agents Chemother,10.1128/aac.00825-07,18195068,Weak or non-quantitative,non-protein target (organism)
5093717,CHEMBL297453,CHEMBL1633738,F,Antiviral activity against Human herpesvirus 1 F1 assessed as decrease in labeled gB envelope glycoprotein at 100 uM after 2 hrs by electron microscopy,Activity,,,,,,0,CHEMBL377,Human alphaherpesvirus 1,ORGANISM,Human alphaherpesvirus 1,10298,,CHEMBL1629542,2008,Antimicrob Agents Chemother,10.1128/aac.00825-07,18195068,Weak or non-quantitative,non-protein target (organism)
5093647,CHEMBL297453,CHEMBL1635335,F,Antiviral activity against Human herpesvirus 2 strain 333 strain 333 infected in African green monkey CV-1 cells,IC50,=,25000.0,nM,4.6,,0,CHEMBL370,Human alphaherpesvirus 2,ORGANISM,Human alphaherpesvirus 2,10310,,CHEMBL1629542,2008,Antimicrob Agents Chemother,10.1128/aac.00825-07,18195068,Weak or non-quantitative,non-protein target (organism)
5093649,CHEMBL297453,CHEMBL1635337,F,Antiviral activity against Human herpesvirus 2 isolate P11 infected in African green monkey CV1 cells,IC50,=,12480.0,nM,4.9,,0,CHEMBL370,Human alphaherpesvirus 2,ORGANISM,Human alphaherpesvirus 2,10310,,CHEMBL1629542,2008,Antimicrob Agents Chemother,10.1128/aac.00825-07,18195068,Weak or non-quantitative,non-protein target (organism)
5093650,CHEMBL297453,CHEMBL1635338,F,Antiviral activity against Human herpesvirus 2 isolate P12 infected in African green monkey CV1 cells,IC50,=,12500.0,nM,4.9,,0,CHEMBL370,Human alphaherpesvirus 2,ORGANISM,Human alphaherpesvirus 2,10310,,CHEMBL1629542,2008,Antimicrob Agents Chemother,10.1128/aac.00825-07,18195068,Weak or non-quantitative,non-protein target (organism)
5093651,CHEMBL297453,CHEMBL1635339,F,Antiviral activity against Human herpesvirus 2 isolate P22 infected in African green monkey CV1 cells,IC50,=,12470.0,nM,4.9,,0,CHEMBL370,Human alphaherpesvirus 2,ORGANISM,Human alphaherpesvirus 2,10310,,CHEMBL1629542,2008,Antimicrob Agents Chemother,10.1128/aac.00825-07,18195068,Weak or non-quantitative,non-protein target (organism)
5093653,CHEMBL297453,CHEMBL1635341,F,Antiviral activity against Human herpesvirus 2 isolate P47 infected in African green monkey CV1 cells,IC50,=,12500.0,nM,4.9,,0,CHEMBL370,Human alphaherpesvirus 2,ORGANISM,Human alphaherpesvirus 2,10310,,CHEMBL1629542,2008,Antimicrob Agents Chemother,10.1128/aac.00825-07,18195068,Weak or non-quantitative,non-protein target (organism)
5093648,CHEMBL297453,CHEMBL1635336,F,Antiviral activity against Human herpesvirus 2 isolate P2 infected in African green monkey CV1 cells,IC50,=,12270.0,nM,4.91,,0,CHEMBL370,Human alphaherpesvirus 2,ORGANISM,Human alphaherpesvirus 2,10310,,CHEMBL1629542,2008,Antimicrob Agents Chemother,10.1128/aac.00825-07,18195068,Weak or non-quantitative,non-protein target (organism)
5093652,CHEMBL297453,CHEMBL1635340,F,Antiviral activity against Human herpesvirus 2 isolate P27 infected in African green monkey CV1 cells,IC50,=,12050.0,nM,4.92,,0,CHEMBL370,Human alphaherpesvirus 2,ORGANISM,Human alphaherpesvirus 2,10310,,CHEMBL1629542,2008,Antimicrob Agents Chemother,10.1128/aac.00825-07,18195068,Weak or non-quantitative,non-protein target (organism)
5093639,CHEMBL297453,CHEMBL1633603,F,Antiviral activity against Human herpesvirus 2 isolate P2 infected in African green monkey CV1 cells assessed as log reduction in viral titer at 100 uM within 20 mins,FC,=,3.0,,,,0,CHEMBL370,Human alphaherpesvirus 2,ORGANISM,Human alphaherpesvirus 2,10310,,CHEMBL1629542,2008,Antimicrob Agents Chemother,10.1128/aac.00825-07,18195068,Weak or non-quantitative,non-protein target (organism)
5093640,CHEMBL297453,CHEMBL1633605,F,Antiviral activity against Human herpesvirus 2 isolate P12 infected in African green monkey CV1 cells assessed as log reduction in viral titer at 100 uM within 20 mins,FC,=,3.0,,,,0,CHEMBL370,Human alphaherpesvirus 2,ORGANISM,Human alphaherpesvirus 2,10310,,CHEMBL1629542,2008,Antimicrob Agents Chemother,10.1128/aac.00825-07,18195068,Weak or non-quantitative,non-protein target (organism)
5093641,CHEMBL297453,CHEMBL1633604,F,Antiviral activity against Human herpesvirus 2 isolate P11 infected in African green monkey CV1 cells assessed as log reduction in viral titer at 100 uM within 20 mins,FC,=,3.0,,,,0,CHEMBL370,Human alphaherpesvirus 2,ORGANISM,Human alphaherpesvirus 2,10310,,CHEMBL1629542,2008,Antimicrob Agents Chemother,10.1128/aac.00825-07,18195068,Weak or non-quantitative,non-protein target (organism)
5093644,CHEMBL297453,CHEMBL1635328,F,Antiviral activity against Human herpesvirus 2 strain 333 infected in African green monkey CV1 cells assessed as log reduction in viral titer at 100 uM,FC,=,4.0,,,,0,CHEMBL370,Human alphaherpesvirus 2,ORGANISM,Human alphaherpesvirus 2,10310,,CHEMBL1629542,2008,Antimicrob Agents Chemother,10.1128/aac.00825-07,18195068,Weak or non-quantitative,non-protein target (organism)
5093661,CHEMBL297453,CHEMBL1635329,F,Antiviral activity against Human herpesvirus 2 isolate P2 infected in African green monkey CV1 cells assessed as log reduction in viral titer at 12.5 uM,FC,>=,2.0,,,,0,CHEMBL370,Human alphaherpesvirus 2,ORGANISM,Human alphaherpesvirus 2,10310,,CHEMBL1629542,2008,Antimicrob Agents Chemother,10.1128/aac.00825-07,18195068,Weak or non-quantitative,non-protein target (organism); censored value (>=)
5093662,CHEMBL297453,CHEMBL1635330,F,Antiviral activity against Human herpesvirus 2 isolate P11 infected in African green monkey CV1 cells assessed as log reduction in viral titer at 12.5 uM,FC,>=,2.0,,,,0,CHEMBL370,Human alphaherpesvirus 2,ORGANISM,Human alphaherpesvirus 2,10310,,CHEMBL1629542,2008,Antimicrob Agents Chemother,10.1128/aac.00825-07,18195068,Weak or non-quantitative,non-protein target (organism); censored value (>=)
5093663,CHEMBL297453,CHEMBL1635331,F,Antiviral activity against Human herpesvirus 2 isolate P12 infected in African green monkey CV1 cells assessed as log reduction in viral titer at 12.5 uM,FC,>=,2.0,,,,0,CHEMBL370,Human alphaherpesvirus 2,ORGANISM,Human alphaherpesvirus 2,10310,,CHEMBL1629542,2008,Antimicrob Agents Chemother,10.1128/aac.00825-07,18195068,Weak or non-quantitative,non-protein target (organism); censored value (>=)
5093664,CHEMBL297453,CHEMBL1635332,F,Antiviral activity against Human herpesvirus 2 isolate P22 infected in African green monkey CV1 cells assessed as log reduction in viral titer at 12.5 uM,FC,>=,2.0,,,,0,CHEMBL370,Human alphaherpesvirus 2,ORGANISM,Human alphaherpesvirus 2,10310,,CHEMBL1629542,2008,Antimicrob Agents Chemother,10.1128/aac.00825-07,18195068,Weak or non-quantitative,non-protein target (organism); censored value (>=)
5093665,CHEMBL297453,CHEMBL1635333,F,Antiviral activity against Human herpesvirus 2 isolate P27 infected in African green monkey CV1 cells assessed as log reduction in viral titer at 12.5 uM,FC,>=,2.0,,,,0,CHEMBL370,Human alphaherpesvirus 2,ORGANISM,Human alphaherpesvirus 2,10310,,CHEMBL1629542,2008,Antimicrob Agents Chemother,10.1128/aac.00825-07,18195068,Weak or non-quantitative,non-protein target (organism); censored value (>=)
5093666,CHEMBL297453,CHEMBL1635334,F,Antiviral activity against Human herpesvirus 2 isolate P47 infected in African green monkey CV1 cells assessed as log reduction in viral titer at 12.5 uM,FC,>=,2.0,,,,0,CHEMBL370,Human alphaherpesvirus 2,ORGANISM,Human alphaherpesvirus 2,10310,,CHEMBL1629542,2008,Antimicrob Agents Chemother,10.1128/aac.00825-07,18195068,Weak or non-quantitative,non-protein target (organism); censored value (>=)
5093667,CHEMBL297453,CHEMBL1635342,F,Antiviral activity against Human herpesvirus 2 isolate P2 infected in African green monkey CV1 cells assessed as log reduction viral titer at 50 uM,FC,>,4.0,,,,0,CHEMBL370,Human alphaherpesvirus 2,ORGANISM,Human alphaherpesvirus 2,10310,,CHEMBL1629542,2008,Antimicrob Agents Chemother,10.1128/aac.00825-07,18195068,Weak or non-quantitative,non-protein target (organism); censored value (>)
5093668,CHEMBL297453,CHEMBL1635343,F,Antiviral activity against Human herpesvirus 2 isolate P11 infected in African green monkey CV1 cells assessed as log reduction viral titer at 50 uM,FC,>,4.0,,,,0,CHEMBL370,Human alphaherpesvirus 2,ORGANISM,Human alphaherpesvirus 2,10310,,CHEMBL1629542,2008,Antimicrob Agents Chemother,10.1128/aac.00825-07,18195068,Weak or non-quantitative,non-protein target (organism); censored value (>)
5093669,CHEMBL297453,CHEMBL1635344,F,Antiviral activity against Human herpesvirus 2 isolate P12 infected in African green monkey CV1 cells assessed as log reduction viral titer at 50 uM,FC,>,4.0,,,,0,CHEMBL370,Human alphaherpesvirus 2,ORGANISM,Human alphaherpesvirus 2,10310,,CHEMBL1629542,2008,Antimicrob Agents Chemother,10.1128/aac.00825-07,18195068,Weak or non-quantitative,non-protein target (organism); censored value (>)
5093670,CHEMBL297453,CHEMBL1635345,F,Antiviral activity against Human herpesvirus 2 isolate P22 infected in African green monkey CV1 cells assessed as log reduction viral titer at 50 uM,FC,>,4.0,,,,0,CHEMBL370,Human alphaherpesvirus 2,ORGANISM,Human alphaherpesvirus 2,10310,,CHEMBL1629542,2008,Antimicrob Agents Chemother,10.1128/aac.00825-07,18195068,Weak or non-quantitative,non-protein target (organism); censored value (>)
5093671,CHEMBL297453,CHEMBL1635346,F,Antiviral activity against Human herpesvirus 2 isolate P27 infected in African green monkey CV1 cells assessed as log reduction viral titer at 50 uM,FC,>,4.0,,,,0,CHEMBL370,Human alphaherpesvirus 2,ORGANISM,Human alphaherpesvirus 2,10310,,CHEMBL1629542,2008,Antimicrob Agents Chemother,10.1128/aac.00825-07,18195068,Weak or non-quantitative,non-protein target (organism); censored value (>)
5093672,CHEMBL297453,CHEMBL1635347,F,Antiviral activity against Human herpesvirus 2 isolate P47 infected in African green monkey CV1 cells assessed as log reduction viral titer at 50 uM,FC,>,4.0,,,,0,CHEMBL370,Human alphaherpesvirus 2,ORGANISM,Human alphaherpesvirus 2,10310,,CHEMBL1629542,2008,Antimicrob Agents Chemother,10.1128/aac.00825-07,18195068,Weak or non-quantitative,non-protein target (organism); censored value (>)
5093673,CHEMBL297453,CHEMBL1635348,F,Antiviral activity against Human herpesvirus 2 strain 333 infected in African green monkey CV1 cells assessed as log reduction viral titer at 12.5 ug/ml,FC,=,0.56,,,,0,CHEMBL370,Human alphaherpesvirus 2,ORGANISM,Human alphaherpesvirus 2,10310,,CHEMBL1629542,2008,Antimicrob Agents Chemother,10.1128/aac.00825-07,18195068,Weak or non-quantitative,non-protein target (organism)
5093674,CHEMBL297453,CHEMBL1635349,F,Antiviral activity against Human herpesvirus 2 isolate P2 infected in African green monkey CV1 cells assessed as log reduction viral titer at 12.5 ug/ml,FC,=,3.15,,,,0,CHEMBL370,Human alphaherpesvirus 2,ORGANISM,Human alphaherpesvirus 2,10310,,CHEMBL1629542,2008,Antimicrob Agents Chemother,10.1128/aac.00825-07,18195068,Weak or non-quantitative,non-protein target (organism)
5093688,CHEMBL297453,CHEMBL1633597,F,Antiviral activity against Human herpesvirus 2 isolate P2 infected in African green monkey CV1 cells assessed as log reduction in viral titer at 100 uM within 10 mins,FC,=,2.0,,,,0,CHEMBL370,Human alphaherpesvirus 2,ORGANISM,Human alphaherpesvirus 2,10310,,CHEMBL1629542,2008,Antimicrob Agents Chemother,10.1128/aac.00825-07,18195068,Weak or non-quantitative,non-protein target (organism)
5093689,CHEMBL297453,CHEMBL1633598,F,Antiviral activity against Human herpesvirus 2 isolate P11 infected in African green monkey CV1 cells assessed as log reduction in viral titer at 100 uM within 10 mins,FC,=,2.0,,,,0,CHEMBL370,Human alphaherpesvirus 2,ORGANISM,Human alphaherpesvirus 2,10310,,CHEMBL1629542,2008,Antimicrob Agents Chemother,10.1128/aac.00825-07,18195068,Weak or non-quantitative,non-protein target (organism)
5093690,CHEMBL297453,CHEMBL1633599,F,Antiviral activity against Human herpesvirus 2 isolate P12 infected in African green monkey CV1 cells assessed as log reduction in viral titer at 100 uM within 10 mins,FC,=,2.0,,,,0,CHEMBL370,Human alphaherpesvirus 2,ORGANISM,Human alphaherpesvirus 2,10310,,CHEMBL1629542,2008,Antimicrob Agents Chemother,10.1128/aac.00825-07,18195068,Weak or non-quantitative,non-protein target (organism)
5093691,CHEMBL297453,CHEMBL1633600,F,Antiviral activity against Human herpesvirus 2 isolate P22 infected in African green monkey CV1 cells assessed as log reduction in viral titer at 100 uM within 10 mins,FC,=,2.0,,,,0,CHEMBL370,Human alphaherpesvirus 2,ORGANISM,Human alphaherpesvirus 2,10310,,CHEMBL1629542,2008,Antimicrob Agents Chemother,10.1128/aac.00825-07,18195068,Weak or non-quantitative,non-protein target (organism)
5093692,CHEMBL297453,CHEMBL1633601,F,Antiviral activity against Human herpesvirus 2 isolate P27 infected in African green monkey CV1 cells assessed as log reduction in viral titer at 100 uM within 10 mins,FC,=,2.0,,,,0,CHEMBL370,Human alphaherpesvirus 2,ORGANISM,Human alphaherpesvirus 2,10310,,CHEMBL1629542,2008,Antimicrob Agents Chemother,10.1128/aac.00825-07,18195068,Weak or non-quantitative,non-protein target (organism)
5093693,CHEMBL297453,CHEMBL1633602,F,Antiviral activity against Human herpesvirus 2 isolate P47 infected in African green monkey CV1 cells assessed as log reduction in viral titer at 100 uM within 10 mins,FC,=,2.0,,,,0,CHEMBL370,Human alphaherpesvirus 2,ORGANISM,Human alphaherpesvirus 2,10310,,CHEMBL1629542,2008,Antimicrob Agents Chemother,10.1128/aac.00825-07,18195068,Weak or non-quantitative,non-protein target (organism)
5093694,CHEMBL297453,CHEMBL1633596,F,Antiviral activity against Human herpesvirus 2 strain 333 infected in African green monkey vero cells assessed as log reduction in viral titer at 100 uM after 60 mins,FC,=,4.0,,,,0,CHEMBL370,Human alphaherpesvirus 2,ORGANISM,Human alphaherpesvirus 2,10310,,CHEMBL1629542,2008,Antimicrob Agents Chemother,10.1128/aac.00825-07,18195068,Weak or non-quantitative,non-protein target (organism)
5093695,CHEMBL297453,CHEMBL1633606,F,Antiviral activity against Human herpesvirus 2 isolate P22 infected in African green monkey CV1 cells assessed as log reduction in viral titer at 100 uM within 20 mins,FC,=,3.0,,,,0,CHEMBL370,Human alphaherpesvirus 2,ORGANISM,Human alphaherpesvirus 2,10310,,CHEMBL1629542,2008,Antimicrob Agents Chemother,10.1128/aac.00825-07,18195068,Weak or non-quantitative,non-protein target (organism)
5093696,CHEMBL297453,CHEMBL1633607,F,Antiviral activity against Human herpesvirus 2 isolate P27 infected in African green monkey CV1 cells assessed as log reduction in viral titer at 100 uM within 20 mins,FC,=,3.0,,,,0,CHEMBL370,Human alphaherpesvirus 2,ORGANISM,Human alphaherpesvirus 2,10310,,CHEMBL1629542,2008,Antimicrob Agents Chemother,10.1128/aac.00825-07,18195068,Weak or non-quantitative,non-protein target (organism)
5093697,CHEMBL297453,CHEMBL1633608,F,Antiviral activity against Human herpesvirus 2 isolate P47 infected in African green monkey CV1 cells assessed as log reduction in viral titer at 100 uM within 20 mins,FC,=,3.0,,,,0,CHEMBL370,Human alphaherpesvirus 2,ORGANISM,Human alphaherpesvirus 2,10310,,CHEMBL1629542,2008,Antimicrob Agents Chemother,10.1128/aac.00825-07,18195068,Weak or non-quantitative,non-protein target (organism)
5093712,CHEMBL297453,CHEMBL1633733,F,Antiviral activity against Human herpesvirus 2 strain 333 infected in African green monkey CV-1 cells assessed as log reduction in viral titer at 100 uM after 20 mins,FC,>=,3.0,,,,0,CHEMBL370,Human alphaherpesvirus 2,ORGANISM,Human alphaherpesvirus 2,10310,,CHEMBL1629542,2008,Antimicrob Agents Chemother,10.1128/aac.00825-07,18195068,Weak or non-quantitative,non-protein target (organism); censored value (>=)
969955,CHEMBL297453,CHEMBL769229,F,In vitro assay for EBV activation in Raji cells induced by 12-O-tetradecanoylphorbol-13-acetate (TPA) at the concentration of 1000 (mol ratio / 32 pmol TPA),Activation,=,15.5,%,,,0,CHEMBL613124,Human gammaherpesvirus 4,ORGANISM,human gammaherpesvirus 4,10376,,CHEMBL1133250,2000,Bioorg Med Chem Lett,10.1016/s0960-894x(00)00314-0,10937722,Weak or non-quantitative,non-protein target (organism)
969956,CHEMBL297453,CHEMBL769230,F,In vitro assay for EBV activation in Raji cells induced by 12-O-tetradecanoylphorbol-13-acetate (TPA) at the concentration of 500 (mol ratio / 32 pmol TPA); (%Viability=>80),Activation,>,35.0,%,,,0,CHEMBL613124,Human gammaherpesvirus 4,ORGANISM,human gammaherpesvirus 4,10376,,CHEMBL1133250,2000,Bioorg Med Chem Lett,10.1016/s0960-894x(00)00314-0,10937722,Weak or non-quantitative,non-protein target (organism); censored value (>)
969957,CHEMBL297453,CHEMBL769228,F,In vitro assay for EBV activation in Raji cells induced by 12-O-tetradecanoylphorbol-13-acetate (TPA) at the concentration of 100 (mol ratio / 32 pmol TPA),Activation,>,69.0,%,,,0,CHEMBL613124,Human gammaherpesvirus 4,ORGANISM,human gammaherpesvirus 4,10376,,CHEMBL1133250,2000,Bioorg Med Chem Lett,10.1016/s0960-894x(00)00314-0,10937722,Weak or non-quantitative,non-protein target (organism); censored value (>)
969958,CHEMBL297453,CHEMBL769227,F,In vitro assay for EBV activation in Raji cells induced by 12-O-tetradecanoylphorbol-13-acetate (TPA) at the concentration of 10 (mol ratio / 32 pmol TPA),Activation,>,95.9,%,,,0,CHEMBL613124,Human gammaherpesvirus 4,ORGANISM,human gammaherpesvirus 4,10376,,CHEMBL1133250,2000,Bioorg Med Chem Lett,10.1016/s0960-894x(00)00314-0,10937722,Weak or non-quantitative,non-protein target (organism); censored value (>)
969959,CHEMBL297453,CHEMBL771010,F,"Tested for % viability of Rajii cells, in an in vitro assay for TPA-induced EBV activation at concentration of 1000 (mol ratio / 32 pmol TPA)",Viability,=,60.0,%,,,0,CHEMBL613124,Human gammaherpesvirus 4,ORGANISM,human gammaherpesvirus 4,10376,,CHEMBL1133250,2000,Bioorg Med Chem Lett,10.1016/s0960-894x(00)00314-0,10937722,Weak or non-quantitative,non-protein target (organism)
969960,CHEMBL297453,CHEMBL879107,F,"Tested for % viability of Rajii cells, in an in vitro assay for TPA-induced EBV activation at concentration of 500 (mol ratio / 32 pmol TPA)",Viability,>,80.0,%,,,0,CHEMBL613124,Human gammaherpesvirus 4,ORGANISM,human gammaherpesvirus 4,10376,,CHEMBL1133250,2000,Bioorg Med Chem Lett,10.1016/s0960-894x(00)00314-0,10937722,Weak or non-quantitative,non-protein target (organism); censored value (>)
969961,CHEMBL297453,CHEMBL771009,F,"Tested for % viability of Rajii cells, in an in vitro assay for TPA-induced EBV activation at concentration of 100 (mol ratio / 32 pmol TPA)",Viability,>,80.0,%,,,0,CHEMBL613124,Human gammaherpesvirus 4,ORGANISM,human gammaherpesvirus 4,10376,,CHEMBL1133250,2000,Bioorg Med Chem Lett,10.1016/s0960-894x(00)00314-0,10937722,Weak or non-quantitative,non-protein target (organism); censored value (>)
969962,CHEMBL297453,CHEMBL771008,F,"Tested for % viability of Rajii cells, in an in vitro assay for TPA-induced EBV activation at concentration of 10 (mol ratio / 32 pmol TPA)",Viability,>,80.0,%,,,0,CHEMBL613124,Human gammaherpesvirus 4,ORGANISM,human gammaherpesvirus 4,10376,,CHEMBL1133250,2000,Bioorg Med Chem Lett,10.1016/s0960-894x(00)00314-0,10937722,Weak or non-quantitative,non-protein target (organism); censored value (>)
2345608,CHEMBL297453,CHEMBL956446,F,Antiviral activity against HIV1 assessed as six-helix bundle formation assay,IC50,=,19910.0,nM,4.7,,0,CHEMBL378,Human immunodeficiency virus 1,ORGANISM,Human immunodeficiency virus 1,11676,,CHEMBL1150796,2007,Antimicrob Agents Chemother,10.1128/aac.00150-07,17452484,Weak or non-quantitative,non-protein target (organism)
1274537,CHEMBL297453,CHEMBL683854,F,Inhibition of HIV-1 replication in H9 (human lymphoma) cells.,EC50,=,7.0,ug.mL-1,,,0,CHEMBL378,Human immunodeficiency virus 1,ORGANISM,Human immunodeficiency virus 1,11676,,CHEMBL1151995,1996,Bioorg Med Chem Lett,10.1016/0960-894X(96)00095-9,,Weak or non-quantitative,non-protein target (organism)
53488,CHEMBL297453,CHEMBL701293,B,Inhibition against HIV-1 integrase at 1 mM,Inhibition,>,50.0,%,,,0,CHEMBL3471,Human immunodeficiency virus type 1 integrase,SINGLE PROTEIN,Human immunodeficiency virus 1,11676,Q7ZJM1,CHEMBL1133723,2000,J Med Chem,10.1021/jm990322h,10841789,Weak or non-quantitative,censored value (>)
53489,CHEMBL297453,CHEMBL701294,B,Inhibition against HIV-1 integrase at 200 uM,Inhibition,>,50.0,%,,,0,CHEMBL3471,Human immunodeficiency virus type 1 integrase,SINGLE PROTEIN,Human immunodeficiency virus 1,11676,Q7ZJM1,CHEMBL1133723,2000,J Med Chem,10.1021/jm990322h,10841789,Weak or non-quantitative,censored value (>)
53490,CHEMBL297453,CHEMBL701295,B,Inhibition against HIV-1 integrase at 25 uM,Inhibition,>,50.0,%,,,0,CHEMBL3471,Human immunodeficiency virus type 1 integrase,SINGLE PROTEIN,Human immunodeficiency virus 1,11676,Q7ZJM1,CHEMBL1133723,2000,J Med Chem,10.1021/jm990322h,10841789,Weak or non-quantitative,censored value (>)
379739,CHEMBL297453,CHEMBL691050,B,Inhibitory concentration against polymerization in A17 double mutant HIV-1 RT using a template primer of poly rC/dG12-18 and [3H]dGTP; ND is not determined,IC50,,,nM,,,0,CHEMBL243,Human immunodeficiency virus type 1 protease,SINGLE PROTEIN,Human immunodeficiency virus 1,11676,Q72874,CHEMBL1134703,2001,Bioorg Med Chem Lett,10.1016/s0960-894x(01)00577-7,11591519,Weak or non-quantitative,
379738,CHEMBL297453,CHEMBL691051,B,Inhibition of polymerization in wild type HIV-1 RT with poly rC/dG12-18 template primer and [3H]dGTP,IC50,=,730.0,nM,6.14,,0,CHEMBL247,Human immunodeficiency virus type 1 reverse transcriptase,SINGLE PROTEIN,Human immunodeficiency virus 1,11676,Q72547,CHEMBL1134703,2001,Bioorg Med Chem Lett,10.1016/s0960-894x(01)00577-7,11591519,Potent in 1 publication,
2433808,CHEMBL297453,CHEMBL954473,B,Inhibition of hypoxia-induced HIF1 activation in human T47D cells expressing pTK-HRE-luc gene at 100 uM by luciferase reporter assay,Activity,,,,,,0,CHEMBL2221345,"Hypoxia inducible factors; HIF-1-alpha, HIF-2-alpha",PROTEIN FAMILY,Homo sapiens,9606,Q16665;Q99814,CHEMBL1148976,2004,J Nat Prod,10.1021/np040140c,15620252,Weak or non-quantitative,
24723961,CHEMBL297453,CHEMBL5113856,B,Inhibition of Mcl-1/Bid (unknown origin),IC50,=,920.0,nM,6.04,,0,CHEMBL3430886,Induced myeloid leukemia cell differentiation protein Mcl-1/BH3-interacting domain death agonist,PROTEIN-PROTEIN INTERACTION,Homo sapiens,9606,P55957;Q07820,CHEMBL5113375,2021,Eur J Med Chem,10.1016/j.ejmech.2020.113038,33333396,Potent in 1 publication,
2446693,CHEMBL297453,CHEMBL937813,F,Antiviral activity against Influenza A/PR8/34(H1N1)) in dog MDCK cells,EC50,=,94600.0,nM,4.02,,0,CHEMBL613740,Influenza A virus,ORGANISM,Influenza A virus,11320,,CHEMBL1157513,2008,Bioorg Med Chem Lett,10.1016/j.bmcl.2008.02.020,18547804,Weak or non-quantitative,non-protein target (organism)
1898632,CHEMBL297453,CHEMBL888951,F,Antiviral activity against Influenza A virus (A/Memphis/1/71(H3N2)) in MDCK cells after 16 hrs by focus forming assay,IC50,=,41250.0,nM,4.38,,0,CHEMBL613740,Influenza A virus,ORGANISM,Influenza A virus,11320,,CHEMBL1144651,2007,Bioorg Med Chem Lett,10.1016/j.bmcl.2007.03.041,17420124,Weak or non-quantitative,non-protein target (organism)
25441049,CHEMBL297453,CHEMBL5316513,F,Antiviral activity against influenza A virus (H1N1/A/WSN/33) infected in MDCK cells assessed as inhibition of cytopathic effect incubated for 48 hrs by MTT assay,EC50,=,30380.0,nM,4.52,,0,CHEMBL613740,Influenza A virus,ORGANISM,Influenza A virus,11320,,CHEMBL5316264,2023,J Med Chem,10.1021/acs.jmedchem.2c00857,36521178,Weak or non-quantitative,non-protein target (organism)
22466029,CHEMBL297453,CHEMBL4684118,F,Antiviral activity against Influenza A virus (A/WSN/1933(H1N1)) infected in dog MDCK cells assessed as reduction in virus-induced cytopathic effect incubated for 48 hrs by MTT assay,EC50,=,28930.0,nM,4.54,,0,CHEMBL613740,Influenza A virus,ORGANISM,Influenza A virus,11320,,CHEMBL4680167,2020,Eur J Med Chem,10.1016/j.ejmech.2020.112048,31954881,Weak or non-quantitative,non-protein target (organism)
2446695,CHEMBL297453,CHEMBL944191,F,Antiviral activity against Influenza (A/PR8/34(H1N1)),EC50,=,391.0,nM,6.41,,0,CHEMBL613740,Influenza A virus,ORGANISM,Influenza A virus,11320,,CHEMBL1157513,2008,Bioorg Med Chem Lett,10.1016/j.bmcl.2008.02.020,18547804,Potent in 1 publication,non-protein target (organism)
7983568,CHEMBL297453,CHEMBL1936549,F,Antiviral activity against influenza A virus (A/swine/OH/511445/2007(H1N1)) Oh7 infected in MDCK cells assessed as inhibition of viral replication after 4 days by quantitative RT-PCR,ED50,=,8.3,uM,,,0,CHEMBL613740,Influenza A virus,ORGANISM,Influenza A virus,11320,,CHEMBL1933043,2012,Bioorg Med Chem Lett,10.1016/j.bmcl.2011.10.119,22115591,Weak or non-quantitative,non-protein target (organism)
18034292,CHEMBL297453,CHEMBL4008220,F,Antiviral activity against influenza B virus (B/Yamagata/16/88) infected in MDCK cells after 2 to 3 days by crystal violet staining based plaque reduction assay,EC50,=,26100.0,nM,4.58,,0,CHEMBL613129,Influenza B virus,ORGANISM,Influenza B virus,11520,,CHEMBL4007398,2017,J Med Chem,10.1021/acs.jmedchem.6b01227,28118010,Weak or non-quantitative,non-protein target (organism)
29251275,CHEMBL297453,CHEMBL6136314,F,Antiviral activity against Influenza virus H1N1 B/Panama/45/1990 infected in MDCK cells at 0.001 MOI assessed as inhibition of virus cytopathic effect measured after 48 hrs by crystal violet staining based assay,EC50,=,5700.0,nM,5.24,,0,CHEMBL613129,Influenza B virus,ORGANISM,Influenza B virus,11520,,CHEMBL6134807,2025,Bioorg Med Chem Lett,10.1016/j.bmcl.2025.130151,39988014,Weak or non-quantitative,non-protein target (organism)
14982102,CHEMBL297453,CHEMBL3377853,B,Inhibition of human type O erythrocyte ICAM1-mediated Plasmodium falciparum infection with at 50 uM,Inhibition,=,85.0,%,,,0,CHEMBL3070,Intercellular adhesion molecule 1,SINGLE PROTEIN,Homo sapiens,9606,P05362,CHEMBL3351935,2015,Bioorg Med Chem Lett,10.1016/j.bmcl.2014.11.039,25488841,Weak or non-quantitative,
25872571,CHEMBL297453,CHEMBL5513342,B,Inhibition of MMP-1 (unknown origin),IC50,=,7900.0,nM,5.1,,0,CHEMBL332,Interstitial collagenase,SINGLE PROTEIN,Homo sapiens,9606,P03956,CHEMBL5512611,2024,Eur J Med Chem,10.1016/j.ejmech.2024.116152,38278079,Weak or non-quantitative,
25014729,CHEMBL297453,CHEMBL5237971,B,Inhibition of MMP1 (unknown origin) at 50 uM relative to control,Inhibition,=,29.0,%,,,0,CHEMBL332,Interstitial collagenase,SINGLE PROTEIN,Homo sapiens,9606,P03956,CHEMBL5236577,2022,J Med Chem,10.1021/acs.jmedchem.2c01177,36250680,Weak or non-quantitative,
6186153,CHEMBL297453,CHEMBL1776499,F,Induction of myeloperoxidase expression in human K562 cells after 24 hrs by flow cytometry,Activity,=,14.3,%,,,0,CHEMBL385,K562,CELL-LINE,Homo sapiens,9606,,CHEMBL1772988,2011,J Nat Prod,10.1021/np1007729,21434603,Weak or non-quantitative,non-protein target (cell-line)
6186159,CHEMBL297453,CHEMBL1776493,F,Cytotoxicity against human K562 cells assessed as cell growth inhibition at 10 uM after 7 days by trypan blue based microscopic analysis,GI,,,,,,0,CHEMBL385,K562,CELL-LINE,Homo sapiens,9606,,CHEMBL1772988,2011,J Nat Prod,10.1021/np1007729,21434603,Weak or non-quantitative,non-protein target (cell-line)
6186163,CHEMBL297453,CHEMBL1776550,F,Induction of intracellular reactive oxygen species production in human K562 cells at 10 uM after 1 to 3 hrs by flow cytometry,Activity,,,,,,0,CHEMBL385,K562,CELL-LINE,Homo sapiens,9606,,CHEMBL1772988,2011,J Nat Prod,10.1021/np1007729,21434603,Weak or non-quantitative,non-protein target (cell-line)
6187085,CHEMBL297453,CHEMBL1776495,F,Induction of 67 kDa laminin receptor expression in human K562 cells after 24 hrs by flow cytometry analysis,Activity,,,,,,0,CHEMBL385,K562,CELL-LINE,Homo sapiens,9606,,CHEMBL1772988,2011,J Nat Prod,10.1021/np1007729,21434603,Weak or non-quantitative,non-protein target (cell-line)
25517697,CHEMBL297453,CHEMBL5336624,F,Antitumor activity against human KB cells assessed as inhibition of cell growth measured upto 96 hrs in presence of thymidine by Cell titer blue assay,Activity,=,70.0,%,,,0,CHEMBL398,KB,CELL-LINE,Homo sapiens,9606,,CHEMBL5335789,2023,Eur J Med Chem,10.1016/j.ejmech.2023.115820,37776575,Weak or non-quantitative,non-protein target (cell-line)
3196944,CHEMBL297453,CHEMBL1115805,F,Antibacterial activity against Klebsiella pneumoniae ATCC 10031 after 24 hrs by NCCLS method,MIC,>,128.0,ug.mL-1,,,0,CHEMBL350,Klebsiella pneumoniae,ORGANISM,Klebsiella pneumoniae,573,,CHEMBL1154814,2010,Eur J Med Chem,10.1016/j.ejmech.2009.11.045,19962795,Weak or non-quantitative,non-protein target (organism); censored value (>)
20161977,CHEMBL297453,CHEMBL4296186,F,"Antibacterial activity against Klebsiella pneumoniae MDR ATCC 70063 (CO-ADD:GN_003); MIC in CAMBH media using NBS plates, by OD(600)",Inhibition,=,17.83,%,,,0,CHEMBL350,Klebsiella pneumoniae,ORGANISM,Klebsiella pneumoniae,573,,CHEMBL4513141,,,10.6019/CHEMBL4513141,,Weak or non-quantitative,non-protein target (organism)
18577198,CHEMBL297453,CHEMBL4222114,B,Inhibition of LDH (unknown origin) at 0.625 uM using 2-PG relative to control,Inhibition,=,63.0,%,,,0,CHEMBL4105929,L-lactate dehydrogenase,SINGLE PROTEIN,Homo sapiens,9606,V9HWB9,CHEMBL4219134,2018,Bioorg Med Chem,10.1016/j.bmc.2018.02.044,29530347,Weak or non-quantitative,
2473272,CHEMBL297453,CHEMBL1023989,F,Cytotoxicity against mouse L1210 cells after 24 hrs by WST8 assay,IC50,=,690000.0,nM,,Outside typical range,0,CHEMBL386,L1210,CELL-LINE,Mus musculus,10090,,CHEMBL1142548,2008,Bioorg Med Chem,10.1016/j.bmc.2008.10.009,18951028,Weak or non-quantitative,ChEMBL validity: Outside typical range; non-protein target (cell-line)
15612979,CHEMBL297453,CHEMBL3584049,A,Cytotoxicity against mouse L929 cells after 3 days by MTS assay,IC50,=,82300.0,nM,4.08,,0,CHEMBL612267,L929,CELL-LINE,Mus musculus,10090,,CHEMBL3580553,2015,J Med Chem,10.1021/acs.jmedchem.5b00085,25985195,Weak or non-quantitative,non-protein target (cell-line)
23189597,CHEMBL297453,CHEMBL4818345,F,Cytoprotective activity against pig LLC-PK1 cells assessed as reduction in FK506-induced cytotoxicity incubated for 2 hrs followed by FK506 stimulation and measured after 24 hrs by MTT assay,Activity,,,,,,0,CHEMBL614577,LLC-PK1,CELL-LINE,Sus scrofa,9823,,CHEMBL4814050,2021,Bioorg Med Chem Lett,10.1016/j.bmcl.2021.128012,33838305,Weak or non-quantitative,non-protein target (cell-line)
18484052,CHEMBL297453,CHEMBL4185546,F,Cytotoxicity against human LN229 cells assessed as decrease in cell viability after 48 hrs by MTT assay,IC50,=,15000.0,nM,4.82,,0,CHEMBL4296459,LN-229,CELL-LINE,Homo sapiens,9606,,CHEMBL4184147,2017,J Med Chem,10.1021/acs.jmedchem.6b01026,28654265,Weak or non-quantitative,non-protein target (cell-line)
18484040,CHEMBL297453,CHEMBL4185582,F,Cytotoxicity against human LN229 cells assessed as cell viability at 6 uM after 48 hrs by MTT assay,Activity,=,106.0,%,,,0,CHEMBL4296459,LN-229,CELL-LINE,Homo sapiens,9606,,CHEMBL4184147,2017,J Med Chem,10.1021/acs.jmedchem.6b01026,28654265,Weak or non-quantitative,non-protein target (cell-line)
29081857,CHEMBL297453,CHEMBL6080219,F,Antifibrotic activity against TGFbeta-1 induced human LX-2 cells assessed as inhibition of COL1A1 mRNA expression at 20 uM incubated for 24 hrs by qRT-PCR analysis relative to control,Activity,=,89.0,%,,,0,CHEMBL5465457,LX-2,CELL-LINE,Homo sapiens,9606,,CHEMBL6078652,2024,J Nat Prod,10.1021/acs.jnatprod.4c00860,39560936,Weak or non-quantitative,non-protein target (cell-line)
29081858,CHEMBL297453,CHEMBL6080220,F,Antifibrotic activity against TGFbeta-1 induced human LX-2 cells assessed as inhibition of TGFB1 mRNA expression at 20 uM incubated for 24 hrs by qRT-PCR analysis relative to control,Activity,=,88.0,%,,,0,CHEMBL5465457,LX-2,CELL-LINE,Homo sapiens,9606,,CHEMBL6078652,2024,J Nat Prod,10.1021/acs.jnatprod.4c00860,39560936,Weak or non-quantitative,non-protein target (cell-line)
29081859,CHEMBL297453,CHEMBL6080221,F,Antifibrotic activity against TGFbeta-1 induced human LX-2 cells assessed as inhibition of ACTA2 mRNA expression at 20 uM incubated for 24 hrs by qRT-PCR analysis relative to control,Activity,=,62.0,%,,,0,CHEMBL5465457,LX-2,CELL-LINE,Homo sapiens,9606,,CHEMBL6078652,2024,J Nat Prod,10.1021/acs.jnatprod.4c00860,39560936,Weak or non-quantitative,non-protein target (cell-line)
18276243,CHEMBL297453,CHEMBL4119103,B,Induction of H2O2-inactivated bovine milk lactoperoxidase pseudo-halogenating activity assessed as increase in hypothiocyanate formation by measuring substrate Km using thiocyanate as substrate by Lineweaver-Burk plot,Km,=,320.0,nM,,,0,CHEMBL2295561,Lactoperoxidase,SINGLE PROTEIN,Bos taurus,9913,P80025,CHEMBL4118024,2017,J Nat Prod,10.1021/acs.jnatprod.6b00915,28368593,Weak or non-quantitative,
18276254,CHEMBL297453,CHEMBL4119104,B,Induction of H2O2-inactivated bovine milk lactoperoxidase pseudo-halogenating activity assessed as increase in hypothiocyanate formation by measuring substrate Kcat using thiocyanate as substrate by Lineweaver-Burk plot,Kcat,=,13.92,/s,,,0,CHEMBL2295561,Lactoperoxidase,SINGLE PROTEIN,Bos taurus,9913,P80025,CHEMBL4118024,2017,J Nat Prod,10.1021/acs.jnatprod.6b00915,28368593,Weak or non-quantitative,
18276266,CHEMBL297453,CHEMBL4119105,B,Induction of H2O2-inactivated bovine milk lactoperoxidase pseudo-halogenating activity assessed as increase in hypothiocyanate formation by measuring ratio of Kcat to Km for substrate using thiocyanate as substrate by Lineweaver-Burk plot,Kcat/Km,=,43.8,/uM/s,,,0,CHEMBL2295561,Lactoperoxidase,SINGLE PROTEIN,Bos taurus,9913,P80025,CHEMBL4118024,2017,J Nat Prod,10.1021/acs.jnatprod.6b00915,28368593,Weak or non-quantitative,
25495734,CHEMBL297453,CHEMBL5330546,B,Binding affinity to Epstein Barr virus LMP1 assessed as dissociation constant,Kd,=,360.0,nM,6.44,,0,CHEMBL1795089,Latent membrane protein 1,SINGLE PROTEIN,Human herpesvirus 4 (strain B95-8),10377,P03230,CHEMBL5329203,2023,Bioorg Med Chem,10.1016/j.bmc.2023.117483,37951136,Potent in 1 publication,
13470580,CHEMBL297453,CHEMBL2432983,F,Antileishmanial activity against intracellular amastigotes of Leishmania amazonensis MHOM/BR/75/LTB0016 infected in Swiss mouse peritoneal macrophages assessed as inhibition of infection index after 72 hrs by light microscopic analysis,IC50,=,1600.0,nM,5.8,,0,CHEMBL612877,Leishmania amazonensis,ORGANISM,Leishmania amazonensis,5659,,CHEMBL2429850,2013,J Nat Prod,10.1021/np400624d,24106750,Weak or non-quantitative,non-protein target (organism)
13470574,CHEMBL297453,CHEMBL2432976,F,"Antileishmanial activity against stationary-phase promastigotes of Leishmania amazonensis MHOM/BR/75/LTB0016 infected in BALB/c mouse assessed as reduction of parasite burden at 30 mg/kg, po administered 5 times per week",Activity,,,,,,0,CHEMBL612877,Leishmania amazonensis,ORGANISM,Leishmania amazonensis,5659,,CHEMBL2429850,2013,J Nat Prod,10.1021/np400624d,24106750,Weak or non-quantitative,non-protein target (organism)
13470575,CHEMBL297453,CHEMBL2432977,F,"Antileishmanial activity against stationary-phase promastigotes of Leishmania amazonensis MHOM/BR/75/LTB0016 infected in BALB/c mouse assessed as reduction of lesion size at 30 mg/kg, po administered 5 times per week",Activity,,,,,,0,CHEMBL612877,Leishmania amazonensis,ORGANISM,Leishmania amazonensis,5659,,CHEMBL2429850,2013,J Nat Prod,10.1021/np400624d,24106750,Weak or non-quantitative,non-protein target (organism)
13470578,CHEMBL297453,CHEMBL2432982,F,Antileishmanial activity against intracellular amastigotes of Leishmania amazonensis MHOM/BR/75/LTB0016 infected in Swiss mouse peritoneal macrophages assessed as growth inhibition at 12 uM after 72 hrs,GI,=,83.6,%,,,0,CHEMBL612877,Leishmania amazonensis,ORGANISM,Leishmania amazonensis,5659,,CHEMBL2429850,2013,J Nat Prod,10.1021/np400624d,24106750,Weak or non-quantitative,non-protein target (organism)
13470579,CHEMBL297453,CHEMBL2432983,F,Antileishmanial activity against intracellular amastigotes of Leishmania amazonensis MHOM/BR/75/LTB0016 infected in Swiss mouse peritoneal macrophages assessed as inhibition of infection index after 72 hrs by light microscopic analysis,Inhibition,,,%,,,0,CHEMBL612877,Leishmania amazonensis,ORGANISM,Leishmania amazonensis,5659,,CHEMBL2429850,2013,J Nat Prod,10.1021/np400624d,24106750,Weak or non-quantitative,non-protein target (organism)
15614238,CHEMBL297453,CHEMBL3583885,F,Induction of intracellular ROS generation in Leishmania amazonensis MHOM/BR/75/LTB0016 promastigotes at 500 uM incubated for 72 hrs by H2DCFDA dye based assay,FC,=,2.9,,,,0,CHEMBL612877,Leishmania amazonensis,ORGANISM,Leishmania amazonensis,5659,,CHEMBL3580591,2015,J Nat Prod,10.1021/acs.jnatprod.5b00011,25768915,Weak or non-quantitative,non-protein target (organism)
19308498,CHEMBL297453,CHEMBL4415773,F,Antileishmanial activity against Leishmania infantum MHOM/MA/67/ITMAP263 promastigotes infected in BALB/c mouse peritoneal macrophages assessed as decrease in parasitic infection index incubated for 72 hrs by light microscopy,EC50,=,2600.0,nM,5.58,,0,CHEMBL612848,Leishmania infantum,ORGANISM,Leishmania infantum,5671,,CHEMBL4414580,2019,J Nat Prod,10.1021/acs.jnatprod.9b00632,31503486,Weak or non-quantitative,non-protein target (organism)
19308499,CHEMBL297453,CHEMBL4415774,F,Antileishmanial activity against Leishmania infantum MHOM/MA/67/ITMAP263 promastigotes infected in BALB/c mouse peritoneal macrophages assessed as decrease in parasitic infection index at 48 uM incubated for 72 hrs by light microscopy relative to control,Inhibition,=,97.7,%,,,0,CHEMBL612848,Leishmania infantum,ORGANISM,Leishmania infantum,5671,,CHEMBL4414580,2019,J Nat Prod,10.1021/acs.jnatprod.9b00632,31503486,Weak or non-quantitative,non-protein target (organism)
19308501,CHEMBL297453,CHEMBL4415776,F,Antileishmanial activity against stationary phase of Leishmania infantum MHOM/MA/67/ITMAP263 promastigotes infected in orally dosed BALB/c mouse assessed as decrease in parasitic load in liver administered via gavage bid for 5 days on 7th day post infection and measured on day 30 by limiting dilution assay,Inhibition,,,%,,,0,CHEMBL612848,Leishmania infantum,ORGANISM,Leishmania infantum,5671,,CHEMBL4414580,2019,J Nat Prod,10.1021/acs.jnatprod.9b00632,31503486,Weak or non-quantitative,non-protein target (organism)
19308502,CHEMBL297453,CHEMBL4415777,F,Antileishmanial activity against stationary phase of Leishmania infantum MHOM/MA/67/ITMAP263 infected in BALB/c mouse assessed as decrease in parasitic load in liver at 12.5 mg/kg/day administered orally via gavage as bid for 5 days on 7th day post infection and measured on day 30 by limiting dilution assay relative to control,Inhibition,=,47.5,%,,,0,CHEMBL612848,Leishmania infantum,ORGANISM,Leishmania infantum,5671,,CHEMBL4414580,2019,J Nat Prod,10.1021/acs.jnatprod.9b00632,31503486,Weak or non-quantitative,non-protein target (organism)
19308503,CHEMBL297453,CHEMBL4415778,F,Antileishmanial activity against stationary phase of Leishmania infantum MHOM/MA/67/ITMAP263 infected in BALB/c mouse assessed as decrease in parasitic load in liver at 25 mg/kg/day administered orally via gavage as bid for 5 days on 7th day post infection and measured on day 30 by limiting dilution assay relative to control,Inhibition,=,93.6,%,,,0,CHEMBL612848,Leishmania infantum,ORGANISM,Leishmania infantum,5671,,CHEMBL4414580,2019,J Nat Prod,10.1021/acs.jnatprod.9b00632,31503486,Weak or non-quantitative,non-protein target (organism)
19308504,CHEMBL297453,CHEMBL4415779,F,Antileishmanial activity against stationary phase of Leishmania infantum MHOM/MA/67/ITMAP263 promastigotes infected in BALB/c mouse assessed as decrease in parasitic load in liver at 50 mg/kg/day administered orally via gavage as bid for 5 days on 7th day post infection and measured on day 30 by limiting dilution assay relative to control,Inhibition,=,98.7,%,,,0,CHEMBL612848,Leishmania infantum,ORGANISM,Leishmania infantum,5671,,CHEMBL4414580,2019,J Nat Prod,10.1021/acs.jnatprod.9b00632,31503486,Weak or non-quantitative,non-protein target (organism)
19308505,CHEMBL297453,CHEMBL4415776,F,Antileishmanial activity against stationary phase of Leishmania infantum MHOM/MA/67/ITMAP263 promastigotes infected in orally dosed BALB/c mouse assessed as decrease in parasitic load in liver administered via gavage bid for 5 days on 7th day post infection and measured on day 30 by limiting dilution assay,ED50,=,12.4,mg/kg/day,,,0,CHEMBL612848,Leishmania infantum,ORGANISM,Leishmania infantum,5671,,CHEMBL4414580,2019,J Nat Prod,10.1021/acs.jnatprod.9b00632,31503486,Weak or non-quantitative,non-protein target (organism)
19308506,CHEMBL297453,CHEMBL4415776,F,Antileishmanial activity against stationary phase of Leishmania infantum MHOM/MA/67/ITMAP263 promastigotes infected in orally dosed BALB/c mouse assessed as decrease in parasitic load in liver administered via gavage bid for 5 days on 7th day post infection and measured on day 30 by limiting dilution assay,ED90,=,21.5,mg/kg/day,,,0,CHEMBL612848,Leishmania infantum,ORGANISM,Leishmania infantum,5671,,CHEMBL4414580,2019,J Nat Prod,10.1021/acs.jnatprod.9b00632,31503486,Weak or non-quantitative,non-protein target (organism)
19308507,CHEMBL297453,CHEMBL4415773,F,Antileishmanial activity against Leishmania infantum MHOM/MA/67/ITMAP263 promastigotes infected in BALB/c mouse peritoneal macrophages assessed as decrease in parasitic infection index incubated for 72 hrs by light microscopy,Inhibition,,,%,,,0,CHEMBL612848,Leishmania infantum,ORGANISM,Leishmania infantum,5671,,CHEMBL4414580,2019,J Nat Prod,10.1021/acs.jnatprod.9b00632,31503486,Weak or non-quantitative,non-protein target (organism)
24867625,CHEMBL297453,CHEMBL5152113,B,Inhibition of Bacillus anthracis lethal factor,IC50,=,97.0,nM,7.01,,0,CHEMBL4372,Lethal factor,SINGLE PROTEIN,Bacillus anthracis,1392,P15917,CHEMBL5150007,2021,Eur J Med Chem,10.1016/j.ejmech.2021.113877,34624823,Potent in 1 publication,
12483095,CHEMBL297453,CHEMBL3053601,B,Binding affinity to Rattus norvegicus Wistar (rat) pancreatic phospholipid membrane by ultrafiltration-HPLC-UV/DAD method,Activity,=,78.8,%,,,0,CHEMBL4651323,Lipid bilayer,LIPID,,,,CHEMBL3046608,2012,Med Chem Res,10.1007/s00044-011-9890-z,,Weak or non-quantitative,non-protein target (lipid)
18484123,CHEMBL297453,CHEMBL4185632,B,Induction of DOPC/n-decane bilayer property changes assessed as concentration required to double gramicidin-induced quencher influx rate by single-channel electrophysiology method,Activity,=,11.2,uM,,,0,CHEMBL4651323,Lipid bilayer,LIPID,,,,CHEMBL4184147,2017,J Med Chem,10.1021/acs.jmedchem.6b01026,28654265,Weak or non-quantitative,non-protein target (lipid)
7381636,CHEMBL297453,CHEMBL1794352,F,"PUBCHEM_BIOASSAY: qHTS profiling assay for firefly luciferase inhibitor/activator using purified enzyme and Km concentrations of substrates (counterscreen for miR-21 project). (Class of assay: confirmatory) [Related pubchem assays (depositor defined):AID2288, AID2289, AID2598, AID411]",Potency,,21331.3,nM,,,0,CHEMBL5567,Luciferin 4-monooxygenase,SINGLE PROTEIN,Photinus pyralis,7054,P08659,CHEMBL1201862,,,,,Weak or non-quantitative,
3720341,CHEMBL297453,CHEMBL1613914,F,PUBCHEM_BIOASSAY: qHTS Assay for Inhibitors of Human Jumonji Domain Containing 2E (JMJD2E). (Class of assay: confirmatory) ,Potency,=,8912.5,nM,5.05,,0,CHEMBL1293226,Lysine-specific demethylase 4E,SINGLE PROTEIN,Homo sapiens,9606,B2RXH2,CHEMBL1201862,,,,,Weak or non-quantitative,
4946259,CHEMBL297453,CHEMBL1614076,F,"PUBCHEM_BIOASSAY: qHTS Assay for Inhibitors and Activators of Human alpha-Glucosidase Cleavage of Glycogen. (Class of assay: confirmatory) [Related pubchem assays: 1473, 1466 ]",Potency,=,3981.1,nM,5.4,,0,CHEMBL2608,Lysosomal alpha-glucosidase,SINGLE PROTEIN,Homo sapiens,9606,P10253,CHEMBL1201862,,,,,Weak or non-quantitative,
25517701,CHEMBL297453,CHEMBL5336628,B,Inhibition of p38-MAPK (unknown origin) at 30 uM relative to control,Inhibition,=,45.0,%,,,0,CHEMBL2094115,MAP kinase p38,PROTEIN FAMILY,Homo sapiens,9606,O15264;P53778;Q15759;Q16539,CHEMBL5335789,2023,Eur J Med Chem,10.1016/j.ejmech.2023.115820,37776575,Weak or non-quantitative,
18762090,CHEMBL297453,CHEMBL4266645,B,Inhibition of PRAK (unknown origin),IC50,=,1000.0,nM,6.0,,0,CHEMBL3094,MAP kinase-activated protein kinase 5,SINGLE PROTEIN,Homo sapiens,9606,Q8IW41,CHEMBL4265878,2018,J Med Chem,10.1021/acs.jmedchem.8b00185,29985601,Potent in 1 publication,
15108530,CHEMBL297453,CHEMBL3362701,F,Antiproliferative activity against human MCF7 cells,IC50,=,74000.0,nM,4.13,,0,CHEMBL387,MCF7,CELL-LINE,Homo sapiens,9606,,CHEMBL3352324,2014,J Med Chem,10.1021/jm500823a,25141341,Weak or non-quantitative,non-protein target (cell-line)
19259084,CHEMBL297453,CHEMBL4403644,F,Antiproliferative activity against human MCF7 cells,IC50,=,74000.0,nM,4.13,,0,CHEMBL387,MCF7,CELL-LINE,Homo sapiens,9606,,CHEMBL4402542,2020,J Med Chem,10.1021/acs.jmedchem.9b00940,31663736,Weak or non-quantitative,non-protein target (cell-line)
18870510,CHEMBL297453,CHEMBL4309847,F,Antiproliferative activity against human MCF7 cells,IC50,=,4000.0,nM,5.4,,0,CHEMBL387,MCF7,CELL-LINE,Homo sapiens,9606,,CHEMBL4308842,2018,J Med Chem,10.1021/acs.jmedchem.8b00825,30048133,Weak or non-quantitative,non-protein target (cell-line)
18484072,CHEMBL297453,CHEMBL4185535,F,Cytotoxicity against human MDA-MB-231 cells assessed as decrease in cell viability after 48 hrs by MTT assay,IC50,=,83000.0,nM,4.08,,0,CHEMBL400,MDA-MB-231,CELL-LINE,Homo sapiens,9606,,CHEMBL4184147,2017,J Med Chem,10.1021/acs.jmedchem.6b01026,28654265,Weak or non-quantitative,non-protein target (cell-line)
14981393,CHEMBL297453,CHEMBL3388551,F,Antiproliferative activity against human MDA-MB-231 cells after 4 hrs by MTT assay,IC50,=,76100.0,nM,4.12,,0,CHEMBL400,MDA-MB-231,CELL-LINE,Homo sapiens,9606,,CHEMBL3351753,2014,Bioorg Med Chem Lett,10.1016/j.bmcl.2014.10.041,25453798,Weak or non-quantitative,non-protein target (cell-line)
10874221,CHEMBL297453,CHEMBL2024864,F,Inhibition of mammosphere formation in human MDA-MB-231 cells at 10 uM after 7 days by inverted phase-contrast microscopy,Inhibition,=,20.1,%,,,0,CHEMBL400,MDA-MB-231,CELL-LINE,Homo sapiens,9606,,CHEMBL2021795,2012,Bioorg Med Chem,10.1016/j.bmc.2012.03.002,22459208,Weak or non-quantitative,non-protein target (cell-line)
10874224,CHEMBL297453,CHEMBL2024865,F,Inhibition of mammosphere formation in human MDA-MB-231 cells at 20 uM after 7 days by inverted phase-contrast microscopy,Inhibition,=,51.3,%,,,0,CHEMBL400,MDA-MB-231,CELL-LINE,Homo sapiens,9606,,CHEMBL2021795,2012,Bioorg Med Chem,10.1016/j.bmc.2012.03.002,22459208,Weak or non-quantitative,non-protein target (cell-line)
10874235,CHEMBL297453,CHEMBL2024859,F,Antiproliferative activity against human MDA-MB-231 cells after 24 hrs by MTT assay,Activity,,,,,,0,CHEMBL400,MDA-MB-231,CELL-LINE,Homo sapiens,9606,,CHEMBL2021795,2012,Bioorg Med Chem,10.1016/j.bmc.2012.03.002,22459208,Weak or non-quantitative,non-protein target (cell-line)
18484051,CHEMBL297453,CHEMBL4185571,F,Cytotoxicity against human MDA-MB-231 cells assessed as cell viability at 6 uM after 48 hrs by MTT assay,Activity,=,102.0,%,,,0,CHEMBL400,MDA-MB-231,CELL-LINE,Homo sapiens,9606,,CHEMBL4184147,2017,J Med Chem,10.1021/acs.jmedchem.6b01026,28654265,Weak or non-quantitative,non-protein target (cell-line)
25517704,CHEMBL297453,CHEMBL5336631,F,Inhibition of cell adhesion in human MDA-MB-231 cells assessed as reduction in cell adhesion at 10 uM relative to control,Activity,=,40.0,%,,,0,CHEMBL400,MDA-MB-231,CELL-LINE,Homo sapiens,9606,,CHEMBL5335789,2023,Eur J Med Chem,10.1016/j.ejmech.2023.115820,37776575,Weak or non-quantitative,non-protein target (cell-line)
25517705,CHEMBL297453,CHEMBL5336632,F,Inhibition of cell invasion of human MDA-MB-231 cells at 10 uM incubated for 24 hrs by crystal violet staining based analysis,Activity,=,56.0,%,,,0,CHEMBL400,MDA-MB-231,CELL-LINE,Homo sapiens,9606,,CHEMBL5335789,2023,Eur J Med Chem,10.1016/j.ejmech.2023.115820,37776575,Weak or non-quantitative,non-protein target (cell-line)
25517706,CHEMBL297453,CHEMBL5336633,F,Inhibition of cell migration in human MDA-MB-231 cells measured upto 48 hrs by transwell chamber assay relative to control,Activity,=,40.0,%,,,0,CHEMBL400,MDA-MB-231,CELL-LINE,Homo sapiens,9606,,CHEMBL5335789,2023,Eur J Med Chem,10.1016/j.ejmech.2023.115820,37776575,Weak or non-quantitative,non-protein target (cell-line)
25517722,CHEMBL297453,CHEMBL5336648,F,Cytotoxicity against human MDA-MB-231 cells assessed as cell growth inhibition incubated for 48 hrs by SRB assay,IC50,=,149000.0,nM,,Outside typical range,0,CHEMBL400,MDA-MB-231,CELL-LINE,Homo sapiens,9606,,CHEMBL5335789,2023,Eur J Med Chem,10.1016/j.ejmech.2023.115820,37776575,Weak or non-quantitative,ChEMBL validity: Outside typical range; non-protein target (cell-line)
12482875,CHEMBL297453,CHEMBL3059389,F,Cytotoxicity against ER-negative Homo sapiens (human) MDA-MB-468 cells assessed as inhibition of cell viability at 5 to 80 ug/ml after 24 to 72 hr by MTT assay,Inhibition,=,3.0,%,,,0,CHEMBL614335,MDA-MB-468,CELL-LINE,Homo sapiens,9606,,CHEMBL3044535,2012,Med Chem Res,10.1007/s00044-011-9800-4,,Weak or non-quantitative,non-protein target (cell-line)
12482876,CHEMBL297453,CHEMBL3058894,F,Cytotoxicity against ER-negative Homo sapiens (human) MDA-MB-468 cells assessed as growth inhibition at 5 to 80 ug/ml after 24 to 72 hr by MTT assay,GI,=,15.0,%,,,0,CHEMBL614335,MDA-MB-468,CELL-LINE,Homo sapiens,9606,,CHEMBL3044535,2012,Med Chem Res,10.1007/s00044-011-9800-4,,Weak or non-quantitative,non-protein target (cell-line)
2446692,CHEMBL297453,CHEMBL937812,A,Cytotoxicity against MDCK cells by MTT assay,CC50,=,275000.0,nM,,,0,CHEMBL614068,MDCK,CELL-LINE,Canis lupus familiaris,9615,,CHEMBL1157513,2008,Bioorg Med Chem Lett,10.1016/j.bmcl.2008.02.020,18547804,Weak or non-quantitative,non-protein target (cell-line)
7983557,CHEMBL297453,CHEMBL1936550,A,Cytotoxicity against MDCK cells after 4 days,TD50,=,45.5,uM,,,0,CHEMBL614068,MDCK,CELL-LINE,Canis lupus familiaris,9615,,CHEMBL1933043,2012,Bioorg Med Chem Lett,10.1016/j.bmcl.2011.10.119,22115591,Weak or non-quantitative,non-protein target (cell-line)
18034327,CHEMBL297453,CHEMBL4008221,A,Cytotoxicity against MDCK cells after 48 hrs by MTT assay,CC50,=,275400.0,nM,,,0,CHEMBL614068,MDCK,CELL-LINE,Canis lupus familiaris,9615,,CHEMBL4007398,2017,J Med Chem,10.1021/acs.jmedchem.6b01227,28118010,Weak or non-quantitative,non-protein target (cell-line)
22466044,CHEMBL297453,CHEMBL4684119,A,Cytotoxicity against dog MDCK cells assessed as reduction in cell viability incubated for 48 hrs by MTT assay,CC50,>,200000.0,nM,,,0,CHEMBL614068,MDCK,CELL-LINE,Canis lupus familiaris,9615,,CHEMBL4680167,2020,Eur J Med Chem,10.1016/j.ejmech.2020.112048,31954881,Weak or non-quantitative,non-protein target (cell-line); censored value (>)
25441098,CHEMBL297453,CHEMBL5316514,T,Cytotoxicity against MDCK cells incubated for 48 hrs by MTT assay,CC50,>,100000.0,nM,,,0,CHEMBL614068,MDCK,CELL-LINE,Canis lupus familiaris,9615,,CHEMBL5316264,2023,J Med Chem,10.1021/acs.jmedchem.2c00857,36521178,Weak or non-quantitative,non-protein target (cell-line); censored value (>)
13382843,CHEMBL297453,CHEMBL2410549,A,Growth inhibition of Pin1-deficient MEF,GI50,=,14000.0,nM,,,0,CHEMBL614342,MEF,CELL-LINE,Mus musculus,10090,,CHEMBL2407033,2013,Bioorg Med Chem Lett,10.1016/j.bmcl.2013.05.088,23796453,Weak or non-quantitative,non-protein target (cell-line)
13382844,CHEMBL297453,CHEMBL2410550,F,Growth inhibition of MEF expressing Pin1,GI50,=,7000.0,nM,,,0,CHEMBL614342,MEF,CELL-LINE,Mus musculus,10090,,CHEMBL2407033,2013,Bioorg Med Chem Lett,10.1016/j.bmcl.2013.05.088,23796453,Weak or non-quantitative,non-protein target (cell-line)
2692160,CHEMBL297453,CHEMBL1064085,B,Inhibition of human recombinant MMP7 expressed in Escherichia coli by fluorogenic peptide cleavage assay,IC50,=,21500.0,nM,4.67,,0,CHEMBL4073,Matrilysin,SINGLE PROTEIN,Homo sapiens,9606,P09237,CHEMBL1152374,2009,Bioorg Med Chem Lett,10.1016/j.bmcl.2009.05.111,19524436,Weak or non-quantitative,
2692161,CHEMBL297453,CHEMBL1064084,B,Inhibition of human recombinant MT1-MMP expressed in Escherichia coli by fluorogenic peptide cleavage assay,IC50,=,6800.0,nM,5.17,,0,CHEMBL3869,Matrix metalloproteinase-14,SINGLE PROTEIN,Homo sapiens,9606,P50281,CHEMBL1152374,2009,Bioorg Med Chem Lett,10.1016/j.bmcl.2009.05.111,19524436,Weak or non-quantitative,
29067684,CHEMBL297453,CHEMBL6075488,B,Inhibition of PKMYT1 (unknown origin) incubated for 1 hr by LanthaScreen Eu kinase binding method,IC50,=,137.0,nM,6.86,,0,CHEMBL3984,Membrane-associated tyrosine- and threonine-specific cdc2-inhibitory kinase,SINGLE PROTEIN,Homo sapiens,9606,Q99640,CHEMBL6074645,2024,RSC Med Chem,10.1039/d4md00389f,39309356,Potent in ≥2 publications,
29138234,CHEMBL297453,CHEMBL6097332,B,Inhibition of PKMYT1 (unknown origin),IC50,=,137.0,nM,6.86,,1,CHEMBL3984,Membrane-associated tyrosine- and threonine-specific cdc2-inhibitory kinase,SINGLE PROTEIN,Homo sapiens,9606,Q99640,CHEMBL6096637,2025,Eur J Med Chem,10.1016/j.ejmech.2024.117025,39515174,Potent in ≥2 publications,potential duplicate
4576984,CHEMBL297453,CHEMBL1614257,F,PUBCHEM_BIOASSAY: qHTS Assay for Inhibitors Targeting the Menin-MLL Interaction in MLL Related Leukemias: Competition With Texas Red Labeled MLL-derived Mutant Peptide. (Class of assay: confirmatory) ,Potency,=,17782.8,nM,4.75,,0,CHEMBL2093861,Menin/Histone-lysine N-methyltransferase MLL,PROTEIN-PROTEIN INTERACTION,Homo sapiens,9606,O00255;Q03164,CHEMBL1201862,,,,,Weak or non-quantitative,
19143586,CHEMBL297453,CHEMBL4377193,B,Inhibition of MexAB/OprM in Pseudomonas aeruginosa PAO1 assessed as potentiation of carbenicillin-induced antibacterial activity by measuring carbenicillin MIC at 128 ug/ml incubated for 18 hrs (Rvb = 64 ug/ml),MIC,=,64.0,ug.mL-1,,,0,CHEMBL4523990,MexAB/OprM,PROTEIN COMPLEX,Pseudomonas aeruginosa (strain ATCC 15692 / DSM 22644 / CIP 104116 / JCM14847 / LMG 12228 / 1C / PRS 101 / PAO1),208964,P52002;P52477;Q51487,CHEMBL4376806,2019,J Med Chem,10.1021/acs.jmedchem.8b01781,31063379,Weak or non-quantitative,
19143587,CHEMBL297453,CHEMBL4377194,B,Inhibition of MexAB/OprM in Pseudomonas aeruginosa PAO1 assessed as potentiation of chloramphenicol-induced antibacterial activity by measuring chloramphenicol MIC at 128 ug/ml incubated for 18 hrs (Rvb = 64 ug/ml),MIC,=,16.0,ug.mL-1,,,0,CHEMBL4523990,MexAB/OprM,PROTEIN COMPLEX,Pseudomonas aeruginosa (strain ATCC 15692 / DSM 22644 / CIP 104116 / JCM14847 / LMG 12228 / 1C / PRS 101 / PAO1),208964,P52002;P52477;Q51487,CHEMBL4376806,2019,J Med Chem,10.1021/acs.jmedchem.8b01781,31063379,Weak or non-quantitative,
19143588,CHEMBL297453,CHEMBL4377195,B,Inhibition of MexAB/OprM in Pseudomonas aeruginosa PAO1 assessed as potentiation of ciprofloxacin-induced antibacterial activity by measuring ciprofloxacin MIC at 128 ug/ml incubated for 18 hrs (Rvb = 1 ug/ml),MIC,=,0.5,ug.mL-1,,,0,CHEMBL4523990,MexAB/OprM,PROTEIN COMPLEX,Pseudomonas aeruginosa (strain ATCC 15692 / DSM 22644 / CIP 104116 / JCM14847 / LMG 12228 / 1C / PRS 101 / PAO1),208964,P52002;P52477;Q51487,CHEMBL4376806,2019,J Med Chem,10.1021/acs.jmedchem.8b01781,31063379,Weak or non-quantitative,
19143589,CHEMBL297453,CHEMBL4377196,B,Inhibition of MexAB/OprM in Pseudomonas aeruginosa PAO1 assessed as potentiation of novobiocin-induced antibacterial activity by measuring novobiocin MIC at 128 ug/ml incubated for 18 hrs (Rvb = 512 ug/ml),MIC,=,128.0,ug.mL-1,,,0,CHEMBL4523990,MexAB/OprM,PROTEIN COMPLEX,Pseudomonas aeruginosa (strain ATCC 15692 / DSM 22644 / CIP 104116 / JCM14847 / LMG 12228 / 1C / PRS 101 / PAO1),208964,P52002;P52477;Q51487,CHEMBL4376806,2019,J Med Chem,10.1021/acs.jmedchem.8b01781,31063379,Weak or non-quantitative,
19143590,CHEMBL297453,CHEMBL4377197,B,Inhibition of MexAB/OprM in Pseudomonas aeruginosa PAO1 assessed as potentiation of tetracycline-induced antibacterial activity by measuring tetracycline MIC at 128 ug/ml incubated for 18 hrs (Rvb = 8 ug/ml),MIC,=,2.0,ug.mL-1,,,0,CHEMBL4523990,MexAB/OprM,PROTEIN COMPLEX,Pseudomonas aeruginosa (strain ATCC 15692 / DSM 22644 / CIP 104116 / JCM14847 / LMG 12228 / 1C / PRS 101 / PAO1),208964,P52002;P52477;Q51487,CHEMBL4376806,2019,J Med Chem,10.1021/acs.jmedchem.8b01781,31063379,Weak or non-quantitative,
19143591,CHEMBL297453,CHEMBL4377198,B,Inhibition of MexAB/OprM in Pseudomonas aeruginosa PAO1 assessed as potentiation of trimethoprim-induced antibacterial activity by measuring trimethoprim MIC at 128 ug/ml incubated for 18 hrs (Rvb = 128 ug/ml),MIC,=,32.0,ug.mL-1,,,0,CHEMBL4523990,MexAB/OprM,PROTEIN COMPLEX,Pseudomonas aeruginosa (strain ATCC 15692 / DSM 22644 / CIP 104116 / JCM14847 / LMG 12228 / 1C / PRS 101 / PAO1),208964,P52002;P52477;Q51487,CHEMBL4376806,2019,J Med Chem,10.1021/acs.jmedchem.8b01781,31063379,Weak or non-quantitative,
3196848,CHEMBL297453,CHEMBL1115799,F,Antibacterial activity against Micrococcus luteus ATCC 10240 after 24 hrs by NCCLS method,MIC,=,32.0,ug.mL-1,,,0,CHEMBL614421,Micrococcus luteus,ORGANISM,Micrococcus luteus,1270,,CHEMBL1154814,2010,Eur J Med Chem,10.1016/j.ejmech.2009.11.045,19962795,Weak or non-quantitative,non-protein target (organism)
4506752,CHEMBL297453,CHEMBL1614250,F,"PUBCHEM_BIOASSAY: qHTS for Inhibitors of Tau Fibril Formation, Fluorescence Polarization. (Class of assay: confirmatory) [Related pubchem assays: 596 ]",Potency,=,25118.9,nM,4.6,,0,CHEMBL1293224,Microtubule-associated protein tau,SINGLE PROTEIN,Homo sapiens,9606,P10636,CHEMBL1201862,,,,,Weak or non-quantitative,
3959088,CHEMBL297453,CHEMBL1614502,F,"PUBCHEM_BIOASSAY: Counterscreen qHTS for Inhibitors of Tau Fibril Formation, Fluorescence Polarization. This assay monitors tau fibrillation by fluorescence polarization (FP) of Alexa 594-labeled K18 P301L, which does not fibrillize readily but incorporates into growing filaments of unlabeled tau. (Class of assay: confirmatory) [Related pubchem assays: 596 ]",Potency,=,14125.4,nM,4.85,,0,CHEMBL1293224,Microtubule-associated protein tau,SINGLE PROTEIN,Homo sapiens,9606,P10636,CHEMBL1201862,,,,,Weak or non-quantitative,
4039722,CHEMBL297453,CHEMBL1614421,B,"PUBCHEM_BIOASSAY: qHTS for Inhibitors of Tau Fibril Formation, Thioflavin T Binding. (Class of assay: confirmatory) [Related pubchem assays: 596 ]",Potency,=,12589.3,nM,4.9,,0,CHEMBL1293224,Microtubule-associated protein tau,SINGLE PROTEIN,Homo sapiens,9606,P10636,CHEMBL1201862,,,,,Weak or non-quantitative,
13328431,CHEMBL297453,CHEMBL2390683,B,Inhibition of human recombinant brain tau protein (412 amino acid residues) filament assembly expressed in Escherichia coli BL21(DE3) by electron microscopic analysis in presence of heparin,IC50,=,1800.0,nM,5.75,,0,CHEMBL1293224,Microtubule-associated protein tau,SINGLE PROTEIN,Homo sapiens,9606,P10636,CHEMBL2385058,2013,J Med Chem,10.1021/jm3017317,23484434,Weak or non-quantitative,
5171441,CHEMBL297453,CHEMBL1664298,B,Inhibition of p38alpha after 1 hr by ELISA,IC50,=,2210.0,nM,5.66,,0,CHEMBL260,Mitogen-activated protein kinase 14,SINGLE PROTEIN,Homo sapiens,9606,Q16539,CHEMBL1649352,2010,J Nat Prod,10.1021/np100523s,21080642,Weak or non-quantitative,
6188239,CHEMBL297453,CHEMBL1775654,F,Cell cycle arrest in rat HSC-T6 cells assessed as inhibition of DNA synthesis at sub-G1 phase at 25 uM after 24 hrs,Activity,=,1.9,%,,,0,CHEMBL612546,Molecular identity unknown,UNKNOWN,,,,CHEMBL1773042,2011,J Nat Prod,10.1021/np1008202,21309591,Weak or non-quantitative,non-protein target (unknown)
6188244,CHEMBL297453,CHEMBL1775655,F,Cell cycle arrest in rat HSC-T6 cells assessed as inhibition of DNA synthesis at G0/G1 phase at 25 uM after 24 hrs,Activity,=,51.9,%,,,0,CHEMBL612546,Molecular identity unknown,UNKNOWN,,,,CHEMBL1773042,2011,J Nat Prod,10.1021/np1008202,21309591,Weak or non-quantitative,non-protein target (unknown)
6188249,CHEMBL297453,CHEMBL1775656,F,Cell cycle arrest in rat HSC-T6 cells assessed as inhibition of DNA synthesis at S phase at 25 uM after 24 hrs,Activity,=,12.1,%,,,0,CHEMBL612546,Molecular identity unknown,UNKNOWN,,,,CHEMBL1773042,2011,J Nat Prod,10.1021/np1008202,21309591,Weak or non-quantitative,non-protein target (unknown)
6188254,CHEMBL297453,CHEMBL1775657,F,Cell cycle arrest in rat HSC-T6 cells assessed as inhibition of DNA synthesis at G2/M phase at 25 uM after 24 hrs,Activity,=,20.1,%,,,0,CHEMBL612546,Molecular identity unknown,UNKNOWN,,,,CHEMBL1773042,2011,J Nat Prod,10.1021/np1008202,21309591,Weak or non-quantitative,non-protein target (unknown)
6188259,CHEMBL297453,CHEMBL1775658,F,Cell cycle arrest in rat HSC-T6 cells assessed as inhibition of DNA synthesis at sub-G1 phase at 25 uM after 48 hrs,Activity,=,4.5,%,,,0,CHEMBL612546,Molecular identity unknown,UNKNOWN,,,,CHEMBL1773042,2011,J Nat Prod,10.1021/np1008202,21309591,Weak or non-quantitative,non-protein target (unknown)
6188264,CHEMBL297453,CHEMBL1775659,F,Cell cycle arrest in rat HSC-T6 cells assessed as inhibition of DNA synthesis at G0/G1 phase at 25 uM after 48 hrs,Activity,=,42.3,%,,,0,CHEMBL612546,Molecular identity unknown,UNKNOWN,,,,CHEMBL1773042,2011,J Nat Prod,10.1021/np1008202,21309591,Weak or non-quantitative,non-protein target (unknown)
6188269,CHEMBL297453,CHEMBL1775660,F,Cell cycle arrest in rat HSC-T6 cells assessed as inhibition of DNA synthesis at S phase at 25 uM after 48 hrs,Activity,=,8.3,%,,,0,CHEMBL612546,Molecular identity unknown,UNKNOWN,,,,CHEMBL1773042,2011,J Nat Prod,10.1021/np1008202,21309591,Weak or non-quantitative,non-protein target (unknown)
6188274,CHEMBL297453,CHEMBL1775661,F,Cell cycle arrest in rat HSC-T6 cells assessed as inhibition of DNA synthesis at G2/M phase at 25 uM after 48 hrs,Activity,=,19.6,%,,,0,CHEMBL612546,Molecular identity unknown,UNKNOWN,,,,CHEMBL1773042,2011,J Nat Prod,10.1021/np1008202,21309591,Weak or non-quantitative,non-protein target (unknown)
13896824,CHEMBL297453,CHEMBL3111064,F,Downregulation of ErbB2 protein expression in human SKBR3 cells in serum free medium at 200 uM after 30 mins by immunofluorescence staining-based confocal microscopic analysis,Activity,,,,,,0,CHEMBL612546,Molecular identity unknown,UNKNOWN,,,,CHEMBL3108760,2014,J Nat Prod,10.1021/np4007712,24456004,Weak or non-quantitative,non-protein target (unknown)
13896826,CHEMBL297453,CHEMBL3111066,F,Downregulation of ErbB2 protein expression in human SKBR3 cells at 50 uM after 24 hrs by immunofluorescence staining-based flow cytometric analysis in presence of serum,Activity,,,,,,0,CHEMBL612546,Molecular identity unknown,UNKNOWN,,,,CHEMBL3108760,2014,J Nat Prod,10.1021/np4007712,24456004,Weak or non-quantitative,non-protein target (unknown)
13896830,CHEMBL297453,CHEMBL3111068,F,Downregulation of ErbB2 protein expression in human SKBR3 cells in serum free medium at 50 uM after 24 hrs by immunofluorescence staining-based flow cytometric analysis,Activity,=,30.0,%,,,0,CHEMBL612546,Molecular identity unknown,UNKNOWN,,,,CHEMBL3108760,2014,J Nat Prod,10.1021/np4007712,24456004,Weak or non-quantitative,non-protein target (unknown)
13896832,CHEMBL297453,CHEMBL3111070,F,Cell cycle arrest in human SKBR3 cells at 50 to 75 uM after 36 hrs by propidium iodide staining-based flow cytometric analysis,Activity,,,,,,0,CHEMBL612546,Molecular identity unknown,UNKNOWN,,,,CHEMBL3108760,2014,J Nat Prod,10.1021/np4007712,24456004,Weak or non-quantitative,non-protein target (unknown)
25517702,CHEMBL297453,CHEMBL5336629,B,Inhibition of ERK (unknown origin) at 100 uM by western blot assay relative to control,Inhibition,=,25.0,%,,,0,CHEMBL612546,Molecular identity unknown,UNKNOWN,,,,CHEMBL5335789,2023,Eur J Med Chem,10.1016/j.ejmech.2023.115820,37776575,Weak or non-quantitative,non-protein target (unknown)
2942279,CHEMBL297453,CHEMBL1056842,A,Plasma concentration in po dosed mouse,Cp,=,9.0,uM,,,0,CHEMBL375,Mus musculus,ORGANISM,Mus musculus,10090,,CHEMBL1154634,2009,J Med Chem,10.1021/jm901330e,19839593,Weak or non-quantitative,non-protein target (organism)
8042516,CHEMBL297453,CHEMBL1953034,F,Antialzheimer's disease activity in mouse cortex assessed as inhibition of beta-secretase mediated amyloid beta1-42 production at 1.5 mg/kg,Inhibition,=,18.64,%,,,0,CHEMBL375,Mus musculus,ORGANISM,Mus musculus,10090,,CHEMBL1949659,2012,Bioorg Med Chem Lett,10.1016/j.bmcl.2011.12.034,22225636,Weak or non-quantitative,non-protein target (organism)
8042517,CHEMBL297453,CHEMBL1953036,F,Antialzheimer's disease activity in mouse hippocampus assessed as inhibition of beta-secretase mediated amyloid beta1-42 production at 1.5 mg/kg,Inhibition,=,25.48,%,,,0,CHEMBL375,Mus musculus,ORGANISM,Mus musculus,10090,,CHEMBL1949659,2012,Bioorg Med Chem Lett,10.1016/j.bmcl.2011.12.034,22225636,Weak or non-quantitative,non-protein target (organism)
8042518,CHEMBL297453,CHEMBL1953037,F,Antialzheimer's disease activity in mouse hippocampus assessed as inhibition of beta-secretase mediated amyloid beta1-42 production at 3 mg/kg,Inhibition,=,39.79,%,,,0,CHEMBL375,Mus musculus,ORGANISM,Mus musculus,10090,,CHEMBL1949659,2012,Bioorg Med Chem Lett,10.1016/j.bmcl.2011.12.034,22225636,Weak or non-quantitative,non-protein target (organism)
8042519,CHEMBL297453,CHEMBL1953035,F,Antialzheimer's disease activity in mouse cortex assessed as inhibition of beta-secretase mediated amyloid beta1-42 production at 3 mg/kg,Inhibition,=,51.17,%,,,0,CHEMBL375,Mus musculus,ORGANISM,Mus musculus,10090,,CHEMBL1949659,2012,Bioorg Med Chem Lett,10.1016/j.bmcl.2011.12.034,22225636,Weak or non-quantitative,non-protein target (organism)
13470571,CHEMBL297453,CHEMBL2432973,T,"Toxicity in stationary-phase promastigotes of Leishmania amazonensis MHOM/BR/75/LTB0016 infected BALB/c mouse assessed as serum alanine aminotransferase level at 30 mg/kg, po administered 5 times per week",Activity,,,,,,0,CHEMBL375,Mus musculus,ORGANISM,Mus musculus,10090,,CHEMBL2429850,2013,J Nat Prod,10.1021/np400624d,24106750,Weak or non-quantitative,non-protein target (organism)
13470572,CHEMBL297453,CHEMBL2432974,T,"Toxicity in stationary-phase promastigotes of Leishmania amazonensis MHOM/BR/75/LTB0016 infected BALB/c mouse assessed as serum aspartate aminotransferase level at 30 mg/kg, po administered 5 times per week",Activity,,,,,,0,CHEMBL375,Mus musculus,ORGANISM,Mus musculus,10090,,CHEMBL2429850,2013,J Nat Prod,10.1021/np400624d,24106750,Weak or non-quantitative,non-protein target (organism)
13470573,CHEMBL297453,CHEMBL2432975,T,"Toxicity in stationary-phase promastigotes of Leishmania amazonensis MHOM/BR/75/LTB0016 infected BALB/c mouse assessed as serum creatinine level at 30 mg/kg, po administered 5 times per week",Activity,,,,,,0,CHEMBL375,Mus musculus,ORGANISM,Mus musculus,10090,,CHEMBL2429850,2013,J Nat Prod,10.1021/np400624d,24106750,Weak or non-quantitative,non-protein target (organism)
15184762,CHEMBL297453,CHEMBL3406305,F,Reduction in amyloid beta plaques in Tg2576 mouse,Inhibition,=,50.0,%,,,0,CHEMBL375,Mus musculus,ORGANISM,Mus musculus,10090,,CHEMBL3400095,2015,Bioorg Med Chem,10.1016/j.bmc.2015.02.041,25769517,Weak or non-quantitative,non-protein target (organism)
15184763,CHEMBL297453,CHEMBL3406304,F,Reduction in amyloid beta levels in Tg2576 mouse,Inhibition,=,50.0,%,,,0,CHEMBL375,Mus musculus,ORGANISM,Mus musculus,10090,,CHEMBL3400095,2015,Bioorg Med Chem,10.1016/j.bmc.2015.02.041,25769517,Weak or non-quantitative,non-protein target (organism)
18484149,CHEMBL297453,CHEMBL4185624,A,"Tmax in mouse at 100 mg/kg, po by HPLC method",Tmax,=,0.5,hr,,,0,CHEMBL375,Mus musculus,ORGANISM,Mus musculus,10090,,CHEMBL4184147,2017,J Med Chem,10.1021/acs.jmedchem.6b01026,28654265,Weak or non-quantitative,non-protein target (organism)
18484155,CHEMBL297453,CHEMBL4185623,A,"Cmax in mouse at 100 mg/kg, po by HPLC method",Cmax,=,5000.0,nM,,,0,CHEMBL375,Mus musculus,ORGANISM,Mus musculus,10090,,CHEMBL4184147,2017,J Med Chem,10.1021/acs.jmedchem.6b01026,28654265,Weak or non-quantitative,non-protein target (organism)
18484161,CHEMBL297453,CHEMBL4185620,A,"Tmax in mouse at 10 mg/kg, iv by LC-MS/MS method",Tmax,=,0.08333,hr,,,0,CHEMBL375,Mus musculus,ORGANISM,Mus musculus,10090,,CHEMBL4184147,2017,J Med Chem,10.1021/acs.jmedchem.6b01026,28654265,Weak or non-quantitative,non-protein target (organism)
18484167,CHEMBL297453,CHEMBL4185619,A,"Cmax in mouse at 10 mg/kg, iv by LC-MS/MS method",Cmax,=,12000.0,nM,,,0,CHEMBL375,Mus musculus,ORGANISM,Mus musculus,10090,,CHEMBL4184147,2017,J Med Chem,10.1021/acs.jmedchem.6b01026,28654265,Weak or non-quantitative,non-protein target (organism)
24846258,CHEMBL297453,CHEMBL5146815,F,"Anti-inflammatory activity in MOG (35 to 55 residues)-induced experimental autoimmune encephalomyelitis mouse model assessed as reversal of clinical scores at 15 mg/kg, po administered twice daily for 25 days",Activity,,,,,,0,CHEMBL375,Mus musculus,ORGANISM,Mus musculus,10090,,CHEMBL5143627,2022,Bioorg Med Chem Lett,10.1016/j.bmcl.2022.128675,35292341,Weak or non-quantitative,non-protein target (organism)
24846265,CHEMBL297453,CHEMBL5146821,F,Anti-inflammatory activity in MOG (35 to 55 residues)-induced experimental autoimmune encephalomyelitis mouse model assessed as reduction in spinal cord demyelination severity score by Luxol fast blue staining based light microscopic analysis,Activity,,,,,,0,CHEMBL375,Mus musculus,ORGANISM,Mus musculus,10090,,CHEMBL5143627,2022,Bioorg Med Chem Lett,10.1016/j.bmcl.2022.128675,35292341,Weak or non-quantitative,non-protein target (organism)
24846267,CHEMBL297453,CHEMBL5146822,F,Anti-inflammatory activity in MOG (35 to 55 residues)-induced experimental autoimmune encephalomyelitis mouse model assessed as reduction in spinal cord axonal neurodegeneration severity score by Bielschowsky silver staining based light microscopic analysis,Activity,,,,,,0,CHEMBL375,Mus musculus,ORGANISM,Mus musculus,10090,,CHEMBL5143627,2022,Bioorg Med Chem Lett,10.1016/j.bmcl.2022.128675,35292341,Weak or non-quantitative,non-protein target (organism)
29078725,CHEMBL297453,CHEMBL6079412,B,Inhibition of mushroom Tyrosinase using L-DOPA as substrate assessed as change in absorbance at 50 to 100 uM by spectrophotometric analysis,Inhibition,,,%,,,0,CHEMBL6066154,Mushroom tyrosinase,PROTEIN FAMILY,Agaricus bisporus,5341,C7FF04;C7FF05;O42713;Q00024,CHEMBL6078627,2024,Bioorg Med Chem Lett,10.1016/j.bmcl.2024.129976,39332649,Weak or non-quantitative,
29078728,CHEMBL297453,CHEMBL6079413,B,Inhibition of mushroom Tyrosinase using L-DOPA as substrate assessed as change in absorbance at 50 to 100 uM at 305 nm by spectrophotometric analysis,Inhibition,,,%,,,0,CHEMBL6066154,Mushroom tyrosinase,PROTEIN FAMILY,Agaricus bisporus,5341,C7FF04;C7FF05;O42713;Q00024,CHEMBL6078627,2024,Bioorg Med Chem Lett,10.1016/j.bmcl.2024.129976,39332649,Weak or non-quantitative,
29078731,CHEMBL297453,CHEMBL6079414,B,Inhibition of mushroom Tyrosinase using L-DOPA as substrate assessed as reduction in oxygen consumption,Inhibition,,,%,,,0,CHEMBL6066154,Mushroom tyrosinase,PROTEIN FAMILY,Agaricus bisporus,5341,C7FF04;C7FF05;O42713;Q00024,CHEMBL6078627,2024,Bioorg Med Chem Lett,10.1016/j.bmcl.2024.129976,39332649,Weak or non-quantitative,
29078732,CHEMBL297453,CHEMBL6079415,B,Inhibition of mushroom Tyrosinase using L-DOPA as substrate assessed as reduction in oxygen consumption measured after 10 mins,Inhibition,=,10.0,%,,,0,CHEMBL6066154,Mushroom tyrosinase,PROTEIN FAMILY,Agaricus bisporus,5341,C7FF04;C7FF05;O42713;Q00024,CHEMBL6078627,2024,Bioorg Med Chem Lett,10.1016/j.bmcl.2024.129976,39332649,Weak or non-quantitative,
25004779,CHEMBL297453,CHEMBL5234351,F,Antibacterial activity against Mycobacterium tuberculosis H37Rv,MIC,=,4250.0,nM,,,0,CHEMBL360,Mycobacterium tuberculosis,ORGANISM,Mycobacterium tuberculosis,1773,,CHEMBL5233242,2020,Eur J Med Chem,10.1016/j.ejmech.2020.112268,32298876,Weak or non-quantitative,non-protein target (organism)
24750121,CHEMBL297453,CHEMBL5120670,B,Non-competitive inhibition of N-terminal full length NADK (unknown origin) expressed in Escherichia coli BL21(DE3) cells by HDX-MS analysis,Ki,=,3280.0,nM,5.48,,0,CHEMBL6177,NAD kinase,SINGLE PROTEIN,Homo sapiens,9606,O95544,CHEMBL5113552,2022,ACS Med Chem Lett,10.1021/acsmedchemlett.2c00163,36385933,Weak or non-quantitative,
24750120,CHEMBL297453,CHEMBL5120669,B,Binding affinity to N-terminal full length NADK (unknown origin) expressed in Escherichia coli BL21(DE3) cells assessed as dissociation constant by surface plasmon resonance assay,Kd,=,1780.0,nM,5.75,,0,CHEMBL6177,NAD kinase,SINGLE PROTEIN,Homo sapiens,9606,O95544,CHEMBL5113552,2022,ACS Med Chem Lett,10.1021/acsmedchemlett.2c00163,36385933,Weak or non-quantitative,
24750122,CHEMBL297453,CHEMBL5120671,B,Inhibition of NADK delta 95 kinase domain (unknown origin) at 80 uM measured after 30 mins by HDX-MS analysis,IC50,=,960.0,nM,6.02,,0,CHEMBL6177,NAD kinase,SINGLE PROTEIN,Homo sapiens,9606,O95544,CHEMBL5113552,2022,ACS Med Chem Lett,10.1021/acsmedchemlett.2c00163,36385933,Potent in 1 publication,
24750123,CHEMBL297453,CHEMBL5120672,B,Binding affinity to human NADK (410 to 418 residues) assessed as decrease in deuterium incorporation at 80 uM measured after 30 mins by HDX-MS analysis,Activity,=,21.8,%,,,0,CHEMBL6177,NAD kinase,SINGLE PROTEIN,Homo sapiens,9606,O95544,CHEMBL5113552,2022,ACS Med Chem Lett,10.1021/acsmedchemlett.2c00163,36385933,Weak or non-quantitative,
24750124,CHEMBL297453,CHEMBL5120673,B,Binding affinity to human NADK (155 to 164 residues) assessed as decrease in deuterium incorporation at 80 uM measured after 30 mins by HDX-MS analysis,Activity,=,12.9,%,,,0,CHEMBL6177,NAD kinase,SINGLE PROTEIN,Homo sapiens,9606,O95544,CHEMBL5113552,2022,ACS Med Chem Lett,10.1021/acsmedchemlett.2c00163,36385933,Weak or non-quantitative,
24750125,CHEMBL297453,CHEMBL5120674,B,Binding affinity to human NADK (345 to 365 residues) assessed as decrease in deuterium incorporation at 80 uM measured after 30 mins by HDX-MS analysis,Activity,=,21.1,%,,,0,CHEMBL6177,NAD kinase,SINGLE PROTEIN,Homo sapiens,9606,O95544,CHEMBL5113552,2022,ACS Med Chem Lett,10.1021/acsmedchemlett.2c00163,36385933,Weak or non-quantitative,
24986194,CHEMBL297453,CHEMBL5228009,B,Inhibition of GST-tagged SIRT6 (unknown origin) deacetylase activity using H3K9Ac peptide substrate at 100 uM by reversed-phase HPLC relative to control,Inhibition,=,40.0,%,,,0,CHEMBL2163182,NAD-dependent protein deacylase sirtuin-6,SINGLE PROTEIN,Homo sapiens,9606,Q8N6T7,CHEMBL5226318,2021,J Med Chem,10.1021/acs.jmedchem.1c00601,34213345,Weak or non-quantitative,
19278319,CHEMBL297453,CHEMBL4408442,F,Antiproliferative activity against human NCI-H1299 cells expressing FASN assessed as reduction in cell viability after 72 hrs by MTS assay,IC50,=,20600.0,nM,4.69,,0,CHEMBL612255,NCI-H1299,CELL-LINE,Homo sapiens,9606,,CHEMBL4406830,2019,Eur J Med Chem,10.1016/j.ejmech.2019.111597,31422225,Weak or non-quantitative,non-protein target (cell-line)
18577268,CHEMBL297453,CHEMBL4222128,F,Antiproliferative activity in human NCI-H1299 cells after 72 hrs,IC50,>,80000.0,nM,,,0,CHEMBL612255,NCI-H1299,CELL-LINE,Homo sapiens,9606,,CHEMBL4219134,2018,Bioorg Med Chem,10.1016/j.bmc.2018.02.044,29530347,Weak or non-quantitative,non-protein target (cell-line); censored value (>)
19278331,CHEMBL297453,CHEMBL4408444,F,Antiproliferative activity against human NCI-H1650 cells expressing FASN assessed as reduction in cell viability after 72 hrs by MTS assay,IC50,=,24800.0,nM,4.61,,0,CHEMBL1075518,NCI-H1650,CELL-LINE,Homo sapiens,9606,,CHEMBL4406830,2019,Eur J Med Chem,10.1016/j.ejmech.2019.111597,31422225,Weak or non-quantitative,non-protein target (cell-line)
19278307,CHEMBL297453,CHEMBL4408440,F,Antiproliferative activity against human NCI-H1703 cells expressing FASN assessed as reduction in cell viability after 72 hrs by MTS assay,IC50,=,17100.0,nM,4.77,,0,CHEMBL1075522,NCI-H1703,CELL-LINE,Homo sapiens,9606,,CHEMBL4406830,2019,Eur J Med Chem,10.1016/j.ejmech.2019.111597,31422225,Weak or non-quantitative,non-protein target (cell-line)
19278359,CHEMBL297453,CHEMBL4408452,F,Induction of apoptosis in human NCI-H1703 cells expressing FASN assessed as increase in late apoptotic cells at 100 uM after 72 hrs by Annexin-V FITC staining/PI-based flow cytometry,Activity,,,,,,0,CHEMBL1075522,NCI-H1703,CELL-LINE,Homo sapiens,9606,,CHEMBL4406830,2019,Eur J Med Chem,10.1016/j.ejmech.2019.111597,31422225,Weak or non-quantitative,non-protein target (cell-line)
24750130,CHEMBL297453,CHEMBL5120679,F,Cytotoxicity against human H23 cells harboring KRAS G12C mutant assessed as inhibition of cell growth at 30 uM,Inhibition,=,100.0,%,,,0,CHEMBL614997,NCI-H23,CELL-LINE,Homo sapiens,9606,,CHEMBL5113552,2022,ACS Med Chem Lett,10.1021/acsmedchemlett.2c00163,36385933,Weak or non-quantitative,non-protein target (cell-line)
24750129,CHEMBL297453,CHEMBL5120678,F,Cytotoxicity against human H358 cells harboring KRAS G12C mutant assessed as inhibition of cell growth at 30 uM,Inhibition,=,100.0,%,,,0,CHEMBL614135,NCI-H358,CELL-LINE,Homo sapiens,9606,,CHEMBL5113552,2022,ACS Med Chem Lett,10.1021/acsmedchemlett.2c00163,36385933,Weak or non-quantitative,non-protein target (cell-line)
18484059,CHEMBL297453,CHEMBL4185540,F,Cytotoxicity against human NCI-H460 cells assessed as decrease in cell viability after 48 hrs by MTT assay,IC50,=,18000.0,nM,4.75,,0,CHEMBL396,NCI-H460,CELL-LINE,Homo sapiens,9606,,CHEMBL4184147,2017,J Med Chem,10.1021/acs.jmedchem.6b01026,28654265,Weak or non-quantitative,non-protein target (cell-line)
18484046,CHEMBL297453,CHEMBL4185576,F,Cytotoxicity against human NCI-H460 cells assessed as cell viability at 6 uM after 48 hrs by MTT assay,Activity,=,105.0,%,,,0,CHEMBL396,NCI-H460,CELL-LINE,Homo sapiens,9606,,CHEMBL4184147,2017,J Med Chem,10.1021/acs.jmedchem.6b01026,28654265,Weak or non-quantitative,non-protein target (cell-line)
5171425,CHEMBL297453,CHEMBL1664291,F,Antimigratory activity against Swiss albino mouse 3T3 cells assessed as increase of cell numbers at 1 to 20 uM after 12 hrs by by scratch-wound assay,Activity,,,,,,0,CHEMBL614822,NIH3T3,CELL-LINE,Mus musculus,10090,,CHEMBL1649352,2010,J Nat Prod,10.1021/np100523s,21080642,Weak or non-quantitative,non-protein target (cell-line)
5171432,CHEMBL297453,CHEMBL1664294,F,Antimigratory activity against Swiss albino mouse 3T3 cells assessed as increase of cell numbers at 2 ng/ml after 12 hrs by by scratch-wound assay,Activity,=,59.5,%,,,0,CHEMBL614822,NIH3T3,CELL-LINE,Mus musculus,10090,,CHEMBL1649352,2010,J Nat Prod,10.1021/np100523s,21080642,Weak or non-quantitative,non-protein target (cell-line)
13896843,CHEMBL297453,CHEMBL3111079,F,Antiproliferative activity against human SKBR3 cells overexpressing ErbB in serum-free medium assessed as cell viability after 48 hrs by WST-1 assay,EC50,=,100000.0,nM,4.0,,0,CHEMBL3879801,NON-PROTEIN TARGET,NON-MOLECULAR,,,,CHEMBL3108760,2014,J Nat Prod,10.1021/np4007712,24456004,Weak or non-quantitative,non-protein target (non-molecular)
15612291,CHEMBL297453,CHEMBL3584047,F,Cytotoxicity against human LCC-6 cells after 3 days by MTS assay,IC50,=,69100.0,nM,4.16,,0,CHEMBL3879801,NON-PROTEIN TARGET,NON-MOLECULAR,,,,CHEMBL3580553,2015,J Med Chem,10.1021/acs.jmedchem.5b00085,25985195,Weak or non-quantitative,non-protein target (non-molecular)
15612343,CHEMBL297453,CHEMBL3584048,F,Cytotoxicity against human MDA435/LCC6MDR cells after 3 days by MTS assay,IC50,=,56000.0,nM,4.25,,0,CHEMBL3879801,NON-PROTEIN TARGET,NON-MOLECULAR,,,,CHEMBL3580553,2015,J Med Chem,10.1021/acs.jmedchem.5b00085,25985195,Weak or non-quantitative,non-protein target (non-molecular)
15139973,CHEMBL297453,CHEMBL3384620,F,Antiproliferative activity against rat HSC-T6 cells assessed as reduction in cell viability,IC50,=,29800.0,nM,4.53,,0,CHEMBL3879801,NON-PROTEIN TARGET,NON-MOLECULAR,,,,CHEMBL3352135,2014,J Nat Prod,10.1021/np5002797,25322455,Weak or non-quantitative,non-protein target (non-molecular)
2063750,CHEMBL297453,CHEMBL944122,F,Antiproliferative activity against rat HSC-T6 cells after 48 hrs by MTT assay,IC50,=,9900.0,nM,5.0,,0,CHEMBL3879801,NON-PROTEIN TARGET,NON-MOLECULAR,,,,CHEMBL1141443,2007,J Nat Prod,10.1021/np070423f,18052323,Weak or non-quantitative,non-protein target (non-molecular)
6187704,CHEMBL297453,CHEMBL1776697,F,Antifibrotic activity against rat HSC-T6 cells assessed as inhibition of proliferation after 48 hrs by BrdU incorporation assay,IC50,=,9900.0,nM,5.0,,0,CHEMBL3879801,NON-PROTEIN TARGET,NON-MOLECULAR,,,,CHEMBL1773019,2011,Bioorg Med Chem Lett,10.1016/j.bmcl.2011.03.074,21504848,Weak or non-quantitative,non-protein target (non-molecular)
2154837,CHEMBL297453,CHEMBL930267,F,Antioxidant activity assessed as ABTS radical scavenging activity,Activity,=,4.8,mM,,,0,CHEMBL3879801,NON-PROTEIN TARGET,NON-MOLECULAR,,,,CHEMBL1142382,2008,J Med Chem,10.1021/jm701346h,18324763,Weak or non-quantitative,non-protein target (non-molecular)
2618524,CHEMBL297453,CHEMBL1013449,F,Anti-aging activity in human dermal fibroblasts assessed as inhibition rate of MMP1 expression at 10 uM relative to control,Inhibition,=,46.7,%,,,0,CHEMBL3879801,NON-PROTEIN TARGET,NON-MOLECULAR,,,,CHEMBL1154509,2009,Bioorg Med Chem Lett,10.1016/j.bmcl.2008.11.028,19036585,Weak or non-quantitative,non-protein target (non-molecular)
2618530,CHEMBL297453,CHEMBL1017753,F,Anti-aging activity in human dermal fibroblasts assessed as expression rate of procollagen type 1 formation at 10 uM relative to control,Activity,,,,,,0,CHEMBL3879801,NON-PROTEIN TARGET,NON-MOLECULAR,,,,CHEMBL1154509,2009,Bioorg Med Chem Lett,10.1016/j.bmcl.2008.11.028,19036585,Weak or non-quantitative,non-protein target (non-molecular)
3129852,CHEMBL297453,CHEMBL1070368,F,Antioxidant activity assessed as trolox equivalent by TEAC assay,Activity,=,4.39,MU,,,0,CHEMBL3879801,NON-PROTEIN TARGET,NON-MOLECULAR,,,,CHEMBL1157690,2010,Bioorg Med Chem,10.1016/j.bmc.2009.11.015,19944611,Weak or non-quantitative,non-protein target (non-molecular)
6188232,CHEMBL297453,CHEMBL1775651,F,Antiproliferative activity against rat HSC-T6 cells at 100 uM after 48 hrs by MTT assay,Inhibition,=,33.4,%,,,0,CHEMBL3879801,NON-PROTEIN TARGET,NON-MOLECULAR,,,,CHEMBL1773042,2011,J Nat Prod,10.1021/np1008202,21309591,Weak or non-quantitative,non-protein target (non-molecular)
6188233,CHEMBL297453,CHEMBL1775652,F,Antiproliferative activity against rat HSC-T6 cells at 10 uM after 48 hrs by MTT assay,Inhibition,=,83.8,%,,,0,CHEMBL3879801,NON-PROTEIN TARGET,NON-MOLECULAR,,,,CHEMBL1773042,2011,J Nat Prod,10.1021/np1008202,21309591,Weak or non-quantitative,non-protein target (non-molecular)
6188234,CHEMBL297453,CHEMBL1775653,F,Antiproliferative activity against rat HSC-T6 cells at 50 uM after 48 hrs by MTT assay,Inhibition,=,41.7,%,,,0,CHEMBL3879801,NON-PROTEIN TARGET,NON-MOLECULAR,,,,CHEMBL1773042,2011,J Nat Prod,10.1021/np1008202,21309591,Weak or non-quantitative,non-protein target (non-molecular)
12053903,CHEMBL297453,CHEMBL2155593,F,Antioxidant activity assessed as superoxide dismutase-like activity by SOD-WST assay,IC50,=,26.1,ug.mL-1,,,0,CHEMBL3879801,NON-PROTEIN TARGET,NON-MOLECULAR,,,,CHEMBL2151013,2012,J Nat Prod,10.1021/np300212c,23066712,Weak or non-quantitative,non-protein target (non-molecular)
12462128,CHEMBL297453,CHEMBL3056286,F,Antioxidant activity in liposomal model assessed as inhibition of Fe2 ions-induced lipid peroxidation,log(%),=,1.064,,,,0,CHEMBL3879801,NON-PROTEIN TARGET,NON-MOLECULAR,,,,CHEMBL3044685,2009,Med Chem Res,10.1007/s00044-008-9151-y,,Weak or non-quantitative,non-protein target (non-molecular)
13896845,CHEMBL297453,CHEMBL3111080,F,Antiproliferative activity against human SKBR3 cells overexpressing ErbB in complete medium assessed as cell viability after 48 hrs by WST-1 assay,EC50,=,195000.0,nM,,Outside typical range,0,CHEMBL3879801,NON-PROTEIN TARGET,NON-MOLECULAR,,,,CHEMBL3108760,2014,J Nat Prod,10.1021/np4007712,24456004,Weak or non-quantitative,ChEMBL validity: Outside typical range; non-protein target (non-molecular)
15643772,CHEMBL297453,CHEMBL3592586,F,Neuroprotective activity against 0.1 uM amyloid beta 42-induced toxicity in rat PC12 cells assessed as cell viability at 10 uM after 24 hrs by MTT assay,Activity,=,49.5,%,,,0,CHEMBL3879801,NON-PROTEIN TARGET,NON-MOLECULAR,,,,CHEMBL3588767,2015,Bioorg Med Chem Lett,10.1016/j.bmcl.2015.04.106,26004578,Weak or non-quantitative,non-protein target (non-molecular)
3085800,CHEMBL297453,CHEMBL1071303,B,Inhibition of human neutrophil elastase,IC50,=,12800.0,nM,4.89,,0,CHEMBL248,Neutrophil elastase,SINGLE PROTEIN,Homo sapiens,9606,P08246,CHEMBL1153219,2010,Bioorg Med Chem Lett,10.1016/j.bmcl.2009.11.109,20004577,Weak or non-quantitative,
3085795,CHEMBL297453,CHEMBL1071298,B,Inhibition of human neutrophil elastase at 1 uM,Inhibition,=,26.6,%,,,0,CHEMBL248,Neutrophil elastase,SINGLE PROTEIN,Homo sapiens,9606,P08246,CHEMBL1153219,2010,Bioorg Med Chem Lett,10.1016/j.bmcl.2009.11.109,20004577,Weak or non-quantitative,
3085796,CHEMBL297453,CHEMBL1071299,B,Inhibition of human neutrophil elastase at 3 uM,Inhibition,=,41.3,%,,,0,CHEMBL248,Neutrophil elastase,SINGLE PROTEIN,Homo sapiens,9606,P08246,CHEMBL1153219,2010,Bioorg Med Chem Lett,10.1016/j.bmcl.2009.11.109,20004577,Weak or non-quantitative,
3085797,CHEMBL297453,CHEMBL1071300,B,Inhibition of human neutrophil elastase at 10 uM,Inhibition,=,63.6,%,,,0,CHEMBL248,Neutrophil elastase,SINGLE PROTEIN,Homo sapiens,9606,P08246,CHEMBL1153219,2010,Bioorg Med Chem Lett,10.1016/j.bmcl.2009.11.109,20004577,Weak or non-quantitative,
3085798,CHEMBL297453,CHEMBL1071301,B,Inhibition of human neutrophil elastase at 30 uM,Inhibition,=,71.4,%,,,0,CHEMBL248,Neutrophil elastase,SINGLE PROTEIN,Homo sapiens,9606,P08246,CHEMBL1153219,2010,Bioorg Med Chem Lett,10.1016/j.bmcl.2009.11.109,20004577,Weak or non-quantitative,
3085799,CHEMBL297453,CHEMBL1071302,B,Inhibition of human neutrophil elastase at 100 uM,Inhibition,=,78.4,%,,,0,CHEMBL248,Neutrophil elastase,SINGLE PROTEIN,Homo sapiens,9606,P08246,CHEMBL1153219,2010,Bioorg Med Chem Lett,10.1016/j.bmcl.2009.11.109,20004577,Weak or non-quantitative,
13341229,CHEMBL297453,CHEMBL2394037,B,Inhibition of human neutrophil elastase assessed as N-methoxysuccinyl-Ala-Ala-Pro-Val p-nitroanilide conversion to p-nitroaniline at 100 ug/ml after 1 hr by spectrophotometric analysis relative to control,Inhibition,=,88.17,%,,,0,CHEMBL248,Neutrophil elastase,SINGLE PROTEIN,Homo sapiens,9606,P08246,CHEMBL2390932,2013,Bioorg Med Chem,10.1016/j.bmc.2013.01.045,23434134,Weak or non-quantitative,
849383,CHEMBL297453,CHEMBL630738,P,Partion coefficient of compound was determined between n-octanol and water evaluated by comparison of HPLC peak area,P,=,8.0,,,,0,CHEMBL2362975,No relevant target,NO TARGET,,,,CHEMBL1131544,1998,Bioorg Med Chem Lett,10.1016/s0960-894x(98)00311-4,9873437,Weak or non-quantitative,non-protein target (no target)
2328918,CHEMBL297453,CHEMBL1004389,P,"Octanol-water partition coefficient, log POW of the compound",LogP,=,0.09,,,,0,CHEMBL2362975,No relevant target,NO TARGET,,,,CHEMBL1158810,2005,J Nat Prod,10.1021/np049743e,16180819,Weak or non-quantitative,non-protein target (no target)
2433796,CHEMBL297453,CHEMBL954474,P,Aqueous stability of the compound,Stability,,,%,,,0,CHEMBL2362975,No relevant target,NO TARGET,,,,CHEMBL1148976,2004,J Nat Prod,10.1021/np040140c,15620252,Weak or non-quantitative,non-protein target (no target)
2433797,CHEMBL297453,CHEMBL954475,P,Chemical stability in DMEM/F12 medium in presence of fetal calf serum,Stability,,,%,,,0,CHEMBL2362975,No relevant target,NO TARGET,,,,CHEMBL1148976,2004,J Nat Prod,10.1021/np040140c,15620252,Weak or non-quantitative,non-protein target (no target)
2716017,CHEMBL297453,CHEMBL1059059,P,ABTS radical scavenging activity assessed as Trolox equivalent antioxidant capacity index at pH 7 by spectrophotometry,Activity,=,4.8,,,,0,CHEMBL2362975,No relevant target,NO TARGET,,,,CHEMBL1153619,2009,J Nat Prod,10.1021/np900131r,19456119,Weak or non-quantitative,non-protein target (no target)
3129796,CHEMBL297453,CHEMBL1070367,P,ABTS radical scavenging activity assessed as trolox equivalent antioxidant capacity,Activity,=,5.95,MU,,,0,CHEMBL2362975,No relevant target,NO TARGET,,,,CHEMBL1157690,2010,Bioorg Med Chem,10.1016/j.bmc.2009.11.015,19944611,Weak or non-quantitative,non-protein target (no target)
3129890,CHEMBL297453,CHEMBL1070369,F,DPPH radical scavenging activity assessed as trolox equivalent antioxidant capacity,Activity,=,6.08,MU,,,0,CHEMBL2362975,No relevant target,NO TARGET,,,,CHEMBL1157690,2010,Bioorg Med Chem,10.1016/j.bmc.2009.11.015,19944611,Weak or non-quantitative,non-protein target (no target)
3197014,CHEMBL297453,CHEMBL1115796,P,Chemical stability in PBS buffer at pH 7.4 assessed as compound remaining after 16 hrs by HPLC,Stability,=,15.0,%,,,0,CHEMBL2362975,No relevant target,NO TARGET,,,,CHEMBL1154814,2010,Eur J Med Chem,10.1016/j.ejmech.2009.11.045,19962795,Weak or non-quantitative,non-protein target (no target)
3365731,CHEMBL297453,CHEMBL1177440,P,Chemical stability in 100 mM phosphate buffer at pH 7.4 at 100 uM after 60 mins by HPLC analysis,Stability,,,%,,,0,CHEMBL2362975,No relevant target,NO TARGET,,,,CHEMBL1177689,2010,Bioorg Med Chem,10.1016/j.bmc.2010.06.021,20598557,Weak or non-quantitative,non-protein target (no target)
15707231,CHEMBL297453,CHEMBL3614605,P,Effect on H2O2 scavenging activity of the compound after 1.5 hrs by Amplex red/horseradish peroxidase detection method,Activity,,,,,,0,CHEMBL2362975,No relevant target,NO TARGET,,,,CHEMBL3612067,2015,Bioorg Med Chem,10.1016/j.bmc.2015.08.012,26337020,Weak or non-quantitative,non-protein target (no target)
18328964,CHEMBL297453,CHEMBL4135958,F,Antioxidant activity assessed as AAPH radical scavenging activity at 12.5 uM by ORAC-FL assay,Activity,=,1.97,uMequiv/uM,,,0,CHEMBL2362975,No relevant target,NO TARGET,,,,CHEMBL4130544,2017,J Nat Prod,10.1021/acs.jnatprod.7b00457,29116780,Weak or non-quantitative,non-protein target (no target)
22995089,CHEMBL297453,CHEMBL4775954,P,"Octanol-water distribution coefficient, log D of the compound at pH 7.4 after 1 hr by UV-VIS spectroscopic analysis",LogD,=,0.04,,,,0,CHEMBL2362975,No relevant target,NO TARGET,,,,CHEMBL4765494,2021,Bioorg Med Chem,10.1016/j.bmc.2021.116043,33530021,Weak or non-quantitative,non-protein target (no target)
23189600,CHEMBL297453,CHEMBL4818346,F,Antioxidant activity assessed as reduction in FK506-induced ROS production by DPPH assay,Activity,,,,,,0,CHEMBL2362975,No relevant target,NO TARGET,,,,CHEMBL4814050,2021,Bioorg Med Chem Lett,10.1016/j.bmcl.2021.128012,33838305,Weak or non-quantitative,non-protein target (no target)
23291908,CHEMBL297453,CHEMBL4839690,B,Zinc ionophore activity assessed as uptake of zinc ions into liposomes by measuring increase in liposome-encapsulated FluoZin3-fluorescence at 10 uM measured after 1 hr in presence of ZnCl2 by fluorescence analysis relative to control,FC,=,28.0,,,,0,CHEMBL2362975,No relevant target,NO TARGET,,,,CHEMBL4837252,2021,Bioorg Med Chem,10.1016/j.bmc.2021.116394,34509160,Weak or non-quantitative,non-protein target (no target)
23291912,CHEMBL297453,CHEMBL4839691,B,Zinc ionophore activity assessed as uptake of zinc ions into liposomes by measuring increase in liposome-encapsulated FluoZin3-fluorescence at 10 uM measured after 1 hr in presence of ZnCl2 and TPEN by fluorescence analysis,Activity,,,,,,0,CHEMBL2362975,No relevant target,NO TARGET,,,,CHEMBL4837252,2021,Bioorg Med Chem,10.1016/j.bmc.2021.116394,34509160,Weak or non-quantitative,non-protein target (no target)
25886958,CHEMBL297453,CHEMBL5517411,P,Aggregation property of compound in 50 mM KPi buffer at pH 7 assessed as critical aggregation concentration by DLS assay,CAC,,,,,,0,CHEMBL2362975,No relevant target,NO TARGET,,,,CHEMBL5512692,2024,J Med Chem,10.1021/acs.jmedchem.4c00597,38864383,Weak or non-quantitative,non-protein target (no target)
25886978,CHEMBL297453,CHEMBL5517412,P,Aggregation property of compound in DMEM media assessed as critical aggregation concentration by DLS assay,CAC,,,,,,0,CHEMBL2362975,No relevant target,NO TARGET,,,,CHEMBL5512692,2024,J Med Chem,10.1021/acs.jmedchem.4c00597,38864383,Weak or non-quantitative,non-protein target (no target)
19053943,CHEMBL297453,CHEMBL4356009,B,Inhibition of Zika virus NS2B (1421 to 1469 residues) - NS3 (1503 to 1688 residues) expressed in Escherichia coli BL21(DE3) cells using Dabcyl-KTSAVLQSGFRKME-Edans as substrate after 11 mins by FRET assay,IC50,=,87000.0,nM,4.06,,0,CHEMBL4523954,Nonstructural protein 3,SINGLE PROTEIN,Zika virus,64320,A0A024AXB9,CHEMBL4354808,2020,J Med Chem,10.1021/acs.jmedchem.9b00775,31549836,Weak or non-quantitative,
11354077,CHEMBL297453,CHEMBL2114853,F,PubChem BioAssay. qHTS assay for small molecule activators of the nuclear factor-kappa B (NF-kB) signaling pathway. (Class of assay: confirmatory) ,Potency,,12589.3,nM,,,0,CHEMBL3251,Nuclear factor NF-kappa-B p105 subunit,SINGLE PROTEIN,Homo sapiens,9606,P19838,CHEMBL1201862,,,,,Weak or non-quantitative,
11425408,CHEMBL297453,CHEMBL2114890,F,PubChem BioAssay. qHTS assay for small molecule agonists of the antioxidant response element (ARE) signaling pathway. (Class of assay: confirmatory) ,Potency,,27306.0,nM,,,0,CHEMBL1075094,Nuclear factor erythroid 2-related factor 2,SINGLE PROTEIN,Homo sapiens,9606,Q16236,CHEMBL1201862,,,,,Weak or non-quantitative,
14300661,CHEMBL297453,CHEMBL3215289,F,PubChem BioAssay. qHTS assay for small molecule agonists of the antioxidant response element (ARE) signaling pathway measured by Nrf2-dependant transcriptional activity.   (Class of assay: confirmatory) ,Potency,,61130.6,nM,,,0,CHEMBL1075094,Nuclear factor erythroid 2-related factor 2,SINGLE PROTEIN,Homo sapiens,9606,Q16236,CHEMBL1201862,,,,,Weak or non-quantitative,
12109844,CHEMBL297453,CHEMBL2175303,B,Binding affinity to Stenotrophomonas sp. TSG4 5'-(GGGATT)3GGGTT-3' DNA assessed as G-quadruplex stabilization at 2 uM by thermal melt analysis,Activity,,,,,,0,CHEMBL345,Nucleic Acid,NUCLEIC-ACID,,,,CHEMBL2169802,2012,J Med Chem,10.1021/jm201191d,22413845,Weak or non-quantitative,non-protein target (nucleic-acid)
10982199,CHEMBL297453,CHEMBL2066850,B,Competitive inhibition of Spiroplasma sp. MQ1 SssI methyltransferase using pUC18 as substrate measured for 10 mins by Dixon plot analysis,Ki,=,28.0,nM,7.55,,0,CHEMBL4373,Orphan methyltransferase M.SssI,SINGLE PROTEIN,Spiroplasma monobiae,2136,P15840,CHEMBL2062450,2012,Eur J Med Chem,10.1016/j.ejmech.2012.07.024,22854677,Potent in 1 publication,
3316518,CHEMBL297453,CHEMBL1117903,F,Inhibition of osteoclastogenesis in RANKL-stimulated mouse osteoclast at 20 uM,Inhibition,=,32.0,%,,,0,CHEMBL612548,Osteoclast,CELL-LINE,,,,CHEMBL1155461,2010,J Med Chem,10.1021/jm9018756,20218623,Weak or non-quantitative,non-protein target (cell-line)
3316519,CHEMBL297453,CHEMBL1117902,F,Inhibition of osteoclastogenesis in RANKL-stimulated mouse osteoclast at 10 uM,Inhibition,=,17.0,%,,,0,CHEMBL612548,Osteoclast,CELL-LINE,,,,CHEMBL1155461,2010,J Med Chem,10.1021/jm9018756,20218623,Weak or non-quantitative,non-protein target (cell-line)
18484056,CHEMBL297453,CHEMBL4185542,F,Cytotoxicity against human PANC1 cells assessed as decrease in cell viability after 48 hrs by MTT assay,IC50,=,62000.0,nM,4.21,,0,CHEMBL614139,PANC-1,CELL-LINE,Homo sapiens,9606,,CHEMBL4184147,2017,J Med Chem,10.1021/acs.jmedchem.6b01026,28654265,Weak or non-quantitative,non-protein target (cell-line)
18484044,CHEMBL297453,CHEMBL4185578,F,Cytotoxicity against human PANC1 cells assessed as cell viability at 6 uM after 48 hrs by MTT assay,Activity,=,95.0,%,,,0,CHEMBL614139,PANC-1,CELL-LINE,Homo sapiens,9606,,CHEMBL4184147,2017,J Med Chem,10.1021/acs.jmedchem.6b01026,28654265,Weak or non-quantitative,non-protein target (cell-line)
25872934,CHEMBL297453,CHEMBL5513485,F,Neuroprotective activity against rat PC12 cells assessed as decrease in H2O2-induced intracellular Ca2+ level preincubated for 12 hrs followed by H2O2-stimulation and measured after 12 hrs by Fluo-3 AM dye based flow cytometry,IC50,=,30.0,nM,7.52,,0,CHEMBL612556,PC-12,CELL-LINE,Rattus norvegicus,10116,,CHEMBL5512615,2024,Eur J Med Chem,10.1016/j.ejmech.2023.116117,38295689,Potent in 1 publication,non-protein target (cell-line)
8046628,CHEMBL297453,CHEMBL1959927,F,Neuroprotective activity against Abeta25-35-induced human PC12 cells assessed as cell viability at 10 uM preincubated for 2 hrs prior Abeta25-35 challenge measured after 24 hrs by MTT assay,Activity,=,65.4,%,,,0,CHEMBL612556,PC-12,CELL-LINE,Rattus norvegicus,10116,,CHEMBL1955732,2012,Bioorg Med Chem Lett,10.1016/j.bmcl.2012.01.103,22357341,Weak or non-quantitative,non-protein target (cell-line)
8046676,CHEMBL297453,CHEMBL1959928,F,Neuroprotective activity against Abeta25-35-induced human PC12 cells assessed as cell viability at 1 uM preincubated for 2 hrs prior Abeta25-35 challenge measured after 24 hrs by MTT assay,Activity,,,,,,0,CHEMBL612556,PC-12,CELL-LINE,Rattus norvegicus,10116,,CHEMBL1955732,2012,Bioorg Med Chem Lett,10.1016/j.bmcl.2012.01.103,22357341,Weak or non-quantitative,non-protein target (cell-line)
12482870,CHEMBL297453,CHEMBL3058888,F,Neuroprotective activity in rat PC12 cells assessed as increase in non amyloidogenic soluble form of amyloid precursor protein secretion at 0.1 to 10 uM after 2 hr by immunoblot analysis relative to control,FC,=,6.0,,,,0,CHEMBL612556,PC-12,CELL-LINE,Rattus norvegicus,10116,,CHEMBL3044535,2012,Med Chem Res,10.1007/s00044-011-9800-4,,Weak or non-quantitative,non-protein target (cell-line)
5100453,CHEMBL297453,CHEMBL1638835,F,"Anticancer activity against human PC3 cells xenografted in sc dosed SCID mouse assessed as inhibition of tumor growth at 20 mg/kg, ip qd for 14 days",Inhibition,,,%,,,0,CHEMBL390,PC-3,CELL-LINE,Homo sapiens,9606,,CHEMBL1629427,2010,Eur J Med Chem,10.1016/j.ejmech.2010.10.011,21044810,Weak or non-quantitative,non-protein target (cell-line)
5100455,CHEMBL297453,CHEMBL1638836,F,"Anticancer activity against human PC3 cells xenografted in sc dosed SCID mouse assessed as inhibition of tumor growth at 80 mg/kg, ip qd for 14 days",Inhibition,=,32.0,%,,,0,CHEMBL390,PC-3,CELL-LINE,Homo sapiens,9606,,CHEMBL1629427,2010,Eur J Med Chem,10.1016/j.ejmech.2010.10.011,21044810,Weak or non-quantitative,non-protein target (cell-line)
13406887,CHEMBL297453,CHEMBL2415791,F,Antiproliferative activity against human PC3 cells at 10 to 100 uM after 48 hrs by hemocytometric cell counting method,Inhibition,,,%,,,0,CHEMBL390,PC-3,CELL-LINE,Homo sapiens,9606,,CHEMBL2412981,2013,Bioorg Med Chem Lett,10.1016/j.bmcl.2013.06.061,23867167,Weak or non-quantitative,non-protein target (cell-line)
19278343,CHEMBL297453,CHEMBL4408446,F,Antiproliferative activity against human PC9 cells harboring FASN expression and EGFR delE746-A750 mutant assessed as reduction in cell viability after 72 hrs by MTS assay,IC50,=,77400.0,nM,4.11,,0,CHEMBL614102,PC-9,CELL-LINE,Homo sapiens,9606,,CHEMBL4406830,2019,Eur J Med Chem,10.1016/j.ejmech.2019.111597,31422225,Weak or non-quantitative,non-protein target (cell-line)
19278360,CHEMBL297453,CHEMBL4408453,F,Induction of apoptosis in human PC9 cells harboring FASN expression and EGFR delE746-A750 mutant at 100 uM after 72 hrs by Annexin-V FITC/PI staining-based flow cytometry,Activity,,,,,,0,CHEMBL614102,PC-9,CELL-LINE,Homo sapiens,9606,,CHEMBL4406830,2019,Eur J Med Chem,10.1016/j.ejmech.2019.111597,31422225,Weak or non-quantitative,non-protein target (cell-line)
19278449,CHEMBL297453,CHEMBL4408497,F,Antiproliferative activity against human PC9 cells harboring FASN expression and EGFR delE746-A750 mutant assessed as cell viability at 100 uM after 72 hrs in presence of exogenous lipid concentrate by MTS assay,Inhibition,,,%,,,0,CHEMBL614102,PC-9,CELL-LINE,Homo sapiens,9606,,CHEMBL4406830,2019,Eur J Med Chem,10.1016/j.ejmech.2019.111597,31422225,Weak or non-quantitative,non-protein target (cell-line)
24750126,CHEMBL297453,CHEMBL5120675,F,Cytotoxicity against human PC-9 cells harboring wild type KRAS assessed as inhibition of cell growth at 60 uM measured on day 4,Activity,,,,,,0,CHEMBL614102,PC-9,CELL-LINE,Homo sapiens,9606,,CHEMBL5113552,2022,ACS Med Chem Lett,10.1021/acsmedchemlett.2c00163,36385933,Weak or non-quantitative,non-protein target (cell-line)
13382845,CHEMBL297453,CHEMBL2410551,B,Inhibition of full length Pin1 (unknown origin) using WFY(pS)PR-pNA as substrate by spectrophotometric analysis,IC50,=,20000.0,nM,4.7,,0,CHEMBL2288,Peptidyl-prolyl cis-trans isomerase NIMA-interacting 1,SINGLE PROTEIN,Homo sapiens,9606,Q13526,CHEMBL2407033,2013,Bioorg Med Chem Lett,10.1016/j.bmcl.2013.05.088,23796453,Weak or non-quantitative,
7054410,CHEMBL297453,CHEMBL1794510,F,PUBCHEM_BIOASSAY: qHTS assay for small molecule antagonists of peroxisome proliferator-activated receptor gamma signaling. (Class of assay: confirmatory) ,Potency,,35481.3,nM,,,0,CHEMBL235,Peroxisome proliferator-activated receptor gamma,SINGLE PROTEIN,Homo sapiens,9606,P37231,CHEMBL1201862,,,,,Weak or non-quantitative,
24995821,CHEMBL297453,CHEMBL5231764,B,Inhibition of PIK3alpha (unknown origin) expressed in baculovirus assessed as inhibition constant using PIP2 as substrate in presence of [gamma-32P]ATP incubated for 30 mins by scintillation proximity assay,Ki,=,380.0,nM,6.42,,0,CHEMBL4005,"Phosphatidylinositol 4,5-bisphosphate 3-kinase catalytic subunit alpha isoform",SINGLE PROTEIN,Homo sapiens,9606,P42336,CHEMBL5230127,2020,Eur J Med Chem,10.1016/j.ejmech.2020.112820,32966896,Potent in 1 publication,
18577267,CHEMBL297453,CHEMBL4222127,B,Inhibition of recombinant human His-tagged PGAM1 expressed in Escherichia coli BL21 competent cells by kinase-glo assay,IC50,=,490.0,nM,6.31,,0,CHEMBL3334418,Phosphoglycerate mutase 1,SINGLE PROTEIN,Homo sapiens,9606,P18669,CHEMBL4219134,2018,Bioorg Med Chem,10.1016/j.bmc.2018.02.044,29530347,Potent in ≥2 publications,
22811282,CHEMBL297453,CHEMBL4713834,B,Inhibition of recombinant His-tagged PGAM1 (unknown origin) expressed in Escherichia coli BL21 using 3-PG as substrate in presence of ADP by Kinase-Glo max luminescent assay,IC50,=,490.0,nM,6.31,,1,CHEMBL3334418,Phosphoglycerate mutase 1,SINGLE PROTEIN,Homo sapiens,9606,P18669,CHEMBL4706677,2021,Bioorg Med Chem Lett,10.1016/j.bmcl.2021.127820,33513389,Potent in ≥2 publications,potential duplicate
3198153,CHEMBL297453,CHEMBL1115806,F,Antifungal activity against Candida krusei IFO 1664 after 24 to 72 hrs by NCCLS method,MIC,>,128.0,ug.mL-1,,,0,CHEMBL612841,Pichia kudriavzevii,ORGANISM,Pichia kudriavzevii,4909,,CHEMBL1154814,2010,Eur J Med Chem,10.1016/j.ejmech.2009.11.045,19962795,Weak or non-quantitative,non-protein target (organism); censored value (>)
12483111,CHEMBL297453,CHEMBL3054082,A,Total plasma protein binding in Rattus norvegicus Wistar (rat) by ultrafiltration-HPLC-UV/DAD method,PPB,=,85.0,%,,,0,CHEMBL613652,Plasma,TISSUE,Rattus norvegicus,10116,,CHEMBL3046608,2012,Med Chem Res,10.1007/s00044-011-9890-z,,Weak or non-quantitative,non-protein target (tissue)
12483115,CHEMBL297453,CHEMBL3054084,A,Total plasma protein binding in Homo sapiens (human) by ultrafiltration-HPLC-UV/DAD method,PPB,=,85.0,%,,,0,CHEMBL613424,Plasma,TISSUE,Homo sapiens,9606,,CHEMBL3046608,2012,Med Chem Res,10.1007/s00044-011-9890-z,,Weak or non-quantitative,non-protein target (tissue)
12698129,CHEMBL297453,CHEMBL2340742,A,Plasma concentration in human at 1600 mg,Cp,=,11.3,uM,,,0,CHEMBL613424,Plasma,TISSUE,Homo sapiens,9606,,CHEMBL2331369,2013,J Nat Prod,10.1021/np3007292,23327877,Weak or non-quantitative,non-protein target (tissue)
1719589,CHEMBL297453,CHEMBL859172,F,Antiplasmodial activity against chloroquine-sensitive Plasmodium falciparum NF54,IC50,=,25500.0,nM,4.59,,0,CHEMBL364,Plasmodium falciparum,ORGANISM,Plasmodium falciparum,5833,,CHEMBL1148505,2006,J Med Chem,10.1021/jm0600545,16722653,Weak or non-quantitative,non-protein target (organism)
1719590,CHEMBL297453,CHEMBL859173,F,Antiplasmodial activity against chloroquine-resistant Plasmodium falciparum K1,IC50,=,9900.0,nM,5.0,,0,CHEMBL364,Plasmodium falciparum,ORGANISM,Plasmodium falciparum,5833,,CHEMBL1148505,2006,J Med Chem,10.1021/jm0600545,16722653,Weak or non-quantitative,non-protein target (organism)
14982184,CHEMBL297453,CHEMBL3376034,F,Antimalarial activity against chloroquine-resistant/mefloquine-sensitive Plasmodium falciparum W2 by malaria SYBR green 1-based fluorescence (MSF) assay,IC50,=,1400.0,nM,5.85,,0,CHEMBL364,Plasmodium falciparum,ORGANISM,Plasmodium falciparum,5833,,CHEMBL3351935,2015,Bioorg Med Chem Lett,10.1016/j.bmcl.2014.11.039,25488841,Weak or non-quantitative,non-protein target (organism)
14982136,CHEMBL297453,CHEMBL3376036,F,Antimalarial activity against chloroquine /mefloquine/pyrimethamine-resistant Plasmodium falciparum C235 by malaria SYBR green 1-based fluorescence (MSF) assay,IC50,=,610.0,nM,6.21,,0,CHEMBL364,Plasmodium falciparum,ORGANISM,Plasmodium falciparum,5833,,CHEMBL3351935,2015,Bioorg Med Chem Lett,10.1016/j.bmcl.2014.11.039,25488841,Potent in 1 publication,non-protein target (organism)
14982160,CHEMBL297453,CHEMBL3376035,F,Antimalarial activity against chloroquine-sensitive/mefloquine-resistant Plasmodium falciparum D6 by malaria SYBR green 1-based fluorescence (MSF) assay,IC50,=,73.0,nM,7.14,,0,CHEMBL364,Plasmodium falciparum,ORGANISM,Plasmodium falciparum,5833,,CHEMBL3351935,2015,Bioorg Med Chem Lett,10.1016/j.bmcl.2014.11.039,25488841,Potent in 1 publication,non-protein target (organism)
24775732,CHEMBL297453,CHEMBL5127883,B,Binding affinity to EED (unknown origin) assessed as dissociation constant SPR assay,Kd,=,15100.0,nM,4.82,,0,CHEMBL2189117,Polycomb protein EED,SINGLE PROTEIN,Homo sapiens,9606,O75530,CHEMBL5126528,2022,Eur J Med Chem,10.1016/j.ejmech.2022.114144,35093670,Weak or non-quantitative,
25441196,CHEMBL297453,CHEMBL5316516,B,Inhibition of Influenza A virus N-terminal domain of PA endonuclease using 6FAM-TGGCAATATCAGCTCCACA-MGBNFQ as fluorescent substrate by FRET analysis,IC50,=,6450.0,nM,5.19,,0,CHEMBL1169598,Polymerase acidic protein,SINGLE PROTEIN,Influenza A virus (A/Puerto Rico/8/1934(H1N1)),211044,P03433,CHEMBL5316264,2023,J Med Chem,10.1021/acs.jmedchem.2c00857,36521178,Weak or non-quantitative,
24835217,CHEMBL297453,CHEMBL5144290,B,Inhibition of Influenza A virus N-terminal domain of PA endonuclease using 6FAM-TGGCAATATCAGCTCCACA-MGBNFQ as fluorescent substrate by FRET analysis,IC50,=,5860.0,nM,5.23,,0,CHEMBL1169598,Polymerase acidic protein,SINGLE PROTEIN,Influenza A virus (A/Puerto Rico/8/1934(H1N1)),211044,P03433,CHEMBL5143520,2022,Eur J Med Chem,10.1016/j.ejmech.2021.113929,34700269,Weak or non-quantitative,
18412414,CHEMBL297453,CHEMBL4152535,B,Inhibition of mPGES1 in human A549 cell microsomal membrane using pGH2 as substrate pretreated for 15 mins followed by substrate addition and measured after 1 min by RP-HPLC method,IC50,=,1800.0,nM,5.75,,0,CHEMBL5658,Prostaglandin E synthase,SINGLE PROTEIN,Homo sapiens,9606,O14684,CHEMBL4152187,2018,Eur J Med Chem,10.1016/j.ejmech.2017.12.059,29329790,Weak or non-quantitative,
2323425,CHEMBL297453,CHEMBL1008508,B,Inhibition of COX1 at 30 ug/mL,Inhibition,=,51.0,%,,,0,CHEMBL221,Prostaglandin G/H synthase 1,SINGLE PROTEIN,Homo sapiens,9606,P23219,CHEMBL1151260,2005,J Nat Prod,10.1021/np049655u,16038536,Weak or non-quantitative,
2323424,CHEMBL297453,CHEMBL1008507,B,Inhibition of COX2 at 25 uM,Inhibition,=,13.0,%,,,0,CHEMBL230,Prostaglandin G/H synthase 2,SINGLE PROTEIN,Homo sapiens,9606,P35354,CHEMBL1151260,2005,J Nat Prod,10.1021/np049655u,16038536,Weak or non-quantitative,
19449327,CHEMBL297453,CHEMBL4433384,B,Inhibition of chymotrypsin-like activity of human 26S proteasome in human Jurkat cells assessed as decrease in AMC hydrolysis using Z-Gly-Gly-Arg-AMC as substrate preincubated for 12 hrs followed by addition of substrate and measured after 2 hrs by fluorometric analysis,IC50,=,18000.0,nM,4.75,,0,CHEMBL4662,Proteasome Macropain subunit MB1,SINGLE PROTEIN,Homo sapiens,9606,P28074,CHEMBL4433200,2019,Eur J Med Chem,10.1016/j.ejmech.2019.01.044,30776692,Weak or non-quantitative,
19449326,CHEMBL297453,CHEMBL4433383,B,Inhibition of chymotrypsin-like activity of human 26S proteasome extracted from human Jurkat cells assessed as decrease in AMC hydrolysis using Z-Gly-Gly-Arg-AMC as substrate after 90 mins by fluorometric analysis,IC50,=,1000.0,nM,6.0,,0,CHEMBL4662,Proteasome Macropain subunit MB1,SINGLE PROTEIN,Homo sapiens,9606,P28074,CHEMBL4433200,2019,Eur J Med Chem,10.1016/j.ejmech.2019.01.044,30776692,Potent in 1 publication,
19449315,CHEMBL297453,CHEMBL4433382,B,Inhibition of chymotrypsin-like activity of purified human 20S proteasome assessed as decrease in AMC hydrolysis using Suc-Leu-Leu-Val-Tyr-AMC as substrate incubated for 30 mins by fluorometric analysis,IC50,=,86.0,nM,7.07,,0,CHEMBL4662,Proteasome Macropain subunit MB1,SINGLE PROTEIN,Homo sapiens,9606,P28074,CHEMBL4433200,2019,Eur J Med Chem,10.1016/j.ejmech.2019.01.044,30776692,Potent in 1 publication,
23133367,CHEMBL297453,CHEMBL4808149,B,Enzymatic assay of human HDAC6 with commercial peptide substrate,Inhibition,=,11.89,%,,,0,CHEMBL1865,Protein deacetylase HDAC6,SINGLE PROTEIN,Homo sapiens,9606,Q9UBN7,CHEMBL4808148,2021,,10.6019/CHEMBL4808148,,Weak or non-quantitative,
23140200,CHEMBL297453,CHEMBL4808150,B,Enzymatic assay of human HDAC6 with custom peptide substrate,Inhibition,=,10.06,%,,,0,CHEMBL1865,Protein deacetylase HDAC6,SINGLE PROTEIN,Homo sapiens,9606,Q9UBN7,CHEMBL4808148,2021,,10.6019/CHEMBL4808148,,Weak or non-quantitative,
3196928,CHEMBL297453,CHEMBL1115804,F,Antibacterial activity against Proteus mirabilis ATCC 27853 after 24 hrs by NCCLS method,MIC,>,128.0,ug.mL-1,,,0,CHEMBL614444,Proteus mirabilis,ORGANISM,Proteus mirabilis,584,,CHEMBL1154814,2010,Eur J Med Chem,10.1016/j.ejmech.2009.11.045,19962795,Weak or non-quantitative,non-protein target (organism); censored value (>)
20161978,CHEMBL297453,CHEMBL4296187,F,"Antibacterial activity against Pseudomonas aeruginosa ATCC 27853 (CO-ADD:GN_042); MIC in CAMBH media using NBS plates, by OD(600)",Inhibition,=,27.87,%,,,0,CHEMBL348,Pseudomonas aeruginosa,ORGANISM,Pseudomonas aeruginosa,287,,CHEMBL4513141,,,10.6019/CHEMBL4513141,,Weak or non-quantitative,non-protein target (organism)
4078327,CHEMBL297453,CHEMBL1614428,F,PUBCHEM_BIOASSAY: qHTS Assay for Activators of Human Muscle isoform 2 Pyruvate Kinase. (Class of assay: confirmatory) ,Potency,=,3981.1,nM,5.4,,0,CHEMBL1075189,Pyruvate kinase PKM,SINGLE PROTEIN,Homo sapiens,9606,P14618,CHEMBL1201862,,,,,Weak or non-quantitative,
4823555,CHEMBL297453,CHEMBL1613996,F,PUBCHEM_BIOASSAY: qHTS Assay for Inhibitors of Human Muscle isoform 2 Pyruvate Kinase. (Class of assay: confirmatory) [Related pubchem assays: 1379 ],Potency,=,3981.1,nM,5.4,,0,CHEMBL1075189,Pyruvate kinase PKM,SINGLE PROTEIN,Homo sapiens,9606,P14618,CHEMBL1201862,,,,,Weak or non-quantitative,
24813562,CHEMBL297453,CHEMBL5137801,B,"Inhibition of recombinant PKM2 (unknown origin) Asp178, Asp177, Ser362, Lys367, Hie78, Ser205, Gly128, Thr129, Tyr83, Asn75, Ile51 residues at 40 uM relative to control",Inhibition,=,49.0,%,,,0,CHEMBL1075189,Pyruvate kinase PKM,SINGLE PROTEIN,Homo sapiens,9606,P14618,CHEMBL5136976,2022,J Med Chem,10.1021/acs.jmedchem.1c00981,34726055,Weak or non-quantitative,
6206829,CHEMBL297453,CHEMBL1780323,F,Inhibition of RANKL-induced osteoclastogenesis in mouse RAW264.7 cells assessed as decrease in TRAP-positive multi-nucleated cells after 5 days,IC50,=,29800.0,nM,4.53,,0,CHEMBL612557,RAW264.7,CELL-LINE,Mus musculus,10090,,CHEMBL1777753,2011,J Med Chem,10.1021/jm1016494,21456521,Weak or non-quantitative,non-protein target (cell-line)
6206854,CHEMBL297453,CHEMBL1780328,A,Cytotoxicity against mouse RAW264.7 cells assessed as cell survival rate at 10 uM by MTT assay,Survival,,,,,,0,CHEMBL612557,RAW264.7,CELL-LINE,Mus musculus,10090,,CHEMBL1777753,2011,J Med Chem,10.1021/jm1016494,21456521,Weak or non-quantitative,non-protein target (cell-line)
8009545,CHEMBL297453,CHEMBL1944399,F,Antiinflammatory activity in mouse RAW264.7 cells assessed as inhibition of LPS-induced MMP9 expression at 25 uM by Western blotting relative to control,Inhibition,=,70.0,%,,,0,CHEMBL612557,RAW264.7,CELL-LINE,Mus musculus,10090,,CHEMBL1938323,2011,J Nat Prod,10.1021/np100934u,21469692,Weak or non-quantitative,non-protein target (cell-line)
8009546,CHEMBL297453,CHEMBL1944400,F,Antiinflammatory activity in mouse RAW264.7 cells assessed as inhibition of LPS-induced MMP9 expression at 50 uM by Western blotting relative to control,Inhibition,=,75.0,%,,,0,CHEMBL612557,RAW264.7,CELL-LINE,Mus musculus,10090,,CHEMBL1938323,2011,J Nat Prod,10.1021/np100934u,21469692,Weak or non-quantitative,non-protein target (cell-line)
8009547,CHEMBL297453,CHEMBL1944401,F,Antiinflammatory activity in mouse RAW264.7 cells assessed as inhibition of LPS-induced MMP9 expression at 100 uM by Western blotting relative to control,Inhibition,=,90.0,%,,,0,CHEMBL612557,RAW264.7,CELL-LINE,Mus musculus,10090,,CHEMBL1938323,2011,J Nat Prod,10.1021/np100934u,21469692,Weak or non-quantitative,non-protein target (cell-line)
29087344,CHEMBL297453,CHEMBL6081503,F,Anti-inflammatory activity against mouse RAW264.7 cells assessed as inhibition of LPS-induced NO production,IC50,<,1000.0,nM,,,0,CHEMBL612557,RAW264.7,CELL-LINE,Mus musculus,10090,,CHEMBL6078690,2024,J Med Chem,10.1021/acs.jmedchem.4c01912,39648929,Weak or non-quantitative,non-protein target (cell-line); censored value (<)
5021611,CHEMBL297453,CHEMBL1613896,B,"PUBCHEM_BIOASSAY: Fluorescent Polarization Homogeneous Dose Response HTS to Identify Inhibitors of POS-1 Binding to mex-3-RNA. (Class of assay: confirmatory) [Related pubchem assays: 1833 (Project Summary), 1832 (Primary HTS)]",EC50,=,5892.0,nM,5.23,,0,CHEMBL1293304,RNA-binding protein pos-1,SINGLE PROTEIN,Caenorhabditis elegans,6239,G5EF15,CHEMBL1201862,,,,,Weak or non-quantitative,
19099004,CHEMBL297453,CHEMBL4368091,F,Induction of apoptosis in human RPMI8226 cells at 10 to 20 uM by TUNEL assay relative to control,Activity,>,100.0,%,,,0,CHEMBL614882,RPMI-8226,CELL-LINE,Homo sapiens,9606,,CHEMBL4364318,2019,Eur J Med Chem,10.1016/j.ejmech.2019.07.041,31330448,Weak or non-quantitative,non-protein target (cell-line); censored value (>)
8059242,CHEMBL297453,CHEMBL1961244,F,Antioxidant activity assessed as DPPH radical scavenging activity after 30 mins by spectrophotometry,IC50,=,8300.0,nM,5.08,,0,CHEMBL613712,Radical scavenging activity,UNKNOWN,,,,CHEMBL1955735,2012,Bioorg Med Chem,10.1016/j.bmc.2012.02.002,22377672,Weak or non-quantitative,non-protein target (unknown)
1771010,CHEMBL297453,CHEMBL856913,F,Hydroxyl radical scavenging activity,IC50,=,3760000.0,nM,,Outside typical range,0,CHEMBL613712,Radical scavenging activity,UNKNOWN,,,,CHEMBL1146894,2006,Bioorg Med Chem Lett,10.1016/j.bmcl.2006.07.071,16901695,Weak or non-quantitative,ChEMBL validity: Outside typical range; non-protein target (unknown)
2184287,CHEMBL297453,CHEMBL949714,F,Antioxidant activity assessed as DPPH radical scavenging activity,IC50,=,5.6,ug.mL-1,,,0,CHEMBL613712,Radical scavenging activity,UNKNOWN,,,,CHEMBL1150224,2001,J Nat Prod,10.1021/np000251l,11170672,Weak or non-quantitative,non-protein target (unknown)
2534434,CHEMBL297453,CHEMBL965165,F,Antioxidant activity assessed as DPPH free radical scavenging activity after 30 mins,IC50,=,2.7,ug.mL-1,,,0,CHEMBL613712,Radical scavenging activity,UNKNOWN,,,,CHEMBL1150647,2002,J Nat Prod,10.1021/np020048l,12350169,Weak or non-quantitative,non-protein target (unknown)
2569836,CHEMBL297453,CHEMBL978207,F,Antioxidant activity assessed as DPPH radical scavenging activity,ED50,=,7.0,uM,,,0,CHEMBL613712,Radical scavenging activity,UNKNOWN,,,,CHEMBL1155959,2008,Bioorg Med Chem,10.1016/j.bmc.2008.07.018,18656366,Weak or non-quantitative,non-protein target (unknown)
2704392,CHEMBL297453,CHEMBL1053243,F,Antioxidant activity assessed as radical DPPH scavenging activity,ED50,=,7.0,uM,,,0,CHEMBL613712,Radical scavenging activity,UNKNOWN,,,,CHEMBL1153461,2009,Bioorg Med Chem,10.1016/j.bmc.2009.06.050,19596200,Weak or non-quantitative,non-protein target (unknown)
2330906,CHEMBL297453,CHEMBL1028361,A,Cytotoxicity against human Raji cells assessed as cell viability at 1000 molar ratio,Activity,=,70.0,%,,,0,CHEMBL614628,Raji,CELL-LINE,Homo sapiens,9606,,CHEMBL1146502,2004,J Nat Prod,10.1021/np030367s,15043420,Weak or non-quantitative,non-protein target (cell-line)
2330912,CHEMBL297453,CHEMBL1028362,A,Cytotoxicity against human Raji cells assessed as cell viability at 500 molar ratio,Activity,=,80.0,%,,,0,CHEMBL614628,Raji,CELL-LINE,Homo sapiens,9606,,CHEMBL1146502,2004,J Nat Prod,10.1021/np030367s,15043420,Weak or non-quantitative,non-protein target (cell-line)
2330918,CHEMBL297453,CHEMBL1028363,A,Cytotoxicity against human Raji cells assessed as cell viability at 100 molar ratio,Activity,=,80.0,%,,,0,CHEMBL614628,Raji,CELL-LINE,Homo sapiens,9606,,CHEMBL1146502,2004,J Nat Prod,10.1021/np030367s,15043420,Weak or non-quantitative,non-protein target (cell-line)
2330924,CHEMBL297453,CHEMBL1028364,A,Cytotoxicity against human Raji cells assessed as cell viability at 10 molar ratio,Activity,=,80.0,%,,,0,CHEMBL614628,Raji,CELL-LINE,Homo sapiens,9606,,CHEMBL1146502,2004,J Nat Prod,10.1021/np030367s,15043420,Weak or non-quantitative,non-protein target (cell-line)
6186139,CHEMBL297453,CHEMBL1776904,F,Induction of apoptosis in human Raji cells assessed as intracellular caspase-3 activation after 24 hrs (Rvb = 3.4 %),Activity,=,3.5,%,,,0,CHEMBL614628,Raji,CELL-LINE,Homo sapiens,9606,,CHEMBL1772988,2011,J Nat Prod,10.1021/np1007729,21434603,Weak or non-quantitative,non-protein target (cell-line)
6186140,CHEMBL297453,CHEMBL1776672,F,Cell cycle arrest in human Raji cells by assessed as accumulation at subG1 phase at 10 uM using propidium iodide staining by flow cytometry,Activity,=,3.8,%,,,0,CHEMBL614628,Raji,CELL-LINE,Homo sapiens,9606,,CHEMBL1772988,2011,J Nat Prod,10.1021/np1007729,21434603,Weak or non-quantitative,non-protein target (cell-line)
6186142,CHEMBL297453,CHEMBL1776498,F,Induction of myeloperoxidase expression in human Raji cells after 24 hrs by flow cytometry,Activity,=,4.5,%,,,0,CHEMBL614628,Raji,CELL-LINE,Homo sapiens,9606,,CHEMBL1772988,2011,J Nat Prod,10.1021/np1007729,21434603,Weak or non-quantitative,non-protein target (cell-line)
6186143,CHEMBL297453,CHEMBL1776723,F,Induction of apoptosis in human Raji cells assessed as late apoptotic or secondary necrotic cells at 10 uM after 6 hrs by measuring phosphatidylserine translocation using annexin V-FITC/propidium iodide staining by FACS (Rvb = 2.2 %),Activity,=,4.5,%,,,0,CHEMBL614628,Raji,CELL-LINE,Homo sapiens,9606,,CHEMBL1772988,2011,J Nat Prod,10.1021/np1007729,21434603,Weak or non-quantitative,non-protein target (cell-line)
6186144,CHEMBL297453,CHEMBL1776722,F,Induction of apoptosis in human Raji cells assessed as early apoptotic cells at 10 uM after 6 hrs by measuring phosphatidylserine translocation using annexin V-FITC/propidium iodide staining by FACS (Rvb = 3.7 %),Activity,=,5.1,%,,,0,CHEMBL614628,Raji,CELL-LINE,Homo sapiens,9606,,CHEMBL1772988,2011,J Nat Prod,10.1021/np1007729,21434603,Weak or non-quantitative,non-protein target (cell-line)
6186145,CHEMBL297453,CHEMBL1776721,F,Induction of apoptosis in human Raji cells assessed as necrotic cells at 10 uM after 6 hrs by measuring phosphatidylserine translocation using annexin V-FITC/propidium iodide staining by FACS (Rvb = 3.4 %),Activity,=,5.3,%,,,0,CHEMBL614628,Raji,CELL-LINE,Homo sapiens,9606,,CHEMBL1772988,2011,J Nat Prod,10.1021/np1007729,21434603,Weak or non-quantitative,non-protein target (cell-line)
6186146,CHEMBL297453,CHEMBL1776905,F,Induction of apoptosis in human Raji cells assessed as intracellular caspase-3 activation after 48 hrs (Rvb = 3.4 %),Activity,=,5.4,%,,,0,CHEMBL614628,Raji,CELL-LINE,Homo sapiens,9606,,CHEMBL1772988,2011,J Nat Prod,10.1021/np1007729,21434603,Weak or non-quantitative,non-protein target (cell-line)
6186147,CHEMBL297453,CHEMBL1776718,F,Cell cycle arrest in human Raji cells by assessed as accumulation at subG1 phase at 10 uM using propidium iodide staining by flow cytometry in presence of superoxide dismutase and catalase,Activity,=,5.9,%,,,0,CHEMBL614628,Raji,CELL-LINE,Homo sapiens,9606,,CHEMBL1772988,2011,J Nat Prod,10.1021/np1007729,21434603,Weak or non-quantitative,non-protein target (cell-line)
6186148,CHEMBL297453,CHEMBL1776725,F,Induction of apoptosis in human Raji cells assessed as necrotic cells at 10 uM after 12 hrs by measuring phosphatidylserine translocation using annexin V-FITC/propidium iodide staining by FACS (Rvb = 3.4 %),Activity,=,6.7,%,,,0,CHEMBL614628,Raji,CELL-LINE,Homo sapiens,9606,,CHEMBL1772988,2011,J Nat Prod,10.1021/np1007729,21434603,Weak or non-quantitative,non-protein target (cell-line)
6186149,CHEMBL297453,CHEMBL1776724,F,Induction of apoptosis in human Raji cells assessed as early apoptotic cells at 10 uM after 12 hrs by measuring phosphatidylserine translocation using annexin V-FITC/propidium iodide staining by FACS (Rvb = 3.7 %),Activity,=,7.7,%,,,0,CHEMBL614628,Raji,CELL-LINE,Homo sapiens,9606,,CHEMBL1772988,2011,J Nat Prod,10.1021/np1007729,21434603,Weak or non-quantitative,non-protein target (cell-line)
6186150,CHEMBL297453,CHEMBL1776726,F,Induction of apoptosis in human Raji cells assessed as late apoptotic or secondary necrotic cells at 10 uM after 12 hrs by measuring phosphatidylserine translocation using annexin V-FITC/propidium iodide staining by FACS (Rvb = 2.2 %),Activity,=,7.8,%,,,0,CHEMBL614628,Raji,CELL-LINE,Homo sapiens,9606,,CHEMBL1772988,2011,J Nat Prod,10.1021/np1007729,21434603,Weak or non-quantitative,non-protein target (cell-line)
6186151,CHEMBL297453,CHEMBL1776728,F,Induction of apoptosis in human Raji cells assessed as early apoptotic cells at 10 uM after 24 hrs by measuring phosphatidylserine translocation using annexin V-FITC/propidium iodide staining by FACS (Rvb = 3.7 %),Activity,=,8.5,%,,,0,CHEMBL614628,Raji,CELL-LINE,Homo sapiens,9606,,CHEMBL1772988,2011,J Nat Prod,10.1021/np1007729,21434603,Weak or non-quantitative,non-protein target (cell-line)
6186152,CHEMBL297453,CHEMBL1776729,F,Induction of apoptosis in human Raji cells assessed as late apoptotic or secondary necrotic cells at 10 uM after 24 hrs by measuring phosphatidylserine translocation using annexin V-FITC/propidium iodide staining by FACS (Rvb = 2.2 %),Activity,=,13.0,%,,,0,CHEMBL614628,Raji,CELL-LINE,Homo sapiens,9606,,CHEMBL1772988,2011,J Nat Prod,10.1021/np1007729,21434603,Weak or non-quantitative,non-protein target (cell-line)
6186154,CHEMBL297453,CHEMBL1776727,F,Induction of apoptosis in human Raji cells assessed as necrotic cells at 10 uM after 24 hrs by measuring phosphatidylserine translocation using annexin V-FITC/propidium iodide staining by FACS (Rvb = 3.4 %),Activity,=,14.9,%,,,0,CHEMBL614628,Raji,CELL-LINE,Homo sapiens,9606,,CHEMBL1772988,2011,J Nat Prod,10.1021/np1007729,21434603,Weak or non-quantitative,non-protein target (cell-line)
6186158,CHEMBL297453,CHEMBL1776492,F,Cytotoxicity against human Raji cells assessed as cell growth inhibition after 7 days by trypan blue based microscopic analysis,GI,,,,,,0,CHEMBL614628,Raji,CELL-LINE,Homo sapiens,9606,,CHEMBL1772988,2011,J Nat Prod,10.1021/np1007729,21434603,Weak or non-quantitative,non-protein target (cell-line)
6186162,CHEMBL297453,CHEMBL1776549,F,Induction of intracellular reactive oxygen species production in human Raji cells at 10 uM after 1 to 3 hrs by flow cytometry,Activity,,,,,,0,CHEMBL614628,Raji,CELL-LINE,Homo sapiens,9606,,CHEMBL1772988,2011,J Nat Prod,10.1021/np1007729,21434603,Weak or non-quantitative,non-protein target (cell-line)
6186165,CHEMBL297453,CHEMBL1776667,F,Growth inhibition against human Raji cells assessed as cell viability at 10 uM after 48 hrs by trypan blue based microscopic analysis in presence of superoxide dismutase,GI,,,,,,0,CHEMBL614628,Raji,CELL-LINE,Homo sapiens,9606,,CHEMBL1772988,2011,J Nat Prod,10.1021/np1007729,21434603,Weak or non-quantitative,non-protein target (cell-line)
6186167,CHEMBL297453,CHEMBL1776669,F,Growth inhibition against human Raji cells assessed as cell viability at 10 uM after 48 hrs by trypan blue based microscopic analysis in presence of catalase,GI,,,,,,0,CHEMBL614628,Raji,CELL-LINE,Homo sapiens,9606,,CHEMBL1772988,2011,J Nat Prod,10.1021/np1007729,21434603,Weak or non-quantitative,non-protein target (cell-line)
6187080,CHEMBL297453,CHEMBL1776720,F,Growth inhibition against human Raji cells assessed as cell viability at 10 uM after 24 hrs by trypan blue based microscopic analysis,Activity,,,,,,0,CHEMBL614628,Raji,CELL-LINE,Homo sapiens,9606,,CHEMBL1772988,2011,J Nat Prod,10.1021/np1007729,21434603,Weak or non-quantitative,non-protein target (cell-line)
6187081,CHEMBL297453,CHEMBL1776730,F,Induction of apoptosis in human Raji cells assessed as necrotic cells at 10 uM by measuring phosphatidylserine translocation using annexin V-FITC/propidium iodide staining by FACS,Activity,,,,,,0,CHEMBL614628,Raji,CELL-LINE,Homo sapiens,9606,,CHEMBL1772988,2011,J Nat Prod,10.1021/np1007729,21434603,Weak or non-quantitative,non-protein target (cell-line)
6187083,CHEMBL297453,CHEMBL1776907,F,Growth inhibition against human Raji cells assessed as cell viability at 10 uM preincubated with N-acetyl-L-cysteine for 30 mins measured after 48 hrs by trypan blue based microscopic analysis,GI,,,,,,0,CHEMBL614628,Raji,CELL-LINE,Homo sapiens,9606,,CHEMBL1772988,2011,J Nat Prod,10.1021/np1007729,21434603,Weak or non-quantitative,non-protein target (cell-line)
6187087,CHEMBL297453,CHEMBL1776909,F,Growth inhibition against human Raji cells assessed as cell viability at 10 uM after 48 hrs by trypan blue based microscopic analysis in presence of superoxide dismutase and catalase,GI,,,,,,0,CHEMBL614628,Raji,CELL-LINE,Homo sapiens,9606,,CHEMBL1772988,2011,J Nat Prod,10.1021/np1007729,21434603,Weak or non-quantitative,non-protein target (cell-line)
12591421,CHEMBL297453,CHEMBL3072698,F,Antidiabetic activity in Sprague-Dawley Rattus norvegicus (rat) assessed as STZ-induced fasting plasma triglyceride level at 5% administered QD for 12 weeks (Rvb = 54.4 +/- 12.3 mg/ml),Activity,=,47.9,mg/ml,,,0,CHEMBL376,Rattus norvegicus,ORGANISM,Rattus norvegicus,10116,,CHEMBL3046376,2013,Med Chem Res,10.1007/s00044-012-0352-z,,Weak or non-quantitative,non-protein target (organism)
12591422,CHEMBL297453,CHEMBL3072699,F,Antidiabetic activity in Sprague-Dawley Rattus norvegicus (rat) assessed as STZ-induced fasting plasma free fatty acid level at 5% administered QD for 12 weeks (Rvb = 230.8 +/- 16.6 uM),Activity,=,151.1,uM,,,0,CHEMBL376,Rattus norvegicus,ORGANISM,Rattus norvegicus,10116,,CHEMBL3046376,2013,Med Chem Res,10.1007/s00044-012-0352-z,,Weak or non-quantitative,non-protein target (organism)
12591423,CHEMBL297453,CHEMBL3072700,F,Antidiabetic activity in Sprague-Dawley Rattus norvegicus (rat) assessed as STZ-induced fasting plasma insulin level at 5% administered QD for 12 weeks (Rvb = 13.5 +/- 1.6 uU/ml),Activity,=,10.2,uU/ml,,,0,CHEMBL376,Rattus norvegicus,ORGANISM,Rattus norvegicus,10116,,CHEMBL3046376,2013,Med Chem Res,10.1007/s00044-012-0352-z,,Weak or non-quantitative,non-protein target (organism)
12591424,CHEMBL297453,CHEMBL3072701,F,Antidiabetic activity in Sprague-Dawley Rattus norvegicus (rat) assessed as STZ-induced fasting plasma glucose level at 5% administered QD for 12 weeks (Rvb = 318.4 +/- 11.9 mg/dl),Activity,=,169.6,mg/dl,,,0,CHEMBL376,Rattus norvegicus,ORGANISM,Rattus norvegicus,10116,,CHEMBL3046376,2013,Med Chem Res,10.1007/s00044-012-0352-z,,Weak or non-quantitative,non-protein target (organism)
12591425,CHEMBL297453,CHEMBL3072702,F,Antidiabetic activity in Sprague-Dawley Rattus norvegicus (rat) assessed as STZ-induced body weight at 5% administered QD for 12 weeks (Rvb = 268.6 +/- 9.3 g),Activity,=,251.5,g,,,0,CHEMBL376,Rattus norvegicus,ORGANISM,Rattus norvegicus,10116,,CHEMBL3046376,2013,Med Chem Res,10.1007/s00044-012-0352-z,,Weak or non-quantitative,non-protein target (organism)
12591430,CHEMBL297453,CHEMBL3072703,F,Antidiabetic activity in Sprague-Dawley Rattus norvegicus (rat) STZ-induced diabetic model assessed as decrease in oral glucose-induced plasma insulin level at 5% administered QD for 12 weeks prior to glucose-challenge measured after 120 min by oral glucose tolerance test relative to control,Activity,,,,,,0,CHEMBL376,Rattus norvegicus,ORGANISM,Rattus norvegicus,10116,,CHEMBL3046376,2013,Med Chem Res,10.1007/s00044-012-0352-z,,Weak or non-quantitative,non-protein target (organism)
12591431,CHEMBL297453,CHEMBL3072704,F,Antidiabetic activity in Sprague-Dawley Rattus norvegicus (rat) STZ-induced diabetic model assessed as decrease in oral glucose-induced plasma glucose level at 5% administered QD for 12 weeks prior to glucose-challenge measured after 120 min by oral glucose tolerance test relative to control,Activity,,,,,,0,CHEMBL376,Rattus norvegicus,ORGANISM,Rattus norvegicus,10116,,CHEMBL3046376,2013,Med Chem Res,10.1007/s00044-012-0352-z,,Weak or non-quantitative,non-protein target (organism)
12591432,CHEMBL297453,CHEMBL3073130,F,Antidiabetic activity in Sprague-Dawley Rattus norvegicus (rat) STZ-induced diabetic model assessed as decrease in oral glucose-induced plasma insulin level at 5% administered QD for 6 weeks prior to glucose-challenge measured after 120 min by oral glucose tolerance test relative to control,Activity,,,,,,0,CHEMBL376,Rattus norvegicus,ORGANISM,Rattus norvegicus,10116,,CHEMBL3046376,2013,Med Chem Res,10.1007/s00044-012-0352-z,,Weak or non-quantitative,non-protein target (organism)
12591433,CHEMBL297453,CHEMBL3071783,F,Antidiabetic activity in Sprague-Dawley Rattus norvegicus (rat) STZ-induced diabetic model assessed as decrease in oral glucose-induced plasma glucose level at 5% administered QD for 6 weeks prior to glucose-challenge measured after 120 min by oral glucose tolerence test relative to control,Activity,,,,,,0,CHEMBL376,Rattus norvegicus,ORGANISM,Rattus norvegicus,10116,,CHEMBL3046376,2013,Med Chem Res,10.1007/s00044-012-0352-z,,Weak or non-quantitative,non-protein target (organism)
18924225,CHEMBL297453,CHEMBL4324201,F,"Anti-colitis activity in Sprague-Dawley rat model of acetic acid-induced colitis assessed as disease activity index at 50 mg/kg, po administered for 7 consecutive days and measured on day 8 (Rvb = 3.9 +/- 0.4 No_unit)",Activity_index,=,1.1,,,,0,CHEMBL376,Rattus norvegicus,ORGANISM,Rattus norvegicus,10116,,CHEMBL4321843,2020,Eur J Med Chem,10.1016/j.ejmech.2019.111805,31703817,Weak or non-quantitative,non-protein target (organism)
18924226,CHEMBL297453,CHEMBL4324202,F,"Anti-colitis activity in Sprague-Dawley rat model of acetic acid-induced colitis assessed as colon mucosa damage index at 50 mg/kg, po administered for 7 consecutive days and measured on day 8 (Rvb = 3.3 +/- 0.6 No_unit)",Activity_index,=,1.5,,,,0,CHEMBL376,Rattus norvegicus,ORGANISM,Rattus norvegicus,10116,,CHEMBL4321843,2020,Eur J Med Chem,10.1016/j.ejmech.2019.111805,31703817,Weak or non-quantitative,non-protein target (organism)
18924227,CHEMBL297453,CHEMBL4324203,F,"Anti-colitis activity in Sprague-Dawley rat model of acetic acid-induced colitis assessed as histological scores at 50 mg/kg, po administered for 7 consecutive days and measured on day 8 (Rvb = 9.3 +/- 2.8 No_unit)",Activity,=,4.6,,,,0,CHEMBL376,Rattus norvegicus,ORGANISM,Rattus norvegicus,10116,,CHEMBL4321843,2020,Eur J Med Chem,10.1016/j.ejmech.2019.111805,31703817,Weak or non-quantitative,non-protein target (organism)
18924228,CHEMBL297453,CHEMBL4324204,F,"Antioxidant activity in Sprague-Dawley rat model of acetic acid-induced colitis assessed as reduction in NO level in tissue at 50 mg/kg, po administered for 7 consecutive days and measured on day 8",Activity,=,9.1,mmol/g,,,0,CHEMBL376,Rattus norvegicus,ORGANISM,Rattus norvegicus,10116,,CHEMBL4321843,2020,Eur J Med Chem,10.1016/j.ejmech.2019.111805,31703817,Weak or non-quantitative,non-protein target (organism)
18924229,CHEMBL297453,CHEMBL4324205,F,"Antiinflammatory activity in Sprague-Dawley rat model of acetic acid-induced colitis assessed as reduction in IFNgamma level in serum at 50 mg/kg, po administered for 7 consecutive days and measured on day 8 by ELISA method",Activity,=,33.3,pg/ml,,,0,CHEMBL376,Rattus norvegicus,ORGANISM,Rattus norvegicus,10116,,CHEMBL4321843,2020,Eur J Med Chem,10.1016/j.ejmech.2019.111805,31703817,Weak or non-quantitative,non-protein target (organism)
11005885,CHEMBL297453,CHEMBL2090538,B,Inhibition of HER2 phosphorylation in human SK-BR-3 cells after 6 hrs by Western blot analysis,Inhibition,=,18.0,%,,,0,CHEMBL1824,Receptor tyrosine-protein kinase erbB-2,SINGLE PROTEIN,Homo sapiens,9606,P04626,CHEMBL2086320,2012,J Med Chem,10.1021/jm2016045,22559865,Weak or non-quantitative,
13896821,CHEMBL297453,CHEMBL3111061,B,Induction of ErbB2 internalization in lysosome/endosome of human A431 cells in serum free medium at 200 uM after 30 mins by by immunofluorescence staining-based confocal microscopic analysis,Activity,,,,,,0,CHEMBL1824,Receptor tyrosine-protein kinase erbB-2,SINGLE PROTEIN,Homo sapiens,9606,P04626,CHEMBL3108760,2014,J Nat Prod,10.1021/np4007712,24456004,Weak or non-quantitative,
13896822,CHEMBL297453,CHEMBL3111062,B,Induction of ErbB2 internalization in lysosome/endosome of human SKBR3 cells in serum free medium at 200 uM after 30 mins by immunofluorescence staining-based confocal microscopic analysis,Activity,,,,,,0,CHEMBL1824,Receptor tyrosine-protein kinase erbB-2,SINGLE PROTEIN,Homo sapiens,9606,P04626,CHEMBL3108760,2014,J Nat Prod,10.1021/np4007712,24456004,Weak or non-quantitative,
19964202,CHEMBL297453,CHEMBL4495583,F,SARS-CoV-2 3CL-Pro protease inhibition IC50 determined by FRET kind of response from peptide substrate,IC50,=,1580.0,nM,5.8,,0,CHEMBL4523582,Replicase polyprotein 1ab,SINGLE PROTEIN,Severe acute respiratory syndrome coronavirus 2,2697049,P0DTD1,CHEMBL4495564,2020,,10.6019/CHEMBL4495564,,Weak or non-quantitative,
19964291,CHEMBL297453,CHEMBL4495583,F,SARS-CoV-2 3CL-Pro protease inhibition IC50 determined by FRET kind of response from peptide substrate,IC50,=,720.0,nM,6.14,,0,CHEMBL4523582,Replicase polyprotein 1ab,SINGLE PROTEIN,Severe acute respiratory syndrome coronavirus 2,2697049,P0DTD1,CHEMBL4495564,2020,,10.6019/CHEMBL4495564,,Potent in ≥2 publications,
29231020,CHEMBL297453,CHEMBL6127956,B,Inhibition of SARS-CoV-2 nsp15,IC50,=,200.0,nM,6.7,,0,CHEMBL4523582,Replicase polyprotein 1ab,SINGLE PROTEIN,Severe acute respiratory syndrome coronavirus 2,2697049,P0DTD1,CHEMBL6127038,2024,Eur J Med Chem,10.1016/j.ejmech.2024.116788,39236494,Potent in ≥2 publications,
19955738,CHEMBL297453,CHEMBL4495582,F,SARS-CoV-2 3CL-Pro protease inhibition percentage at 20µM  by FRET kind of response from peptide substrate,Inhibition,=,99.33,%,,,0,CHEMBL4523582,Replicase polyprotein 1ab,SINGLE PROTEIN,Severe acute respiratory syndrome coronavirus 2,2697049,P0DTD1,CHEMBL4495564,2020,,10.6019/CHEMBL4495564,,Weak or non-quantitative,
19962208,CHEMBL297453,CHEMBL4495582,F,SARS-CoV-2 3CL-Pro protease inhibition percentage at 20µM  by FRET kind of response from peptide substrate,Inhibition,=,99.51,%,,,0,CHEMBL4523582,Replicase polyprotein 1ab,SINGLE PROTEIN,Severe acute respiratory syndrome coronavirus 2,2697049,P0DTD1,CHEMBL4495564,2020,,10.6019/CHEMBL4495564,,Weak or non-quantitative,
19964321,CHEMBL297453,CHEMBL4495584,F,MERS_3CL Pro protease inhibition IC50  by FRET kind of response from peptide substrate,IC50,>,10000.0,nM,,,0,CHEMBL4295557,Replicase polyprotein 1ab,SINGLE PROTEIN,Middle East respiratory syndrome-related coronavirus (isolate UnitedKingdom/H123990006/2012) (Betacoronavirus England 1) (Humancoronavirus EMC),1263720,K9N7C7,CHEMBL4495564,2020,,10.6019/CHEMBL4495564,,Weak or non-quantitative,censored value (>)
19964376,CHEMBL297453,CHEMBL4495584,F,MERS_3CL Pro protease inhibition IC50  by FRET kind of response from peptide substrate,IC50,>,10000.0,nM,,,0,CHEMBL4295557,Replicase polyprotein 1ab,SINGLE PROTEIN,Middle East respiratory syndrome-related coronavirus (isolate UnitedKingdom/H123990006/2012) (Betacoronavirus England 1) (Humancoronavirus EMC),1263720,K9N7C7,CHEMBL4495564,2020,,10.6019/CHEMBL4495564,,Weak or non-quantitative,censored value (>)
19964404,CHEMBL297453,CHEMBL4495585,F,MERS 3CL-Pro protease inhibition percentage at 10 µM by FRET kind of response from peptide substrate,Inhibition,=,10.0,%,,,0,CHEMBL4295557,Replicase polyprotein 1ab,SINGLE PROTEIN,Middle East respiratory syndrome-related coronavirus (isolate UnitedKingdom/H123990006/2012) (Betacoronavirus England 1) (Humancoronavirus EMC),1263720,K9N7C7,CHEMBL4495564,2020,,10.6019/CHEMBL4495564,,Weak or non-quantitative,
19964452,CHEMBL297453,CHEMBL4495585,F,MERS 3CL-Pro protease inhibition percentage at 10 µM by FRET kind of response from peptide substrate,Inhibition,=,16.0,%,,,0,CHEMBL4295557,Replicase polyprotein 1ab,SINGLE PROTEIN,Middle East respiratory syndrome-related coronavirus (isolate UnitedKingdom/H123990006/2012) (Betacoronavirus England 1) (Humancoronavirus EMC),1263720,K9N7C7,CHEMBL4495564,2020,,10.6019/CHEMBL4495564,,Weak or non-quantitative,
25887056,CHEMBL297453,CHEMBL5517420,F,Antiviral activity against SARS CoV-2 spike-pseudotyped lentivirus infected in human A549-hACE2-TMPRSS2 cells assessed as inhibition of viral entry incubated for 24 hrs in absence of BSA by luciferase reporter assay,EC50,=,35100.0,nM,4.46,,0,CHEMBL4303835,SARS-CoV-2,ORGANISM,Severe acute respiratory syndrome coronavirus 2,2697049,,CHEMBL5512692,2024,J Med Chem,10.1021/acs.jmedchem.4c00597,38864383,Weak or non-quantitative,non-protein target (organism)
25848672,CHEMBL297453,CHEMBL5506270,F,Antiviral activity against SARS-CoV-2 infected in African green monkey Vero E6 cells assessed as reduction in viral replication measured after 3 days by qRT-PCR analysis,EC50,=,10000.0,nM,5.0,,0,CHEMBL4303835,SARS-CoV-2,ORGANISM,Severe acute respiratory syndrome coronavirus 2,2697049,,CHEMBL5505956,2024,Eur J Med Chem,10.1016/j.ejmech.2023.116000,38056300,Weak or non-quantitative,non-protein target (organism)
25887135,CHEMBL297453,CHEMBL5517439,F,Antiviral activity against SARS-CoV-2,EC50,=,5380.0,nM,5.27,,0,CHEMBL4303835,SARS-CoV-2,ORGANISM,Severe acute respiratory syndrome coronavirus 2,2697049,,CHEMBL5512692,2024,J Med Chem,10.1021/acs.jmedchem.4c00597,38864383,Weak or non-quantitative,non-protein target (organism)
18829889,CHEMBL297453,CHEMBL4303805,F,Antiviral activity determined as inhibition of SARS-CoV-2 induced cytotoxicity of Caco-2 cells at 10 uM after 48 hours by high content imaging,Inhibition,=,6.28,%,,,0,CHEMBL4303835,SARS-CoV-2,ORGANISM,Severe acute respiratory syndrome coronavirus 2,2697049,,CHEMBL4303101,2020,,10.21203/rs.3.rs-23951/v1,,Weak or non-quantitative,non-protein target (organism)
20147086,CHEMBL297453,CHEMBL4513082,F,Antiviral activity determined as inhibition of SARS-CoV-2 induced cytotoxicity of VERO-6 cells at 10 uM after 48 hours exposure to 0.01 MOI SARS CoV-2 virus by high content imaging,Inhibition,=,-0.15,%,,,0,CHEMBL4303835,SARS-CoV-2,ORGANISM,Severe acute respiratory syndrome coronavirus 2,2697049,,CHEMBL4495565,2020,,10.6019/CHEMBL4495565,,Weak or non-quantitative,non-protein target (organism)
20149936,CHEMBL297453,CHEMBL4513082,F,Antiviral activity determined as inhibition of SARS-CoV-2 induced cytotoxicity of VERO-6 cells at 10 uM after 48 hours exposure to 0.01 MOI SARS CoV-2 virus by high content imaging,Inhibition,=,0.29,%,,,0,CHEMBL4303835,SARS-CoV-2,ORGANISM,Severe acute respiratory syndrome coronavirus 2,2697049,,CHEMBL4495565,2020,,10.6019/CHEMBL4495565,,Weak or non-quantitative,non-protein target (organism)
22071518,CHEMBL297453,CHEMBL4513082,F,Antiviral activity determined as inhibition of SARS-CoV-2 induced cytotoxicity of VERO-6 cells at 10 uM after 48 hours exposure to 0.01 MOI SARS CoV-2 virus by high content imaging,Inhibition,=,-0.15,%,,,0,CHEMBL4303835,SARS-CoV-2,ORGANISM,Severe acute respiratory syndrome coronavirus 2,2697049,,CHEMBL4495565,2020,,10.6019/CHEMBL4495565,,Weak or non-quantitative,non-protein target (organism)
22077988,CHEMBL297453,CHEMBL4513082,F,Antiviral activity determined as inhibition of SARS-CoV-2 induced cytotoxicity of VERO-6 cells at 10 uM after 48 hours exposure to 0.01 MOI SARS CoV-2 virus by high content imaging,Inhibition,=,0.29,%,,,0,CHEMBL4303835,SARS-CoV-2,ORGANISM,Severe acute respiratory syndrome coronavirus 2,2697049,,CHEMBL4495565,2020,,10.6019/CHEMBL4495565,,Weak or non-quantitative,non-protein target (organism)
25887065,CHEMBL297453,CHEMBL5517421,F,Antiviral activity against SARS CoV-2 spike-pseudotyped lentivirus infected in human A549-hACE2-TMPRSS2 cells assessed as inhibition of viral entry preincubated with 10 mg/ml BSA for 5 mins followed by viral infection and further incubated for 24 hrs by luciferase reporter assay,EC50,,,,,,0,CHEMBL4303835,SARS-CoV-2,ORGANISM,Severe acute respiratory syndrome coronavirus 2,2697049,,CHEMBL5512692,2024,J Med Chem,10.1021/acs.jmedchem.4c00597,38864383,Weak or non-quantitative,non-protein target (organism)
25887104,CHEMBL297453,CHEMBL5517426,F,Antiviral activity against luciferase independent SARS CoV-2 spike-pseudotyped lentivirus infected in human A549-hACE2-TMPRSS2 cells assessed as inhibition of viral entry at 31.6 to 63.3 uM compound spin-down for 1 hr followed by viral infection and measured after 24 hrs by luciferase reporter assay,Activity,,,,,,0,CHEMBL4303835,SARS-CoV-2,ORGANISM,Severe acute respiratory syndrome coronavirus 2,2697049,,CHEMBL5512692,2024,J Med Chem,10.1021/acs.jmedchem.4c00597,38864383,Weak or non-quantitative,non-protein target (organism)
2603770,CHEMBL297453,CHEMBL1027319,F,Neuroprotection against beta-amyloid peptide 1-42-induced toxicity in human SH-SY5Y cells assessed as lactate dehydrogenase release,EC50,=,39.87,nM,7.4,,0,CHEMBL614910,SH-SY5Y,CELL-LINE,Homo sapiens,9606,,CHEMBL1136850,2009,Bioorg Med Chem,10.1016/j.bmc.2008.12.047,19138859,Potent in 1 publication,non-protein target (cell-line)
2539766,CHEMBL297453,CHEMBL974672,F,Neuroprotective effect against 6-OHDA-induced neurotoxicity in human SH-SY5Y cells at 0.1 uM treated 1 hr before 6-OHDA injury after 24 hrs by MTT assay relative to control,Activity,=,20.1,%,,,0,CHEMBL614910,SH-SY5Y,CELL-LINE,Homo sapiens,9606,,CHEMBL1157332,2006,J Nat Prod,10.1021/np0504154,16643052,Weak or non-quantitative,non-protein target (cell-line)
2539770,CHEMBL297453,CHEMBL974673,F,Neuroprotective effect against 6-OHDA-induced neurotoxicity in human SH-SY5Y cells at 1 uM treated 1 hr before 6-OHDA injury after 24 hrs by MTT assay relative to control,Activity,=,42.2,%,,,0,CHEMBL614910,SH-SY5Y,CELL-LINE,Homo sapiens,9606,,CHEMBL1157332,2006,J Nat Prod,10.1021/np0504154,16643052,Weak or non-quantitative,non-protein target (cell-line)
12482871,CHEMBL297453,CHEMBL3058889,F,Neuroprotective activity in Homo sapiens (human) SH-SY5Y cells assessed as increase in non amyloidogenic soluble form of amyloid precursor protein secretion at 0.1 to 10 uM after 2 hr by immunoblot analysis relative to control,FC,=,6.0,,,,0,CHEMBL614910,SH-SY5Y,CELL-LINE,Homo sapiens,9606,,CHEMBL3044535,2012,Med Chem Res,10.1007/s00044-011-9800-4,,Weak or non-quantitative,non-protein target (cell-line)
14971196,CHEMBL297453,CHEMBL3373075,F,Neuroprotective activity in human SH-SY5Y cells assessed as inhibition Abeta25-35-induced reduction of cell viability at 1 uM compound pretreated for 2 hrs before induction cell viability measured after 24 hrs (Rvb = 69.77%),Activity,,,,,,0,CHEMBL614910,SH-SY5Y,CELL-LINE,Homo sapiens,9606,,CHEMBL3351263,2015,Bioorg Med Chem Lett,10.1016/j.bmcl.2014.11.068,25499879,Weak or non-quantitative,non-protein target (cell-line)
14971243,CHEMBL297453,CHEMBL3373076,F,Neuroprotective activity in human SH-SY5Y cells assessed as inhibition Abeta25-35-induced reduction of cell viability at 10 uM compound pretreated for 2 hrs before induction cell viability measured after 24 hrs (Rvb = 69.77%),Activity,=,96.2,%,,,0,CHEMBL614910,SH-SY5Y,CELL-LINE,Homo sapiens,9606,,CHEMBL3351263,2015,Bioorg Med Chem Lett,10.1016/j.bmcl.2014.11.068,25499879,Weak or non-quantitative,non-protein target (cell-line)
14993502,CHEMBL297453,CHEMBL3377315,F,Neuroprotective activity against amyloid beta(25 to 35)-induced cell damage in human SH-SY5Y cells assessed as increase in cell viability preincubated at 10 uM 2 hrs prior to challenge by MTT assay relative to control,Activity,=,16.57,%,,,0,CHEMBL614910,SH-SY5Y,CELL-LINE,Homo sapiens,9606,,CHEMBL3351304,2015,Bioorg Med Chem,10.1016/j.bmc.2014.11.031,25497963,Weak or non-quantitative,non-protein target (cell-line)
15697964,CHEMBL297453,CHEMBL3611028,F,Neuroprotective activity in human SH-SY5Y cells assessed as production against amyloid beta (25 to 35)-induced cell death by measuring cell viability at 1 uM after 24 hrs by MTT assay,Activity,,,,,,0,CHEMBL614910,SH-SY5Y,CELL-LINE,Homo sapiens,9606,,CHEMBL3608215,2015,J Nat Prod,10.1021/acs.jnatprod.5b00234,26295746,Weak or non-quantitative,non-protein target (cell-line)
15698026,CHEMBL297453,CHEMBL3611029,F,Neuroprotective activity in human SH-SY5Y cells assessed as production against amyloid beta (25 to 35)-induced cell death by measuring cell viability at 10 uM after 24 hrs by MTT assay,Activity,=,80.8,%,,,0,CHEMBL614910,SH-SY5Y,CELL-LINE,Homo sapiens,9606,,CHEMBL3608215,2015,J Nat Prod,10.1021/acs.jnatprod.5b00234,26295746,Weak or non-quantitative,non-protein target (cell-line)
16653937,CHEMBL297453,CHEMBL3829957,F,Neuroprotective activity against amyloid beta(25 to 35)-induced neurotoxicity in human SH-SY5Y cells assessed as cell viability at 10 uM (Rvb = 62.1 +/- 2.2%),Activity,=,98.6,%,,,0,CHEMBL614910,SH-SY5Y,CELL-LINE,Homo sapiens,9606,,CHEMBL3826978,2016,Bioorg Med Chem Lett,10.1016/j.bmcl.2016.05.061,27301369,Weak or non-quantitative,non-protein target (cell-line)
16665127,CHEMBL297453,CHEMBL3854240,F,Neuroprotection against amyloid beta (25 to 35)-induced cell toxicity in human SH-SY5Y cells assessed as cell viability at 10 uM incubated for 2 hrs followed by amyloid beta (25 to 35) treatment for 24 hrs by MTT assay (Rvb = 62.4 +/- 3.5%),Activity,=,99.0,%,,,0,CHEMBL614910,SH-SY5Y,CELL-LINE,Homo sapiens,9606,,CHEMBL3853288,2016,J Nat Prod,10.1021/acs.jnatprod.6b00061,27140807,Weak or non-quantitative,non-protein target (cell-line)
18903034,CHEMBL297453,CHEMBL4316845,F,Neuroprotective activity against amyloid beta (1 to 42)-induced neurodegeneration in human SH-SY5Y cells assessed as cell viability at 10 uM preincubated for 4 hrs followed by amyloid beta (1 to 42) addition and measured after 48 hrs by MTS assay (Rvb = 60.4%),Activity,=,92.5,%,,,0,CHEMBL614910,SH-SY5Y,CELL-LINE,Homo sapiens,9606,,CHEMBL4316585,2019,Eur J Med Chem,10.1016/j.ejmech.2019.01.039,30684867,Weak or non-quantitative,non-protein target (cell-line)
18903044,CHEMBL297453,CHEMBL4316846,F,Neuroprotective activity against amyloid beta (1 to 42)-induced neurodegeneration in human SH-SY5Y cells assessed as cell viability at 1 uM preincubated for 4 hrs followed by amyloid beta (1 to 42) addition and measured after 48 hrs by MTS assay (Rvb = 55.1%),Activity,=,63.0,%,,,0,CHEMBL614910,SH-SY5Y,CELL-LINE,Homo sapiens,9606,,CHEMBL4316585,2019,Eur J Med Chem,10.1016/j.ejmech.2019.01.039,30684867,Weak or non-quantitative,non-protein target (cell-line)
18903048,CHEMBL297453,CHEMBL4316847,F,Neuroprotective activity against amyloid beta (1 to 42)-induced neurodegeneration in human SH-SY5Y cells assessed as cell viability at 0.5 uM preincubated for 4 hrs followed by amyloid beta (1 to 42) addition and measured after 48 hrs by MTS assay (Rvb = 55.1%),Activity,=,60.1,%,,,0,CHEMBL614910,SH-SY5Y,CELL-LINE,Homo sapiens,9606,,CHEMBL4316585,2019,Eur J Med Chem,10.1016/j.ejmech.2019.01.039,30684867,Weak or non-quantitative,non-protein target (cell-line)
18976370,CHEMBL297453,CHEMBL4338376,F,Neuroprotective activity against amyloid beta (25 to 35)-induced cytotoxicity in human SH-SY5Y cells at 10 uM preincubated for 2 hrs followed by amyloid beta (25 to 35)-stimulation and measured after 24 hrs by MTT assay (Rvb = 71.18 +/- 1.34),Activity,=,87.2,%,,,0,CHEMBL614910,SH-SY5Y,CELL-LINE,Homo sapiens,9606,,CHEMBL4334521,2019,J Nat Prod,10.1021/acs.jnatprod.9b00701,31713425,Weak or non-quantitative,non-protein target (cell-line)
19474279,CHEMBL297453,CHEMBL4479288,F,Neuroprotective activity against amyloid beta (25 to 35 residues)-induced cell damage in human SH-SY5Y cells assessed as cell viability at 10 uM preincubated for 2 hrs followed by amyloid beta (25 to 35 residues) addition measured after 24 hrs by MTT assay (Rvb = 62.3 %),Activity,=,95.7,%,,,0,CHEMBL614910,SH-SY5Y,CELL-LINE,Homo sapiens,9606,,CHEMBL4477232,2016,Bioorg Med Chem Lett,10.1016/j.bmcl.2016.07.017,27426301,Weak or non-quantitative,non-protein target (cell-line)
19474285,CHEMBL297453,CHEMBL4479289,F,Neuroprotective activity against amyloid beta (25 to 35 residues)-induced cell damage in human SH-SY5Y cells assessed as recovery of cell viability at 10 uM preincubated for 2 hrs followed by amyloid beta (25 to 35 residues) addition measured after 24 hrs by MTT assay,Activity,=,33.4,%,,,0,CHEMBL614910,SH-SY5Y,CELL-LINE,Homo sapiens,9606,,CHEMBL4477232,2016,Bioorg Med Chem Lett,10.1016/j.bmcl.2016.07.017,27426301,Weak or non-quantitative,non-protein target (cell-line)
19474291,CHEMBL297453,CHEMBL4479290,F,Neuroprotective activity against amyloid beta (25 to 35 residues)-induced cell damage in human SH-SY5Y cells assessed as cell viability at 1 uM preincubated for 2 hrs followed by amyloid beta (25 to 35 residues) addition measured after 24 hrs by MTT assay (Rvb = 62.3 %),Activity,,,,,,0,CHEMBL614910,SH-SY5Y,CELL-LINE,Homo sapiens,9606,,CHEMBL4477232,2016,Bioorg Med Chem Lett,10.1016/j.bmcl.2016.07.017,27426301,Weak or non-quantitative,non-protein target (cell-line)
19474297,CHEMBL297453,CHEMBL4479291,F,Neuroprotective activity against amyloid beta (25 to 35 residues)-induced cell damage in human SH-SY5Y cells assessed as recovery of cell viability at 1 uM preincubated for 2 hrs followed by amyloid beta (25 to 35 residues) addition measured after 24 hrs by MTT assay,Activity,,,,,,0,CHEMBL614910,SH-SY5Y,CELL-LINE,Homo sapiens,9606,,CHEMBL4477232,2016,Bioorg Med Chem Lett,10.1016/j.bmcl.2016.07.017,27426301,Weak or non-quantitative,non-protein target (cell-line)
22440050,CHEMBL297453,CHEMBL4678299,F,Neuroprotective activity in human SH-SY5Y cells assessed as reduction in amyloid beta (25 to 35)-induced cytotoxicity by measuring cell viability at 10 uM after 24 hrs by MTT assay relative to control,Activity,=,80.8,%,,,0,CHEMBL614910,SH-SY5Y,CELL-LINE,Homo sapiens,9606,,CHEMBL4673332,2020,J Nat Prod,10.1021/acs.jnatprod.0c00901,33253561,Weak or non-quantitative,non-protein target (cell-line)
24917720,CHEMBL297453,CHEMBL5165169,F,Neuroprotective activity against human SH-SY5Y cells assessed as reduction in amyloid beta (25 to 35)-induced cytotoxicity at 10 uM incubated for 2 hrs followed by amyloid beta (25 to 35) treatment for 24 hrs by MTT assay,Activity,,,,,,0,CHEMBL614910,SH-SY5Y,CELL-LINE,Homo sapiens,9606,,CHEMBL5154874,2022,Eur J Med Chem,10.1016/j.ejmech.2022.114347,35430560,Weak or non-quantitative,non-protein target (cell-line)
18870508,CHEMBL297453,CHEMBL4309846,F,Antiproliferative activity against human SKBR3 cells,IC50,=,4000.0,nM,5.4,,0,CHEMBL613834,SK-BR-3,CELL-LINE,Homo sapiens,9606,,CHEMBL4308842,2018,J Med Chem,10.1021/acs.jmedchem.8b00825,30048133,Weak or non-quantitative,non-protein target (cell-line)
11005846,CHEMBL297453,CHEMBL2090547,F,Cytotoxicity against human SKBR3 cells after 48 hrs by MTT assay,IC50,=,149000.0,nM,,Outside typical range,0,CHEMBL613834,SK-BR-3,CELL-LINE,Homo sapiens,9606,,CHEMBL2086320,2012,J Med Chem,10.1021/jm2016045,22559865,Weak or non-quantitative,ChEMBL validity: Outside typical range; non-protein target (cell-line)
12079769,CHEMBL297453,CHEMBL2169239,F,Cytotoxicity against human SKBR3 cells,IC50,=,150000.0,nM,,Outside typical range,0,CHEMBL613834,SK-BR-3,CELL-LINE,Homo sapiens,9606,,CHEMBL2163275,2011,J Med Chem,10.1021/jm2005805,21726077,Weak or non-quantitative,ChEMBL validity: Outside typical range; non-protein target (cell-line)
13896818,CHEMBL297453,CHEMBL3111058,F,Reduction of clustering of GFP-GPI in lipid rafts of human SKBR3 cells at 100 uM after 12 hrs by confocal microscopic analysis,Activity,,,,,,0,CHEMBL613834,SK-BR-3,CELL-LINE,Homo sapiens,9606,,CHEMBL3108760,2014,J Nat Prod,10.1021/np4007712,24456004,Weak or non-quantitative,non-protein target (cell-line)
13896839,CHEMBL297453,CHEMBL3111077,F,Induction of apoptosis in human SKBR3 cells overexpressing ErbB in complete medium assessed as late apoptotic/necrotic cells at 75 uM after 72 hrs by annexin V-FITC/7-AAD staining-based flow cytometric analysis relative to control,Activity,=,40.0,%,,,0,CHEMBL613834,SK-BR-3,CELL-LINE,Homo sapiens,9606,,CHEMBL3108760,2014,J Nat Prod,10.1021/np4007712,24456004,Weak or non-quantitative,non-protein target (cell-line)
13896841,CHEMBL297453,CHEMBL3111078,F,Ratio of EC50 for human SKBR3 cells overexpressing ErbB in complete medium to EC50 for human SKBR3 cells overexpressing ErbB in serum-free medium,Ratio EC50,=,2.0,,,,0,CHEMBL613834,SK-BR-3,CELL-LINE,Homo sapiens,9606,,CHEMBL3108760,2014,J Nat Prod,10.1021/np4007712,24456004,Weak or non-quantitative,non-protein target (cell-line)
18484054,CHEMBL297453,CHEMBL4185544,F,Cytotoxicity against human SK-MEL-2 cells assessed as decrease in cell viability after 48 hrs by MTT assay,IC50,=,31000.0,nM,4.51,,0,CHEMBL614917,SK-MEL-2,CELL-LINE,Homo sapiens,9606,,CHEMBL4184147,2017,J Med Chem,10.1021/acs.jmedchem.6b01026,28654265,Weak or non-quantitative,non-protein target (cell-line)
18484042,CHEMBL297453,CHEMBL4185580,F,Cytotoxicity against human SK-MEL-2 cells assessed as cell viability at 6 uM after 48 hrs by MTT assay,Activity,=,99.0,%,,,0,CHEMBL614917,SK-MEL-2,CELL-LINE,Homo sapiens,9606,,CHEMBL4184147,2017,J Med Chem,10.1021/acs.jmedchem.6b01026,28654265,Weak or non-quantitative,non-protein target (cell-line)
12482877,CHEMBL297453,CHEMBL3059390,F,Downregulation of Bcl-XL expression in Homo sapiens (human) SKOV3 cells at 25 uM after 48 hr by Western blot analysis relative to control,FC,>,2.0,,,,0,CHEMBL614925,SK-OV-3,CELL-LINE,Homo sapiens,9606,,CHEMBL3044535,2012,Med Chem Res,10.1007/s00044-011-9800-4,,Weak or non-quantitative,non-protein target (cell-line); censored value (>)
12482878,CHEMBL297453,CHEMBL3059391,F,Downregulation of CDK4 expression in Homo sapiens (human) SKOV3 cells at 25 uM after 48 hr by Western blot analysis relative to control,FC,>,2.0,,,,0,CHEMBL614925,SK-OV-3,CELL-LINE,Homo sapiens,9606,,CHEMBL3044535,2012,Med Chem Res,10.1007/s00044-011-9800-4,,Weak or non-quantitative,non-protein target (cell-line); censored value (>)
12482879,CHEMBL297453,CHEMBL3059392,F,Downregulation of cyclin D1 expression in Homo sapiens (human) SKOV3 cells at 25 uM after 48 hr by Western blot analysis relative to control,FC,>,2.0,,,,0,CHEMBL614925,SK-OV-3,CELL-LINE,Homo sapiens,9606,,CHEMBL3044535,2012,Med Chem Res,10.1007/s00044-011-9800-4,,Weak or non-quantitative,non-protein target (cell-line); censored value (>)
12482880,CHEMBL297453,CHEMBL3059393,F,Downregulation of retinoblastoma expression in Homo sapiens (human) SKOV3 cells at 25 uM after 48 hr by Western blot analysis relative to control,FC,>,2.0,,,,0,CHEMBL614925,SK-OV-3,CELL-LINE,Homo sapiens,9606,,CHEMBL3044535,2012,Med Chem Res,10.1007/s00044-011-9800-4,,Weak or non-quantitative,non-protein target (cell-line); censored value (>)
12482881,CHEMBL297453,CHEMBL3059394,F,Downregulation of p21 expression in Homo sapiens (human) SKOV3 cells at 25 uM after 48 hr by Western blot analysis relative to control,FC,>,2.0,,,,0,CHEMBL614925,SK-OV-3,CELL-LINE,Homo sapiens,9606,,CHEMBL3044535,2012,Med Chem Res,10.1007/s00044-011-9800-4,,Weak or non-quantitative,non-protein target (cell-line); censored value (>)
12482882,CHEMBL297453,CHEMBL3059395,F,Downregulation of bax expression in Homo sapiens (human) SKOV3 cells at 25 uM after 48 hr by Western blot analysis relative to control,FC,>,2.0,,,,0,CHEMBL614925,SK-OV-3,CELL-LINE,Homo sapiens,9606,,CHEMBL3044535,2012,Med Chem Res,10.1007/s00044-011-9800-4,,Weak or non-quantitative,non-protein target (cell-line); censored value (>)
2440897,CHEMBL297453,CHEMBL985001,F,Cytotoxicity against human SW480 cells after 72 hrs by MTT assay,IC50,=,195000.0,nM,,Outside typical range,0,CHEMBL612544,SW480,CELL-LINE,Homo sapiens,9606,,CHEMBL1146555,2003,J Nat Prod,10.1021/np020576x,12880319,Weak or non-quantitative,ChEMBL validity: Outside typical range; non-protein target (cell-line)
18094386,CHEMBL297453,CHEMBL4020869,A,Effect on SopE2-CPG2-HA fusion protein expression expressed in Salmonella typhimurium using Glu-CyFur as substrate at 0.39 to 100 uM after 4 hrs by fluorescence assay,Activity,,,,,,0,CHEMBL351,Salmonella typhimurium,ORGANISM,Salmonella enterica subsp. enterica serovar Typhimurium,90371,,CHEMBL4020703,2017,Bioorg Med Chem,10.1016/j.bmc.2017.03.023,28325635,Weak or non-quantitative,non-protein target (organism)
18094387,CHEMBL297453,CHEMBL4020870,A,Effect on SopE2-CPG2-HA fusion protein expression expressed in Salmonella typhimurium at 0.39 to 100 uM after 4 hrs by Western blot method,Activity,,,,,,0,CHEMBL351,Salmonella typhimurium,ORGANISM,Salmonella enterica subsp. enterica serovar Typhimurium,90371,,CHEMBL4020703,2017,Bioorg Med Chem,10.1016/j.bmc.2017.03.023,28325635,Weak or non-quantitative,non-protein target (organism)
18094388,CHEMBL297453,CHEMBL4020868,A,Effect on growth of Salmonella typhimurium at 100 uM,Activity,,,,,,0,CHEMBL351,Salmonella typhimurium,ORGANISM,Salmonella enterica subsp. enterica serovar Typhimurium,90371,,CHEMBL4020703,2017,Bioorg Med Chem,10.1016/j.bmc.2017.03.023,28325635,Weak or non-quantitative,non-protein target (organism)
19261322,CHEMBL297453,CHEMBL4404225,B,Inhibition of rabbit skeletal muscle microsomes SERCA1a,IC50,=,12000.0,nM,4.92,,0,CHEMBL4693,Sarcoplasmic/endoplasmic reticulum calcium ATPase 1,SINGLE PROTEIN,Oryctolagus cuniculus,9986,P04191,CHEMBL4402560,2020,J Med Chem,10.1021/acs.jmedchem.9b01509,32030976,Weak or non-quantitative,
24995820,CHEMBL297453,CHEMBL5231763,B,Inhibition of mTOR (unknown origin) assessed as inhibition constant using GFP-4EBP1 as substrate by Lanthascreen based time resolved fluorescence based assay,Ki,=,320.0,nM,6.5,,0,CHEMBL2842,Serine/threonine-protein kinase mTOR,SINGLE PROTEIN,Homo sapiens,9606,P42345,CHEMBL5230127,2020,Eur J Med Chem,10.1016/j.ejmech.2020.112820,32966896,Potent in 1 publication,
13928972,CHEMBL297453,CHEMBL3124634,B,Binding affinity to STAT1 (unknown origin) by surface plasmon resonance assay,Kd,=,700.0,nM,6.16,,0,CHEMBL6101,Signal transducer and activator of transcription 1-alpha/beta,SINGLE PROTEIN,Homo sapiens,9606,P42224,CHEMBL3120108,2014,J Nat Prod,10.1021/np400804y,24417609,Potent in 1 publication,
12482885,CHEMBL297453,CHEMBL3059398,F,Antioxidant activity in Homo sapiens (human) epidermis cytosolic form assessed as inhibition of UV-induced nitric oxide production administered before UV induction at 48 hr by Griess assay,Inhibition,=,30.0,%,,,0,CHEMBL2367393,Skin epidermis,TISSUE,Homo sapiens,9606,,CHEMBL3044535,2012,Med Chem Res,10.1007/s00044-011-9800-4,,Weak or non-quantitative,non-protein target (tissue)
12482887,CHEMBL297453,CHEMBL3059400,F,Antioxidant activity in Homo sapiens (human) epidermis assessed as inhibition of UV-induced hydrogen peroxide production administered before UV induction at 48 hr by DHR assay,Inhibition,=,30.0,%,,,0,CHEMBL2367393,Skin epidermis,TISSUE,Homo sapiens,9606,,CHEMBL3044535,2012,Med Chem Res,10.1007/s00044-011-9800-4,,Weak or non-quantitative,non-protein target (tissue)
25495733,CHEMBL297453,CHEMBL5330545,B,Binding affinity to His-tagged Laminin receptor in human A549 cells assessed as dissociation constant by surface plasmon resonance assay,Kd,=,39.9,nM,7.4,,0,CHEMBL6119,Small ribosomal subunit protein uS2,SINGLE PROTEIN,Homo sapiens,9606,P08865,CHEMBL5329203,2023,Bioorg Med Chem,10.1016/j.bmc.2023.117483,37951136,Potent in 1 publication,
13896814,CHEMBL297453,CHEMBL3111056,B,Inhibition of 67LR co-localization in lipid rafts containing cholera toxin labeled GM1 gangliosides in human A431 cells after 30 mins by immunofluorescence-based confocal microscopic analysis (Rvb = 75%),Inhibition,=,47.0,%,,,0,CHEMBL6119,Small ribosomal subunit protein uS2,SINGLE PROTEIN,Homo sapiens,9606,P08865,CHEMBL3108760,2014,J Nat Prod,10.1021/np4007712,24456004,Weak or non-quantitative,
13799458,CHEMBL297453,CHEMBL3039488,A,Inhibition of sodium fluorescein uptake in OATP1B1-transfected CHO cells at an equimolar substrate-inhibitor concentration of 10 uM,Inhibition,=,49.04,%,,,0,CHEMBL1697668,Solute carrier organic anion transporter family member 1B1,SINGLE PROTEIN,Homo sapiens,9606,Q9Y6L6,CHEMBL3039007,2013,Mol Pharmacol,10.1124/mol.112.084152,23571415,Weak or non-quantitative,
13801457,CHEMBL297453,CHEMBL3039491,A,Inhibition of sodium fluorescein uptake in OATP1B3-transfected CHO cells at an equimolar substrate-inhibitor concentration of 10 uM,Inhibition,=,45.88,%,,,0,CHEMBL1743121,Solute carrier organic anion transporter family member 1B3,SINGLE PROTEIN,Homo sapiens,9606,Q9NPD5,CHEMBL3039007,2013,Mol Pharmacol,10.1124/mol.112.084152,23571415,Weak or non-quantitative,
25098567,CHEMBL297453,CHEMBL5260629,B,Inhibition of human OATP2B1 expressed in Flp-In-CHO cells assessed as inhibition of OATP2B1 mediated DBF uptake using DBF as fluorescent substrate incubated for 2 mins by BCA assay,IC50,=,79600.0,nM,4.1,,0,CHEMBL1743124,Solute carrier organic anion transporter family member 2B1,SINGLE PROTEIN,Homo sapiens,9606,O94956,CHEMBL5257155,2023,RSC Med Chem,10.1039/d3md00078h,37252098,Weak or non-quantitative,
25098591,CHEMBL297453,CHEMBL5260629,B,Inhibition of human OATP2B1 expressed in Flp-In-CHO cells assessed as inhibition of OATP2B1 mediated DBF uptake using DBF as fluorescent substrate incubated for 2 mins by BCA assay,IC50,=,79432.82,nM,4.1,,0,CHEMBL1743124,Solute carrier organic anion transporter family member 2B1,SINGLE PROTEIN,Homo sapiens,9606,O94956,CHEMBL5257155,2023,RSC Med Chem,10.1039/d3md00078h,37252098,Weak or non-quantitative,
25098615,CHEMBL297453,CHEMBL5260630,B,Inhibition of human OATP2B1 expressed in Flp-In-CHO cells assessed as inhibition of OATP2B1 mediated DBF uptake using DBF as fluorescent substrate at 10 uM incubated for 2 mins by BCA assay relative to control,Inhibition,<,20.0,%,,,0,CHEMBL1743124,Solute carrier organic anion transporter family member 2B1,SINGLE PROTEIN,Homo sapiens,9606,O94956,CHEMBL5257155,2023,RSC Med Chem,10.1039/d3md00078h,37252098,Weak or non-quantitative,censored value (<)
25098645,CHEMBL297453,CHEMBL5260631,B,Inhibition of human OATP2B1 expressed in Flp-In-CHO cells assessed as inhibition of OATP2B1 mediated DBF uptake using DBF as fluorescent substrate at 100 uM incubated for 2 mins by BCA assay relative to control,Inhibition,>,40.0,%,,,0,CHEMBL1743124,Solute carrier organic anion transporter family member 2B1,SINGLE PROTEIN,Homo sapiens,9606,O94956,CHEMBL5257155,2023,RSC Med Chem,10.1039/d3md00078h,37252098,Weak or non-quantitative,censored value (>)
640230,CHEMBL297453,CHEMBL809131,B,Compound was evaluated for its inhibitory activity against recombinant rat SE(squalene epoxidase),IC50,=,690.0,nM,6.16,,0,CHEMBL4241,Squalene monooxygenase,SINGLE PROTEIN,Rattus norvegicus,10116,P52020,CHEMBL1132810,2000,Bioorg Med Chem Lett,10.1016/s0960-894x(00)00526-6,11086721,Potent in ≥2 publications,
2197663,CHEMBL297453,CHEMBL947715,B,Inhibition of rat squalene epoxidase,IC50,=,690.0,nM,6.16,,1,CHEMBL4241,Squalene monooxygenase,SINGLE PROTEIN,Rattus norvegicus,10116,P52020,CHEMBL1155741,2001,J Nat Prod,10.1021/np010100y,11520216,Potent in ≥2 publications,potential duplicate
3196832,CHEMBL297453,CHEMBL1115798,F,Antibacterial activity against Staphylococcus aureus ATCC 25923 after 24 hrs by NCCLS method,MIC,>,128.0,ug.mL-1,,,0,CHEMBL352,Staphylococcus aureus,ORGANISM,Staphylococcus aureus,1280,,CHEMBL1154814,2010,Eur J Med Chem,10.1016/j.ejmech.2009.11.045,19962795,Weak or non-quantitative,non-protein target (organism); censored value (>)
15668191,CHEMBL297453,CHEMBL3603511,F,Antibacterial activity against methicillin-resistant Staphylococcus aureus isolate 7 by disk diffusion assay,IZ,>=,19.0,mm,,,0,CHEMBL352,Staphylococcus aureus,ORGANISM,Staphylococcus aureus,1280,,CHEMBL3600353,2015,J Nat Prod,10.1021/acs.jnatprod.5b00471,26267658,Weak or non-quantitative,non-protein target (organism); censored value (>=)
15668193,CHEMBL297453,CHEMBL3603510,F,Antibacterial activity against methicillin-resistant Staphylococcus aureus isolate 6 by disk diffusion assay,IZ,>=,19.0,mm,,,0,CHEMBL352,Staphylococcus aureus,ORGANISM,Staphylococcus aureus,1280,,CHEMBL3600353,2015,J Nat Prod,10.1021/acs.jnatprod.5b00471,26267658,Weak or non-quantitative,non-protein target (organism); censored value (>=)
15668195,CHEMBL297453,CHEMBL3603509,F,Antibacterial activity against methicillin-resistant Staphylococcus aureus isolate 5 by disk diffusion assay,IZ,>=,19.0,mm,,,0,CHEMBL352,Staphylococcus aureus,ORGANISM,Staphylococcus aureus,1280,,CHEMBL3600353,2015,J Nat Prod,10.1021/acs.jnatprod.5b00471,26267658,Weak or non-quantitative,non-protein target (organism); censored value (>=)
15668197,CHEMBL297453,CHEMBL3603508,F,Antibacterial activity against methicillin-resistant Staphylococcus aureus isolate 4 by disk diffusion assay,IZ,>=,19.0,mm,,,0,CHEMBL352,Staphylococcus aureus,ORGANISM,Staphylococcus aureus,1280,,CHEMBL3600353,2015,J Nat Prod,10.1021/acs.jnatprod.5b00471,26267658,Weak or non-quantitative,non-protein target (organism); censored value (>=)
15668199,CHEMBL297453,CHEMBL3603507,F,Antibacterial activity against methicillin-resistant Staphylococcus aureus isolate 3 by disk diffusion assay,IZ,>=,19.0,mm,,,0,CHEMBL352,Staphylococcus aureus,ORGANISM,Staphylococcus aureus,1280,,CHEMBL3600353,2015,J Nat Prod,10.1021/acs.jnatprod.5b00471,26267658,Weak or non-quantitative,non-protein target (organism); censored value (>=)
15668201,CHEMBL297453,CHEMBL3603506,F,Antibacterial activity against methicillin-resistant Staphylococcus aureus isolate 2 by disk diffusion assay,IZ,>=,19.0,mm,,,0,CHEMBL352,Staphylococcus aureus,ORGANISM,Staphylococcus aureus,1280,,CHEMBL3600353,2015,J Nat Prod,10.1021/acs.jnatprod.5b00471,26267658,Weak or non-quantitative,non-protein target (organism); censored value (>=)
15668203,CHEMBL297453,CHEMBL3603505,F,Antibacterial activity against methicillin-resistant Staphylococcus aureus isolate 1 by disk diffusion assay,IZ,=,8.0,mm,,,0,CHEMBL352,Staphylococcus aureus,ORGANISM,Staphylococcus aureus,1280,,CHEMBL3600353,2015,J Nat Prod,10.1021/acs.jnatprod.5b00471,26267658,Weak or non-quantitative,non-protein target (organism)
15668204,CHEMBL297453,CHEMBL3603512,F,Antibacterial activity against methicillin-resistant Staphylococcus aureus isolate 8 by disk diffusion assay,IZ,>=,19.0,mm,,,0,CHEMBL352,Staphylococcus aureus,ORGANISM,Staphylococcus aureus,1280,,CHEMBL3600353,2015,J Nat Prod,10.1021/acs.jnatprod.5b00471,26267658,Weak or non-quantitative,non-protein target (organism); censored value (>=)
15668206,CHEMBL297453,CHEMBL3603513,F,Antibacterial activity against methicillin-resistant Staphylococcus aureus isolate 9 by disk diffusion assay,IZ,>=,19.0,mm,,,0,CHEMBL352,Staphylococcus aureus,ORGANISM,Staphylococcus aureus,1280,,CHEMBL3600353,2015,J Nat Prod,10.1021/acs.jnatprod.5b00471,26267658,Weak or non-quantitative,non-protein target (organism); censored value (>=)
15668208,CHEMBL297453,CHEMBL3603514,F,Antibacterial activity against methicillin-resistant Staphylococcus aureus NCTC 12493 after 24 hrs by checkerboard assay,MIC,=,140000.0,nM,,,0,CHEMBL352,Staphylococcus aureus,ORGANISM,Staphylococcus aureus,1280,,CHEMBL3600353,2015,J Nat Prod,10.1021/acs.jnatprod.5b00471,26267658,Weak or non-quantitative,non-protein target (organism)
15668210,CHEMBL297453,CHEMBL3603515,F,Antibacterial activity against methicillin-resistant Staphylococcus aureus isolate 1 after 24 hrs by checkerboard assay,MIC,=,280000.0,nM,,,0,CHEMBL352,Staphylococcus aureus,ORGANISM,Staphylococcus aureus,1280,,CHEMBL3600353,2015,J Nat Prod,10.1021/acs.jnatprod.5b00471,26267658,Weak or non-quantitative,non-protein target (organism)
15668212,CHEMBL297453,CHEMBL3603516,F,Antibacterial activity against methicillin-resistant Staphylococcus aureus isolate 2 after 24 hrs by checkerboard assay,MIC,=,280000.0,nM,,,0,CHEMBL352,Staphylococcus aureus,ORGANISM,Staphylococcus aureus,1280,,CHEMBL3600353,2015,J Nat Prod,10.1021/acs.jnatprod.5b00471,26267658,Weak or non-quantitative,non-protein target (organism)
15668214,CHEMBL297453,CHEMBL3603517,F,Antibacterial activity against methicillin-resistant Staphylococcus aureus isolate 3 after 24 hrs by checkerboard assay,MIC,=,280000.0,nM,,,0,CHEMBL352,Staphylococcus aureus,ORGANISM,Staphylococcus aureus,1280,,CHEMBL3600353,2015,J Nat Prod,10.1021/acs.jnatprod.5b00471,26267658,Weak or non-quantitative,non-protein target (organism)
15668216,CHEMBL297453,CHEMBL3603518,F,Antibacterial activity against methicillin-resistant Staphylococcus aureus isolate 4 after 24 hrs by checkerboard assay,MIC,=,280000.0,nM,,,0,CHEMBL352,Staphylococcus aureus,ORGANISM,Staphylococcus aureus,1280,,CHEMBL3600353,2015,J Nat Prod,10.1021/acs.jnatprod.5b00471,26267658,Weak or non-quantitative,non-protein target (organism)
15668218,CHEMBL297453,CHEMBL3603519,F,Antibacterial activity against methicillin-resistant Staphylococcus aureus isolate 5 after 24 hrs by checkerboard assay,MIC,=,280000.0,nM,,,0,CHEMBL352,Staphylococcus aureus,ORGANISM,Staphylococcus aureus,1280,,CHEMBL3600353,2015,J Nat Prod,10.1021/acs.jnatprod.5b00471,26267658,Weak or non-quantitative,non-protein target (organism)
15668220,CHEMBL297453,CHEMBL3603520,F,Antibacterial activity against methicillin-resistant Staphylococcus aureus isolate 6 after 24 hrs by checkerboard assay,MIC,=,280000.0,nM,,,0,CHEMBL352,Staphylococcus aureus,ORGANISM,Staphylococcus aureus,1280,,CHEMBL3600353,2015,J Nat Prod,10.1021/acs.jnatprod.5b00471,26267658,Weak or non-quantitative,non-protein target (organism)
15668222,CHEMBL297453,CHEMBL3603521,F,Antibacterial activity against methicillin-resistant Staphylococcus aureus isolate 7 after 24 hrs by checkerboard assay,MIC,=,280000.0,nM,,,0,CHEMBL352,Staphylococcus aureus,ORGANISM,Staphylococcus aureus,1280,,CHEMBL3600353,2015,J Nat Prod,10.1021/acs.jnatprod.5b00471,26267658,Weak or non-quantitative,non-protein target (organism)
15668224,CHEMBL297453,CHEMBL3603522,F,Antibacterial activity against methicillin-resistant Staphylococcus aureus isolate 8 after 24 hrs by checkerboard assay,MIC,=,280000.0,nM,,,0,CHEMBL352,Staphylococcus aureus,ORGANISM,Staphylococcus aureus,1280,,CHEMBL3600353,2015,J Nat Prod,10.1021/acs.jnatprod.5b00471,26267658,Weak or non-quantitative,non-protein target (organism)
15668719,CHEMBL297453,CHEMBL3603523,F,Antibacterial activity against methicillin-resistant Staphylococcus aureus isolate 9 after 24 hrs by checkerboard assay,MIC,=,280000.0,nM,,,0,CHEMBL352,Staphylococcus aureus,ORGANISM,Staphylococcus aureus,1280,,CHEMBL3600353,2015,J Nat Prod,10.1021/acs.jnatprod.5b00471,26267658,Weak or non-quantitative,non-protein target (organism)
15668721,CHEMBL297453,CHEMBL3603585,F,Antibacterial activity against vancomycin-intermediate resistant Staphylococcus aureus Mu50 after 24 hrs by checkerboard assay,MIC,=,280000.0,nM,,,0,CHEMBL352,Staphylococcus aureus,ORGANISM,Staphylococcus aureus,1280,,CHEMBL3600353,2015,J Nat Prod,10.1021/acs.jnatprod.5b00471,26267658,Weak or non-quantitative,non-protein target (organism)
15668723,CHEMBL297453,CHEMBL3603586,F,Antibacterial activity against Staphylococcus aureus ATCC 25923 after 24 hrs by checkerboard assay,MIC,=,560000.0,nM,,,0,CHEMBL352,Staphylococcus aureus,ORGANISM,Staphylococcus aureus,1280,,CHEMBL3600353,2015,J Nat Prod,10.1021/acs.jnatprod.5b00471,26267658,Weak or non-quantitative,non-protein target (organism)
15668725,CHEMBL297453,CHEMBL3603587,F,Antibacterial activity against methicillin-resistant Staphylococcus aureus NCTC 12493 assessed as reduction of epigallocatechin gallate MIC after 24 hrs by checkerboard assay in presence of quercetin,MIC,=,4000.0,nM,,,0,CHEMBL352,Staphylococcus aureus,ORGANISM,Staphylococcus aureus,1280,,CHEMBL3600353,2015,J Nat Prod,10.1021/acs.jnatprod.5b00471,26267658,Weak or non-quantitative,non-protein target (organism)
15668726,CHEMBL297453,CHEMBL3603588,F,Antibacterial activity against methicillin-resistant Staphylococcus aureus isolate 1 assessed as reduction of epigallocatechin gallate MIC after 24 hrs by checkerboard assay in presence of quercetin,MIC,=,70000.0,nM,,,0,CHEMBL352,Staphylococcus aureus,ORGANISM,Staphylococcus aureus,1280,,CHEMBL3600353,2015,J Nat Prod,10.1021/acs.jnatprod.5b00471,26267658,Weak or non-quantitative,non-protein target (organism)
15668727,CHEMBL297453,CHEMBL3603589,F,Antibacterial activity against methicillin-resistant Staphylococcus aureus isolate 2 assessed as reduction of epigallocatechin gallate MIC after 24 hrs by checkerboard assay in presence of quercetin,MIC,=,40000.0,nM,,,0,CHEMBL352,Staphylococcus aureus,ORGANISM,Staphylococcus aureus,1280,,CHEMBL3600353,2015,J Nat Prod,10.1021/acs.jnatprod.5b00471,26267658,Weak or non-quantitative,non-protein target (organism)
15668728,CHEMBL297453,CHEMBL3603590,F,Antibacterial activity against methicillin-resistant Staphylococcus aureus isolate 3 assessed as reduction of epigallocatechin gallate MIC after 24 hrs by checkerboard assay in presence of quercetin,MIC,=,70000.0,nM,,,0,CHEMBL352,Staphylococcus aureus,ORGANISM,Staphylococcus aureus,1280,,CHEMBL3600353,2015,J Nat Prod,10.1021/acs.jnatprod.5b00471,26267658,Weak or non-quantitative,non-protein target (organism)
15668729,CHEMBL297453,CHEMBL3603591,F,Antibacterial activity against methicillin-resistant Staphylococcus aureus isolate 4 assessed as reduction of epigallocatechin gallate MIC after 24 hrs by checkerboard assay in presence of quercetin,MIC,=,70000.0,nM,,,0,CHEMBL352,Staphylococcus aureus,ORGANISM,Staphylococcus aureus,1280,,CHEMBL3600353,2015,J Nat Prod,10.1021/acs.jnatprod.5b00471,26267658,Weak or non-quantitative,non-protein target (organism)
15668730,CHEMBL297453,CHEMBL3603592,F,Antibacterial activity against methicillin-resistant Staphylococcus aureus isolate 5 assessed as reduction of epigallocatechin gallate MIC after 24 hrs by checkerboard assay in presence of quercetin,MIC,=,70000.0,nM,,,0,CHEMBL352,Staphylococcus aureus,ORGANISM,Staphylococcus aureus,1280,,CHEMBL3600353,2015,J Nat Prod,10.1021/acs.jnatprod.5b00471,26267658,Weak or non-quantitative,non-protein target (organism)
15668731,CHEMBL297453,CHEMBL3603593,F,Antibacterial activity against methicillin-resistant Staphylococcus aureus isolate 6 assessed as reduction of epigallocatechin gallate MIC after 24 hrs by checkerboard assay in presence of quercetin,MIC,=,70000.0,nM,,,0,CHEMBL352,Staphylococcus aureus,ORGANISM,Staphylococcus aureus,1280,,CHEMBL3600353,2015,J Nat Prod,10.1021/acs.jnatprod.5b00471,26267658,Weak or non-quantitative,non-protein target (organism)
15668732,CHEMBL297453,CHEMBL3603594,F,Antibacterial activity against methicillin-resistant Staphylococcus aureus isolate 7 assessed as reduction of epigallocatechin gallate MIC after 24 hrs by checkerboard assay in presence of quercetin,MIC,=,70000.0,nM,,,0,CHEMBL352,Staphylococcus aureus,ORGANISM,Staphylococcus aureus,1280,,CHEMBL3600353,2015,J Nat Prod,10.1021/acs.jnatprod.5b00471,26267658,Weak or non-quantitative,non-protein target (organism)
15668733,CHEMBL297453,CHEMBL3603595,F,Antibacterial activity against methicillin-resistant Staphylococcus aureus isolate 8 assessed as reduction of epigallocatechin gallate MIC after 24 hrs by checkerboard assay in presence of quercetin,MIC,=,70000.0,nM,,,0,CHEMBL352,Staphylococcus aureus,ORGANISM,Staphylococcus aureus,1280,,CHEMBL3600353,2015,J Nat Prod,10.1021/acs.jnatprod.5b00471,26267658,Weak or non-quantitative,non-protein target (organism)
15668734,CHEMBL297453,CHEMBL3603596,F,Antibacterial activity against methicillin-resistant Staphylococcus aureus isolate 9 assessed as reduction of epigallocatechin gallate MIC after 24 hrs by checkerboard assay in presence of quercetin,MIC,=,70000.0,nM,,,0,CHEMBL352,Staphylococcus aureus,ORGANISM,Staphylococcus aureus,1280,,CHEMBL3600353,2015,J Nat Prod,10.1021/acs.jnatprod.5b00471,26267658,Weak or non-quantitative,non-protein target (organism)
15668735,CHEMBL297453,CHEMBL3603597,F,Antibacterial activity against vancomycin-intermediate resistant Staphylococcus aureus Mu50 assessed as reduction of epigallocatechin gallate MIC after 24 hrs by checkerboard assay in presence of quercetin,MIC,=,20000.0,nM,,,0,CHEMBL352,Staphylococcus aureus,ORGANISM,Staphylococcus aureus,1280,,CHEMBL3600353,2015,J Nat Prod,10.1021/acs.jnatprod.5b00471,26267658,Weak or non-quantitative,non-protein target (organism)
15668736,CHEMBL297453,CHEMBL3603598,F,Antibacterial activity against Staphylococcus aureus ATCC 25923 assessed as reduction of epigallocatechin gallate MIC after 24 hrs by checkerboard assay in presence of quercetin,MIC,=,20000.0,nM,,,0,CHEMBL352,Staphylococcus aureus,ORGANISM,Staphylococcus aureus,1280,,CHEMBL3600353,2015,J Nat Prod,10.1021/acs.jnatprod.5b00471,26267658,Weak or non-quantitative,non-protein target (organism)
15668737,CHEMBL297453,CHEMBL3603599,F,Antibacterial activity against methicillin-resistant Staphylococcus aureus NCTC 12493 after 24 hrs by checkerboard assay in presence of quercetin,FICI,=,0.06,,,,0,CHEMBL352,Staphylococcus aureus,ORGANISM,Staphylococcus aureus,1280,,CHEMBL3600353,2015,J Nat Prod,10.1021/acs.jnatprod.5b00471,26267658,Weak or non-quantitative,non-protein target (organism)
15668738,CHEMBL297453,CHEMBL3603600,F,Antibacterial activity against methicillin-resistant Staphylococcus aureus isolate 1 after 24 hrs by checkerboard assay in presence of quercetin,FICI,=,0.31,,,,0,CHEMBL352,Staphylococcus aureus,ORGANISM,Staphylococcus aureus,1280,,CHEMBL3600353,2015,J Nat Prod,10.1021/acs.jnatprod.5b00471,26267658,Weak or non-quantitative,non-protein target (organism)
15668739,CHEMBL297453,CHEMBL3603601,F,Antibacterial activity against methicillin-resistant Staphylococcus aureus isolate 2 after 24 hrs by checkerboard assay in presence of quercetin,FICI,=,0.2,,,,0,CHEMBL352,Staphylococcus aureus,ORGANISM,Staphylococcus aureus,1280,,CHEMBL3600353,2015,J Nat Prod,10.1021/acs.jnatprod.5b00471,26267658,Weak or non-quantitative,non-protein target (organism)
15668740,CHEMBL297453,CHEMBL3603602,F,Antibacterial activity against methicillin-resistant Staphylococcus aureus isolate 3 after 24 hrs by checkerboard assay in presence of quercetin,FICI,=,0.31,,,,0,CHEMBL352,Staphylococcus aureus,ORGANISM,Staphylococcus aureus,1280,,CHEMBL3600353,2015,J Nat Prod,10.1021/acs.jnatprod.5b00471,26267658,Weak or non-quantitative,non-protein target (organism)
15668741,CHEMBL297453,CHEMBL3603603,F,Antibacterial activity against methicillin-resistant Staphylococcus aureus isolate 4 after 24 hrs by checkerboard assay in presence of quercetin,FICI,=,0.28,,,,0,CHEMBL352,Staphylococcus aureus,ORGANISM,Staphylococcus aureus,1280,,CHEMBL3600353,2015,J Nat Prod,10.1021/acs.jnatprod.5b00471,26267658,Weak or non-quantitative,non-protein target (organism)
15668742,CHEMBL297453,CHEMBL3603604,F,Antibacterial activity against methicillin-resistant Staphylococcus aureus isolate 5 after 24 hrs by checkerboard assay in presence of quercetin,FICI,=,0.28,,,,0,CHEMBL352,Staphylococcus aureus,ORGANISM,Staphylococcus aureus,1280,,CHEMBL3600353,2015,J Nat Prod,10.1021/acs.jnatprod.5b00471,26267658,Weak or non-quantitative,non-protein target (organism)
15668743,CHEMBL297453,CHEMBL3603605,F,Antibacterial activity against methicillin-resistant Staphylococcus aureus isolate 6 after 24 hrs by checkerboard assay in presence of quercetin,FICI,=,0.31,,,,0,CHEMBL352,Staphylococcus aureus,ORGANISM,Staphylococcus aureus,1280,,CHEMBL3600353,2015,J Nat Prod,10.1021/acs.jnatprod.5b00471,26267658,Weak or non-quantitative,non-protein target (organism)
15668744,CHEMBL297453,CHEMBL3603606,F,Antibacterial activity against methicillin-resistant Staphylococcus aureus isolate 7 after 24 hrs by checkerboard assay in presence of quercetin,FICI,=,0.31,,,,0,CHEMBL352,Staphylococcus aureus,ORGANISM,Staphylococcus aureus,1280,,CHEMBL3600353,2015,J Nat Prod,10.1021/acs.jnatprod.5b00471,26267658,Weak or non-quantitative,non-protein target (organism)
15668745,CHEMBL297453,CHEMBL3603607,F,Antibacterial activity against methicillin-resistant Staphylococcus aureus isolate 8 after 24 hrs by checkerboard assay in presence of quercetin,FICI,=,0.31,,,,0,CHEMBL352,Staphylococcus aureus,ORGANISM,Staphylococcus aureus,1280,,CHEMBL3600353,2015,J Nat Prod,10.1021/acs.jnatprod.5b00471,26267658,Weak or non-quantitative,non-protein target (organism)
15668746,CHEMBL297453,CHEMBL3603608,F,Antibacterial activity against methicillin-resistant Staphylococcus aureus isolate 9 after 24 hrs by checkerboard assay in presence of quercetin,FICI,=,0.28,,,,0,CHEMBL352,Staphylococcus aureus,ORGANISM,Staphylococcus aureus,1280,,CHEMBL3600353,2015,J Nat Prod,10.1021/acs.jnatprod.5b00471,26267658,Weak or non-quantitative,non-protein target (organism)
15668747,CHEMBL297453,CHEMBL3603609,F,Antibacterial activity against vancomycin-intermediate resistant Staphylococcus aureus Mu50 after 24 hrs by checkerboard assay in presence of quercetin,FICI,=,0.09,,,,0,CHEMBL352,Staphylococcus aureus,ORGANISM,Staphylococcus aureus,1280,,CHEMBL3600353,2015,J Nat Prod,10.1021/acs.jnatprod.5b00471,26267658,Weak or non-quantitative,non-protein target (organism)
15668748,CHEMBL297453,CHEMBL3603610,F,Antibacterial activity against Staphylococcus aureus ATCC 25923 after 24 hrs by checkerboard assay in presence of quercetin,FICI,=,0.07,,,,0,CHEMBL352,Staphylococcus aureus,ORGANISM,Staphylococcus aureus,1280,,CHEMBL3600353,2015,J Nat Prod,10.1021/acs.jnatprod.5b00471,26267658,Weak or non-quantitative,non-protein target (organism)
15668750,CHEMBL297453,CHEMBL3603612,F,Antibacterial activity against methicillin-sensitive Staphylococcus aureus ATCC 25923 at 0.56 mM after 4 hrs by time kill assay,Activity,,,,,,0,CHEMBL352,Staphylococcus aureus,ORGANISM,Staphylococcus aureus,1280,,CHEMBL3600353,2015,J Nat Prod,10.1021/acs.jnatprod.5b00471,26267658,Weak or non-quantitative,non-protein target (organism)
15668751,CHEMBL297453,CHEMBL3603613,F,Antibacterial activity against methicillin-resistant Staphylococcus aureus NCTC 12493 at 0.28 mM after 4 hrs by time kill assay,Activity,,,,,,0,CHEMBL352,Staphylococcus aureus,ORGANISM,Staphylococcus aureus,1280,,CHEMBL3600353,2015,J Nat Prod,10.1021/acs.jnatprod.5b00471,26267658,Weak or non-quantitative,non-protein target (organism)
15668754,CHEMBL297453,CHEMBL3603616,F,Antibacterial activity against vancomycin-intermediate resistant Staphylococcus aureus Mu50 at 0.56 mM after 4 hrs by time kill assay,Activity,,,,,,0,CHEMBL352,Staphylococcus aureus,ORGANISM,Staphylococcus aureus,1280,,CHEMBL3600353,2015,J Nat Prod,10.1021/acs.jnatprod.5b00471,26267658,Weak or non-quantitative,non-protein target (organism)
15668755,CHEMBL297453,CHEMBL3603617,F,Antibacterial activity against methicillin-sensitive Staphylococcus aureus ATCC 25923 after 24 hrs by time kill assay,Activity,,,,,,0,CHEMBL352,Staphylococcus aureus,ORGANISM,Staphylococcus aureus,1280,,CHEMBL3600353,2015,J Nat Prod,10.1021/acs.jnatprod.5b00471,26267658,Weak or non-quantitative,non-protein target (organism)
15668756,CHEMBL297453,CHEMBL3603618,F,Antibacterial activity against methicillin-resistant Staphylococcus aureus NCTC 12493 after 24 hrs by time kill assay,Activity,,,,,,0,CHEMBL352,Staphylococcus aureus,ORGANISM,Staphylococcus aureus,1280,,CHEMBL3600353,2015,J Nat Prod,10.1021/acs.jnatprod.5b00471,26267658,Weak or non-quantitative,non-protein target (organism)
15668757,CHEMBL297453,CHEMBL3603619,F,Antibacterial activity against vancomycin-intermediate resistant Staphylococcus aureus Mu50 after 24 hrs by time kill assay,Activity,,,,,,0,CHEMBL352,Staphylococcus aureus,ORGANISM,Staphylococcus aureus,1280,,CHEMBL3600353,2015,J Nat Prod,10.1021/acs.jnatprod.5b00471,26267658,Weak or non-quantitative,non-protein target (organism)
15668761,CHEMBL297453,CHEMBL3603626,F,Antibacterial activity against methicillin-resistant Staphylococcus aureus NCTC 12493 assessed as log reduction of colony forming unit at 0.28 mM after 2 hrs,Activity,,,,,,0,CHEMBL352,Staphylococcus aureus,ORGANISM,Staphylococcus aureus,1280,,CHEMBL3600353,2015,J Nat Prod,10.1021/acs.jnatprod.5b00471,26267658,Weak or non-quantitative,non-protein target (organism)
15668762,CHEMBL297453,CHEMBL3603627,F,Antibacterial activity against methicillin-resistant Staphylococcus aureus NCTC 12493 assessed as log reduction of colony forming unit at 0.28 mM after 4 hrs,Activity,,,,,,0,CHEMBL352,Staphylococcus aureus,ORGANISM,Staphylococcus aureus,1280,,CHEMBL3600353,2015,J Nat Prod,10.1021/acs.jnatprod.5b00471,26267658,Weak or non-quantitative,non-protein target (organism)
15668763,CHEMBL297453,CHEMBL3603628,F,Antibacterial activity against methicillin-resistant Staphylococcus aureus NCTC 12493 assessed as log reduction of colony forming unit at 0.28 mM after 24 hrs,Activity,,,,,,0,CHEMBL352,Staphylococcus aureus,ORGANISM,Staphylococcus aureus,1280,,CHEMBL3600353,2015,J Nat Prod,10.1021/acs.jnatprod.5b00471,26267658,Weak or non-quantitative,non-protein target (organism)
15668764,CHEMBL297453,CHEMBL3603629,F,Antibacterial activity against vancomycin-intermediate resistant Staphylococcus aureus Mu50 assessed as log reduction of colony forming unit at 0.28 mM after 24 hrs,Activity,,,,,,0,CHEMBL352,Staphylococcus aureus,ORGANISM,Staphylococcus aureus,1280,,CHEMBL3600353,2015,J Nat Prod,10.1021/acs.jnatprod.5b00471,26267658,Weak or non-quantitative,non-protein target (organism)
15668765,CHEMBL297453,CHEMBL3603691,F,Antibacterial activity against methicillin-sensitive Staphylococcus aureus ATCC 25923 at 0.56 mM after 24 hrs by time kill assay in presence of 0.85 mM of quercetin,Activity,,,,,,0,CHEMBL352,Staphylococcus aureus,ORGANISM,Staphylococcus aureus,1280,,CHEMBL3600353,2015,J Nat Prod,10.1021/acs.jnatprod.5b00471,26267658,Weak or non-quantitative,non-protein target (organism)
15668766,CHEMBL297453,CHEMBL3603692,F,Antibacterial activity against methicillin-sensitive Staphylococcus aureus ATCC 25923 at 0.56 mM after 24 hrs by time kill assay in presence of 0.42 mM of quercetin,Activity,,,,,,0,CHEMBL352,Staphylococcus aureus,ORGANISM,Staphylococcus aureus,1280,,CHEMBL3600353,2015,J Nat Prod,10.1021/acs.jnatprod.5b00471,26267658,Weak or non-quantitative,non-protein target (organism)
15668767,CHEMBL297453,CHEMBL3603693,F,Antibacterial activity against methicillin-sensitive Staphylococcus aureus ATCC 25923 at 0.28 mM after 24 hrs by time kill assay in presence of 0.42 mM of quercetin,Activity,,,,,,0,CHEMBL352,Staphylococcus aureus,ORGANISM,Staphylococcus aureus,1280,,CHEMBL3600353,2015,J Nat Prod,10.1021/acs.jnatprod.5b00471,26267658,Weak or non-quantitative,non-protein target (organism)
15668768,CHEMBL297453,CHEMBL3603694,F,Antibacterial activity against methicillin-sensitive Staphylococcus aureus ATCC 25923 at 0.28 mM after 24 hrs by time kill assay in presence of 0.2 mM of quercetin,Activity,,,,,,0,CHEMBL352,Staphylococcus aureus,ORGANISM,Staphylococcus aureus,1280,,CHEMBL3600353,2015,J Nat Prod,10.1021/acs.jnatprod.5b00471,26267658,Weak or non-quantitative,non-protein target (organism)
15668769,CHEMBL297453,CHEMBL3603623,F,Antibacterial activity against methicillin-sensitive Staphylococcus aureus ATCC 25923 at 0.56 mM after 24 hrs by time kill assay,Activity,,,,,,0,CHEMBL352,Staphylococcus aureus,ORGANISM,Staphylococcus aureus,1280,,CHEMBL3600353,2015,J Nat Prod,10.1021/acs.jnatprod.5b00471,26267658,Weak or non-quantitative,non-protein target (organism)
15668770,CHEMBL297453,CHEMBL3603624,F,Antibacterial activity against methicillin-resistant Staphylococcus aureus NCTC 12493 at 0.28 mM after 24 hrs by time kill assay,Activity,,,,,,0,CHEMBL352,Staphylococcus aureus,ORGANISM,Staphylococcus aureus,1280,,CHEMBL3600353,2015,J Nat Prod,10.1021/acs.jnatprod.5b00471,26267658,Weak or non-quantitative,non-protein target (organism)
15668771,CHEMBL297453,CHEMBL3603625,F,Antibacterial activity against vancomycin-intermediate resistant Staphylococcus aureus Mu50 at 0.56 mM after 24 hrs by time kill assay,Activity,,,,,,0,CHEMBL352,Staphylococcus aureus,ORGANISM,Staphylococcus aureus,1280,,CHEMBL3600353,2015,J Nat Prod,10.1021/acs.jnatprod.5b00471,26267658,Weak or non-quantitative,non-protein target (organism)
20161980,CHEMBL297453,CHEMBL4296184,F,"Antibacterial activity against Staphylococcus aureus MRSA ATCC 43300 (CO-ADD:GP_020); MIC in CAMBH media, using NBS plates, by OD(600)",Inhibition,=,13.39,%,,,0,CHEMBL352,Staphylococcus aureus,ORGANISM,Staphylococcus aureus,1280,,CHEMBL4513141,,,10.6019/CHEMBL4513141,,Weak or non-quantitative,non-protein target (organism)
29270485,CHEMBL297453,CHEMBL6153625,F,Synergistic antimicrobial activity against methicillin-resistant Staphylococcus aureus assessed as fractional inhibitory concentration index incubated for 24 hrs in presence of ampicillin by checkerboard assay,FICI,=,0.19,,,,0,CHEMBL352,Staphylococcus aureus,ORGANISM,Staphylococcus aureus,1280,,CHEMBL6153028,2025,Eur J Med Chem,10.1016/j.ejmech.2024.117012,39509947,Weak or non-quantitative,non-protein target (organism)
29270487,CHEMBL297453,CHEMBL6153626,F,Synergistic antimicrobial activity against methicillin resistant Staphylococcus aureus assessed as fractional inhibitory concentration index incubated for 24 hrs in presence of sulbactam by checkerboard assay,FICI,=,0.19,,,,0,CHEMBL352,Staphylococcus aureus,ORGANISM,Staphylococcus aureus,1280,,CHEMBL6153028,2025,Eur J Med Chem,10.1016/j.ejmech.2024.117012,39509947,Weak or non-quantitative,non-protein target (organism)
29270488,CHEMBL297453,CHEMBL6153627,F,Synergistic antimicrobial activity against methicillin resistant Staphylococcus aureus assessed as fractional inhibitory concentration index incubated for 24 hrs in presence of oxytetracycline by checkerboard assay,FICI,=,0.288,,,,0,CHEMBL352,Staphylococcus aureus,ORGANISM,Staphylococcus aureus,1280,,CHEMBL6153028,2025,Eur J Med Chem,10.1016/j.ejmech.2024.117012,39509947,Weak or non-quantitative,non-protein target (organism)
3196864,CHEMBL297453,CHEMBL1115800,F,Antibacterial activity against Staphylococcus epidermidis ATCC 0155 after 24 hrs by NCCLS method,MIC,=,128.0,ug.mL-1,,,0,CHEMBL353,Staphylococcus epidermidis,ORGANISM,Staphylococcus epidermidis,1282,,CHEMBL1154814,2010,Eur J Med Chem,10.1016/j.ejmech.2009.11.045,19962795,Weak or non-quantitative,non-protein target (organism)
12482867,CHEMBL297453,CHEMBL3058890,F,Bactericidal activity against Stenotrophomonas maltophilia clinical isolate,MIC90,=,512.0,ug.mL-1,,,0,CHEMBL612366,Stenotrophomonas maltophilia,ORGANISM,Stenotrophomonas maltophilia,40324,,CHEMBL3044535,2012,Med Chem Res,10.1007/s00044-011-9800-4,,Weak or non-quantitative,non-protein target (organism)
12482868,CHEMBL297453,CHEMBL3058891,F,Antibacterial activity against Stenotrophomonas maltophilia clinical isolate by broth macrodilution method,MIC90,=,512.0,ug.mL-1,,,0,CHEMBL612366,Stenotrophomonas maltophilia,ORGANISM,Stenotrophomonas maltophilia,40324,,CHEMBL3044535,2012,Med Chem Res,10.1007/s00044-011-9800-4,,Weak or non-quantitative,non-protein target (organism)
12482869,CHEMBL297453,CHEMBL3058892,F,Antibacterial activity against Stenotrophomonas maltophilia clinical isolate by agar dilution method,MIC90,=,256.0,ug.mL-1,,,0,CHEMBL612366,Stenotrophomonas maltophilia,ORGANISM,Stenotrophomonas maltophilia,40324,,CHEMBL3044535,2012,Med Chem Res,10.1007/s00044-011-9800-4,,Weak or non-quantitative,non-protein target (organism)
12482872,CHEMBL297453,CHEMBL3058890,F,Bactericidal activity against Stenotrophomonas maltophilia clinical isolate,MIC50,=,512.0,ug.mL-1,,,0,CHEMBL612366,Stenotrophomonas maltophilia,ORGANISM,Stenotrophomonas maltophilia,40324,,CHEMBL3044535,2012,Med Chem Res,10.1007/s00044-011-9800-4,,Weak or non-quantitative,non-protein target (organism)
12482873,CHEMBL297453,CHEMBL3058891,F,Antibacterial activity against Stenotrophomonas maltophilia clinical isolate by broth macrodilution method,MIC50,=,512.0,ug.mL-1,,,0,CHEMBL612366,Stenotrophomonas maltophilia,ORGANISM,Stenotrophomonas maltophilia,40324,,CHEMBL3044535,2012,Med Chem Res,10.1007/s00044-011-9800-4,,Weak or non-quantitative,non-protein target (organism)
12482874,CHEMBL297453,CHEMBL3058892,F,Antibacterial activity against Stenotrophomonas maltophilia clinical isolate by agar dilution method,MIC50,=,256.0,ug.mL-1,,,0,CHEMBL612366,Stenotrophomonas maltophilia,ORGANISM,Stenotrophomonas maltophilia,40324,,CHEMBL3044535,2012,Med Chem Res,10.1007/s00044-011-9800-4,,Weak or non-quantitative,non-protein target (organism)
25067473,CHEMBL297453,CHEMBL5252093,B,Activation of cGAMP-STING signaling pathway in human THP-1 cells assessed as increase in ISRE activation at 3.125 uM in presence of 10 ug/ml cGAMP by luciferase reporter gene assay,Activity,,,,,,0,CHEMBL4523377,Stimulator of interferon genes protein,SINGLE PROTEIN,Homo sapiens,9606,Q86WV6,CHEMBL5247661,2023,Bioorg Med Chem Lett,10.1016/j.bmcl.2023.129325,37182610,Weak or non-quantitative,
19051501,CHEMBL297453,CHEMBL4354899,F,Antibiofilm activity against Streptococcus mutans assessed as inhibition of biofilm formation,MBIC90,=,15.6,ug ml-1,,,0,CHEMBL612426,Streptococcus mutans,ORGANISM,Streptococcus mutans,1309,,CHEMBL4354780,2019,Medchemcomm,10.1039/C9MD00015A,31391878,Weak or non-quantitative,non-protein target (organism)
19051511,CHEMBL297453,CHEMBL4354905,A,Antibacterial activity against Streptococcus mutans,MIC,=,31.25,ug.mL-1,,,0,CHEMBL612426,Streptococcus mutans,ORGANISM,Streptococcus mutans,1309,,CHEMBL4354780,2019,Medchemcomm,10.1039/C9MD00015A,31391878,Weak or non-quantitative,non-protein target (organism)
18484071,CHEMBL297453,CHEMBL4185536,F,Cytotoxicity against human T47D cells assessed as decrease in cell viability after 48 hrs by MTT assay,IC50,=,57000.0,nM,4.24,,0,CHEMBL614361,T47D,CELL-LINE,Homo sapiens,9606,,CHEMBL4184147,2017,J Med Chem,10.1021/acs.jmedchem.6b01026,28654265,Weak or non-quantitative,non-protein target (cell-line)
18484050,CHEMBL297453,CHEMBL4185572,F,Cytotoxicity against human T47D cells assessed as cell viability at 6 uM after 48 hrs by MTT assay,Activity,=,100.0,%,,,0,CHEMBL614361,T47D,CELL-LINE,Homo sapiens,9606,,CHEMBL4184147,2017,J Med Chem,10.1021/acs.jmedchem.6b01026,28654265,Weak or non-quantitative,non-protein target (cell-line)
16442195,CHEMBL297453,CHEMBL3757073,F,Antiproliferative activity against human T98G cells after 24 hrs by EZ-Tox assay,IC50,=,166000.0,nM,,Outside typical range,0,CHEMBL614775,T98G,CELL-LINE,Homo sapiens,9606,,CHEMBL3751808,2016,Bioorg Med Chem Lett,10.1016/j.bmcl.2015.11.043,26631318,Weak or non-quantitative,ChEMBL validity: Outside typical range; non-protein target (cell-line)
12109877,CHEMBL297453,CHEMBL2175309,B,Inhibition of telomerase in human HeLa cells using 5'-AAT CCG TCG AGC AGA GTT-3' as substrate incubated for 15 mins prior to extension reaction by telomeric repeat amplification protocol,IC50,=,1180.0,nM,5.93,,0,CHEMBL2916,Telomerase reverse transcriptase,SINGLE PROTEIN,Homo sapiens,9606,O14746,CHEMBL2169802,2012,J Med Chem,10.1021/jm201191d,22413845,Weak or non-quantitative,
12109871,CHEMBL297453,CHEMBL2175310,B,Inhibition of telomerase in human HeLa cells using 5'-AAT CCG TCG AGC AGA GTT-3' as substrate incubated for 15 mins prior to extension reaction followed by compound washout by spin-telomeric repeat amplification protocol,IC50,=,1080.0,nM,5.97,,0,CHEMBL2916,Telomerase reverse transcriptase,SINGLE PROTEIN,Homo sapiens,9606,O14746,CHEMBL2169802,2012,J Med Chem,10.1021/jm201191d,22413845,Weak or non-quantitative,
12109865,CHEMBL297453,CHEMBL2175304,B,Inhibition of telomerase in human U937 cells,IC50,=,1000.0,nM,6.0,,1,CHEMBL2916,Telomerase reverse transcriptase,SINGLE PROTEIN,Homo sapiens,9606,O14746,CHEMBL2169802,2012,J Med Chem,10.1021/jm201191d,22413845,Potent in ≥2 publications,potential duplicate
14927391,CHEMBL297453,CHEMBL3391067,B,Inhibition of telomerase (unknown origin) by TRAP assay,IC50,=,1000.0,nM,6.0,,0,CHEMBL2916,Telomerase reverse transcriptase,SINGLE PROTEIN,Homo sapiens,9606,O14746,CHEMBL3390843,2011,Medchemcomm,10.1039/C0MD00241K,,Potent in ≥2 publications,
12109831,CHEMBL297453,CHEMBL2175294,B,Competitive inhibition of telomerase in human HeLa cells using dNTP as substrate assessed as ratio of IC50 at saturated substrate concentration to IC50 at Km by telomeric repeat amplification protocol,Ratio IC50,=,10.56,,,,0,CHEMBL2916,Telomerase reverse transcriptase,SINGLE PROTEIN,Homo sapiens,9606,O14746,CHEMBL2169802,2012,J Med Chem,10.1021/jm201191d,22413845,Weak or non-quantitative,
12109834,CHEMBL297453,CHEMBL2175297,B,Mixed type inhibition of telomerase in human HeLa cells using 5'-AAT CCG TCG AGC AGA GTT-3' as substrate assessed as ratio of IC50 at saturated substrate concentration to IC50 at Km by telomeric repeat amplification protocol,Ratio IC50,=,8.16,,,,0,CHEMBL2916,Telomerase reverse transcriptase,SINGLE PROTEIN,Homo sapiens,9606,O14746,CHEMBL2169802,2012,J Med Chem,10.1021/jm201191d,22413845,Weak or non-quantitative,
12109860,CHEMBL297453,CHEMBL2175302,B,Inhibition of telomerase in human HeLa cells using 5'-AAT CCG TCG AGC AGA GTT-3' as substrate at 1 uM incubated for 15 mins prior to extension reaction by telomeric repeat amplification protocol,Imax,=,80.0,%,,,0,CHEMBL2916,Telomerase reverse transcriptase,SINGLE PROTEIN,Homo sapiens,9606,O14746,CHEMBL2169802,2012,J Med Chem,10.1021/jm201191d,22413845,Weak or non-quantitative,
4321738,CHEMBL297453,CHEMBL1614161,F,"PUBCHEM_BIOASSAY: qHTS Assay for the Inhibitors of Schistosoma Mansoni Peroxiredoxins. (Class of assay: confirmatory) [Related pubchem assays: 1011 (Confirmation Concentration-Response Assay for Inhibitors of the Schistosoma mansoni Redox Cascade ), 448 (Schistosoma Mansoni Peroxiredoxins (Prx2) and thioredoxin glutathione reductase (TGR) coupled assay)]",Potency,=,11220.2,nM,4.95,,0,CHEMBL6110,Thioredoxin glutathione reductase,SINGLE PROTEIN,Schistosoma mansoni,6183,Q962Y6,CHEMBL1201862,,,,,Weak or non-quantitative,
19209192,CHEMBL297453,CHEMBL4392929,A,Inhibition of native rhodanese (unknown origin) assessed as reduction in rhodanese enzyme activity after 45 mins by Fe(SCN)3 dye based spectrometric analysis,IC50,=,7300.0,nM,5.14,,0,CHEMBL4295835,Thiosulfate sulfurtransferase,SINGLE PROTEIN,Homo sapiens,9606,Q16762,CHEMBL4392822,2019,Bioorg Med Chem Lett,10.1016/j.bmcl.2019.02.028,30852084,Weak or non-quantitative,
6581102,CHEMBL297453,CHEMBL1794399,F,PUBCHEM_BIOASSAY: qHTS assay for small molecule antagonists of thyroid hormone receptor beta signaling. (Class of assay: confirmatory) ,Potency,,28183.8,nM,,,0,CHEMBL1947,Thyroid hormone receptor beta,SINGLE PROTEIN,Homo sapiens,9606,P10828,CHEMBL1201862,,,,,Weak or non-quantitative,
16672193,CHEMBL297453,CHEMBL3855682,B,Inhibition of wild type His-tagged translin/trax E126A mutant (unknown origin) coexpressed in Escherichia coli BL21 cells using RNase Alert as substrate at 30 uM incubated for 10 mins prior to substrate addition monitored over 60 mins by fluorescence assay,Inhibition,=,88.0,%,,,0,CHEMBL4524025,Translin-associated protein X,SINGLE PROTEIN,Homo sapiens,9606,Q99598,CHEMBL3853344,2016,Bioorg Med Chem Lett,10.1016/j.bmcl.2016.09.019,27641467,Weak or non-quantitative,
18138821,CHEMBL297453,CHEMBL4030377,B,Binding affinity to recombinant human transthyretin expressed in Escherichia coli BL21 by STD-NMR spectroscopic method,Kd,=,400.0,nM,6.4,,0,CHEMBL3194,Transthyretin,SINGLE PROTEIN,Homo sapiens,9606,P02766,CHEMBL4028846,2017,J Med Chem,10.1021/acs.jmedchem.7b00428,28587455,Potent in ≥2 publications,
22795691,CHEMBL297453,CHEMBL4710590,B,Binding affinity to wild type TTR (unknown origin) expressed in bacterial expression system by isothermal titration calorimetry,Kd,=,400.0,nM,6.4,,1,CHEMBL3194,Transthyretin,SINGLE PROTEIN,Homo sapiens,9606,P02766,CHEMBL4706567,2020,J Med Chem,10.1021/acs.jmedchem.0c00934,32914975,Potent in ≥2 publications,potential duplicate
18138827,CHEMBL297453,CHEMBL4030381,B,Binding affinity to recombinant human transthyretin expressed in Escherichia coli BL21 at 1:50 protein to ligand molar ratio by STD-NMR spectroscopic method,Activity,,,,,,0,CHEMBL3194,Transthyretin,SINGLE PROTEIN,Homo sapiens,9606,P02766,CHEMBL4028846,2017,J Med Chem,10.1021/acs.jmedchem.7b00428,28587455,Weak or non-quantitative,
22892400,CHEMBL297453,CHEMBL4729754,B,Stabilization of wild type human transthyretin expressed in Escherichia coli BL21(DE3) assessed as decrease in TTR-amyloid beta fibril formation at 10 uM preincubated for 6 hrs with transthyretin followed by measuring after 96 hrs maintaining pH of 4.4 by thioflavin T binding assay relative to control,Inhibition,=,53.0,%,,,0,CHEMBL3194,Transthyretin,SINGLE PROTEIN,Homo sapiens,9606,P02766,CHEMBL4725384,2020,Bioorg Med Chem,10.1016/j.bmc.2020.115673,32828431,Weak or non-quantitative,
25495732,CHEMBL297453,CHEMBL5330544,B,Binding affinity to Fyn (unknown origin) assessed as dissociation constant,Kd,=,367.0,nM,6.43,,0,CHEMBL1841,Tyrosine-protein kinase Fyn,SINGLE PROTEIN,Homo sapiens,9606,P06241,CHEMBL5329203,2023,Bioorg Med Chem,10.1016/j.bmc.2023.117483,37951136,Potent in 1 publication,
2704415,CHEMBL297453,CHEMBL1053244,B,Inhibition of Syk phosphorylation in DNP-BSA-stimulated rat RBL2H3 cells by Western blotting,Activity,,,,,,0,CHEMBL4364,Tyrosine-protein kinase SYK,SINGLE PROTEIN,Rattus norvegicus,10116,Q64725,CHEMBL1153461,2009,Bioorg Med Chem,10.1016/j.bmc.2009.06.050,19596200,Weak or non-quantitative,
3930013,CHEMBL297453,CHEMBL1614364,B,PUBCHEM_BIOASSAY: qHTS Assay for Inhibitors of Tyrosyl-DNA Phosphodiesterase (TDP1). (Class of assay: confirmatory) ,Potency,=,316.2,nM,6.5,,0,CHEMBL1075138,Tyrosyl-DNA phosphodiesterase 1,SINGLE PROTEIN,Homo sapiens,9606,Q9NUW8,CHEMBL1201862,,,,,Potent in 1 publication,
19099005,CHEMBL297453,CHEMBL4368092,F,Induction of nitric oxide production in human U266 cells,IC50,=,23200.0,nM,4.63,,0,CHEMBL2366315,U-266,CELL-LINE,Homo sapiens,9606,,CHEMBL4364318,2019,Eur J Med Chem,10.1016/j.ejmech.2019.07.041,31330448,Weak or non-quantitative,non-protein target (cell-line)
18484053,CHEMBL297453,CHEMBL4185545,F,Cytotoxicity against human U87 cells assessed as decrease in cell viability after 48 hrs by MTT assay,IC50,=,18000.0,nM,4.75,,0,CHEMBL614247,U-87 MG,CELL-LINE,Homo sapiens,9606,,CHEMBL4184147,2017,J Med Chem,10.1021/acs.jmedchem.6b01026,28654265,Weak or non-quantitative,non-protein target (cell-line)
18484041,CHEMBL297453,CHEMBL4185581,F,Cytotoxicity against human U87 cells assessed as cell viability at 6 uM after 48 hrs by MTT assay,Activity,=,98.0,%,,,0,CHEMBL614247,U-87 MG,CELL-LINE,Homo sapiens,9606,,CHEMBL4184147,2017,J Med Chem,10.1021/acs.jmedchem.6b01026,28654265,Weak or non-quantitative,non-protein target (cell-line)
6186160,CHEMBL297453,CHEMBL1776494,F,Cytotoxicity against human UT7 cells assessed as cell growth inhibition at 10 uM after 7 days by trypan blue based microscopic analysis,GI,,,,,,0,CHEMBL614057,UT7,CELL-LINE,Homo sapiens,9606,,CHEMBL1772988,2011,J Nat Prod,10.1021/np1007729,21434603,Weak or non-quantitative,non-protein target (cell-line)
25517759,CHEMBL297453,CHEMBL5336667,B,Inhibition of Streptococcus sobrinus glycosyl transferase,IC50,=,89500.0,nM,4.05,,0,CHEMBL612545,Unchecked,UNCHECKED,,,,CHEMBL5335789,2023,Eur J Med Chem,10.1016/j.ejmech.2023.115820,37776575,Weak or non-quantitative,non-protein target (unchecked)
22790281,CHEMBL297453,CHEMBL4709384,B,Inhibition of SARS-CoV 3C-like protease (3241 to 3546 residues) expressed in Pichia pastoris GS115 using Dabcyl-KTSAVLQSGFRKME-Edans fluorogenic peptide as substrate measured for 18 mins by fluorescence method,IC50,=,73000.0,nM,4.14,,0,CHEMBL612545,Unchecked,UNCHECKED,,,,CHEMBL4706535,2020,Eur J Med Chem,10.1016/j.ejmech.2020.112711,32810751,Weak or non-quantitative,non-protein target (unchecked)
22849642,CHEMBL297453,CHEMBL4723159,B,Inhibition of SARS-CoV 3C-like protease (3241 to 3546 residues) expressed in Pichia pastoris GS115 using Dabcyl-KTSAVLQSGFRKME-Edans fluorogenic peptide as substrate measured for 18 mins by fluorescence method,IC50,=,73000.0,nM,4.14,,0,CHEMBL612545,Unchecked,UNCHECKED,,,,CHEMBL4715853,2020,J Med Chem,10.1021/acs.jmedchem.0c00626,32845145,Weak or non-quantitative,non-protein target (unchecked)
29316373,CHEMBL297453,CHEMBL6185438,B,Inhibition of recombinant N-terminal His-tagged Escherichia coli BL21 NagZ extracted from Escherichia coli BL21 using pNP-GlcNAc as substrate by absorbance based assay,IC50,=,61200.0,nM,4.21,,0,CHEMBL612545,Unchecked,UNCHECKED,,,,CHEMBL6182902,2025,Eur J Med Chem,10.1016/j.ejmech.2025.117622,40249971,Weak or non-quantitative,non-protein target (unchecked)
2054489,CHEMBL297453,CHEMBL924936,B,Inhibition of Escherichia coli DNA gyrase B supercoiling activity,IC50,=,50000.0,nM,4.3,,0,CHEMBL612545,Unchecked,UNCHECKED,,,,CHEMBL1140606,2007,J Med Chem,10.1021/jm060817o,17228868,Weak or non-quantitative,non-protein target (unchecked)
8059221,CHEMBL297453,CHEMBL1961243,B,Inhibition of Saccharomyces cerevisiae alcohol dehydrogenase measured every 5 mins for 2 hrs by spectrophotometry,IC50,=,42800.0,nM,4.37,,0,CHEMBL612545,Unchecked,UNCHECKED,,,,CHEMBL1955735,2012,Bioorg Med Chem,10.1016/j.bmc.2012.02.002,22377672,Weak or non-quantitative,non-protein target (unchecked)
18201379,CHEMBL297453,CHEMBL4043512,F,Inhibition of cell proliferation of activated rat HSC-T6 cells incubated for 24 hrs by MTT assay,IC50,=,31600.0,nM,4.5,,0,CHEMBL612545,Unchecked,UNCHECKED,,,,CHEMBL4043072,2017,J Nat Prod,10.1021/acs.jnatprod.6b01103,28257196,Weak or non-quantitative,non-protein target (unchecked)
18034285,CHEMBL297453,CHEMBL4008218,F,Antiviral activity against influenza A virus (A/Chile/1/83) infected in MDCK cells after 2 to 3 days by crystal violet staining based plaque reduction assay,EC50,=,28400.0,nM,4.55,,0,CHEMBL612545,Unchecked,UNCHECKED,,,,CHEMBL4007398,2017,J Med Chem,10.1021/acs.jmedchem.6b01227,28118010,Weak or non-quantitative,non-protein target (unchecked)
2144829,CHEMBL297453,CHEMBL921931,B,Inhibition of G6PD-mediated NADPH production in mouse 3T3-L1 cells,IC50,=,25000.0,nM,4.6,,0,CHEMBL612545,Unchecked,UNCHECKED,,,,CHEMBL1143070,2008,Bioorg Med Chem,10.1016/j.bmc.2008.02.030,18313308,Weak or non-quantitative,non-protein target (unchecked)
18484055,CHEMBL297453,CHEMBL4185543,F,Cytotoxicity against human MML1 cells assessed as decrease in cell viability after 48 hrs by MTT assay,IC50,=,25000.0,nM,4.6,,0,CHEMBL612545,Unchecked,UNCHECKED,,,,CHEMBL4184147,2017,J Med Chem,10.1021/acs.jmedchem.6b01026,28654265,Weak or non-quantitative,non-protein target (unchecked)
2054480,CHEMBL297453,CHEMBL924934,B,Displacement of fluorescent quercetin from Escherichia coli BL21 (DE3) recombinant DNA gyrase B G24,Kd,=,23000.0,nM,4.64,,0,CHEMBL612545,Unchecked,UNCHECKED,,,,CHEMBL1140606,2007,J Med Chem,10.1021/jm060817o,17228868,Weak or non-quantitative,non-protein target (unchecked)
18034315,CHEMBL297453,CHEMBL4008219,F,Antiviral activity against influenza A virus (A/Sydney/5/97) infected in MDCK cells after 2 to 3 days by crystal violet staining based plaque reduction assay,EC50,=,22800.0,nM,4.64,,0,CHEMBL612545,Unchecked,UNCHECKED,,,,CHEMBL4007398,2017,J Med Chem,10.1021/acs.jmedchem.6b01227,28118010,Weak or non-quantitative,non-protein target (unchecked)
849381,CHEMBL297453,CHEMBL673680,F,"Inhibitory activity against lipid peroxidation of egg-phosphatidylcholine (PC) liposome caused by water-soluble radical initiator [2,2'-azobis(2-amidinopropane) dihydrochloride] (AAPH)",IC50,=,20800.0,nM,4.68,,0,CHEMBL612545,Unchecked,UNCHECKED,,,,CHEMBL1131544,1998,Bioorg Med Chem Lett,10.1016/s0960-894x(98)00311-4,9873437,Weak or non-quantitative,non-protein target (unchecked)
19209250,CHEMBL297453,CHEMBL4392928,A,Inhibition of native soluble pig heart MDH assessed as reduction in MDH enzyme activity using sodium mesoxalate as substrate and NADH by malachite green dye based spectrometric analysis,IC50,=,16000.0,nM,4.8,,0,CHEMBL612545,Unchecked,UNCHECKED,,,,CHEMBL4392822,2019,Bioorg Med Chem Lett,10.1016/j.bmcl.2019.02.028,30852084,Weak or non-quantitative,non-protein target (unchecked)
2427208,CHEMBL297453,CHEMBL1032539,F,Inhibition of lipid peroxidation in Sprague-Dawley rat heart mitochondria assessed as inhibition of FeSO4-induced oxygen consumption,IC50,=,12200.0,nM,4.91,,0,CHEMBL612545,Unchecked,UNCHECKED,,,,CHEMBL1159287,1995,J Nat Prod,10.1021/np50123a005,7494143,Weak or non-quantitative,non-protein target (unchecked)
2427217,CHEMBL297453,CHEMBL1032540,F,Inhibition of lipid peroxidation in Sprague-Dawley rat heart mitochondria assessed as inhibition of FeSO4-induced malondialdehyde formation,IC50,=,9400.0,nM,5.03,,0,CHEMBL612545,Unchecked,UNCHECKED,,,,CHEMBL1159287,1995,J Nat Prod,10.1021/np50123a005,7494143,Weak or non-quantitative,non-protein target (unchecked)
2144801,CHEMBL297453,CHEMBL921929,B,Inhibition of IDH,IC50,=,6440.0,nM,5.19,,0,CHEMBL612545,Unchecked,UNCHECKED,,,,CHEMBL1143070,2008,Bioorg Med Chem,10.1016/j.bmc.2008.02.030,18313308,Weak or non-quantitative,non-protein target (unchecked)
22466062,CHEMBL297453,CHEMBL4684121,B,Inhibition of recombinant Influenza A virus (A/USA:Huston/AA/1945 H1N1)) N-terminal His6-tagged PA endonuclease using 6FAM-TGGCAATATCAGCTCCACA-MGBN DNA probe as substrate by TR-FRET assay,EC50,=,6454.75,nM,5.19,,0,CHEMBL612545,Unchecked,UNCHECKED,,,,CHEMBL4680167,2020,Eur J Med Chem,10.1016/j.ejmech.2020.112048,31954881,Weak or non-quantitative,non-protein target (unchecked)
5100456,CHEMBL297453,CHEMBL1638833,B,Inhibition of rat liver microsomal Steroid 5-alpha-reductase after 30 mins by scintillation counting,IC50,=,6290.0,nM,5.2,,0,CHEMBL612545,Unchecked,UNCHECKED,,,,CHEMBL1629427,2010,Eur J Med Chem,10.1016/j.ejmech.2010.10.011,21044810,Weak or non-quantitative,non-protein target (unchecked)
25886998,CHEMBL297453,CHEMBL5517413,B,Inhibition of porcine heart MDH using oxaloacetic acid as substrate preincubated for 5 mins followed by substrate and NADPH addition and measured for 80 sec by absorbance based analysis,IC50,=,5150.0,nM,5.29,,0,CHEMBL612545,Unchecked,UNCHECKED,,,,CHEMBL5512692,2024,J Med Chem,10.1021/acs.jmedchem.4c00597,38864383,Weak or non-quantitative,non-protein target (unchecked)
13328417,CHEMBL297453,CHEMBL2390677,B,Inhibition of tau K19 aggregation (unknown origin),IC50,=,3900.0,nM,5.41,,0,CHEMBL612545,Unchecked,UNCHECKED,,,,CHEMBL2385058,2013,J Med Chem,10.1021/jm3017317,23484434,Weak or non-quantitative,non-protein target (unchecked)
26136485,CHEMBL297453,CHEMBL5621560,B,Inhibition of recombinant rat liver arginase,IC50,=,3800.0,nM,5.42,,0,CHEMBL612545,Unchecked,UNCHECKED,,,,CHEMBL5620368,2023,Eur J Med Chem,10.1016/j.ejmech.2023.115471,37257213,Weak or non-quantitative,non-protein target (unchecked)
3134115,CHEMBL297453,CHEMBL1070085,B,Inhibition of reduced carboxymethylated kappa-casein fibril formation measured every 5 mins after 1000 mins by thioflavin T staining-based binding assay,IC50,=,3700.0,nM,5.43,,0,CHEMBL612545,Unchecked,UNCHECKED,,,,CHEMBL1157676,2010,Bioorg Med Chem,10.1016/j.bmc.2009.10.063,19931462,Weak or non-quantitative,non-protein target (unchecked)
8011741,CHEMBL297453,CHEMBL1942538,B,Inhibition of KDM4E,IC50,=,3000.0,nM,5.52,,0,CHEMBL612545,Unchecked,UNCHECKED,,,,CHEMBL1938384,2011,J Med Chem,10.1021/jm201048w,21955276,Weak or non-quantitative,non-protein target (unchecked)
18094385,CHEMBL297453,CHEMBL4020871,B,Inhibition of SPI-1 T3SS in Salmonella typhimurium expressing SopE2-CPG2-HA fusion protein assessed as reduction in type 3 protein secretion using Glu-CyFur as substrate after 4 hrs by fluorescence assay,IC50,=,2150.0,nM,5.67,,0,CHEMBL612545,Unchecked,UNCHECKED,,,,CHEMBL4020703,2017,Bioorg Med Chem,10.1016/j.bmc.2017.03.023,28325635,Weak or non-quantitative,non-protein target (unchecked)
13875731,CHEMBL297453,CHEMBL3108108,B,Inhibition of influenza A virus RNA-dependent RNA polymerase subunit PA endonuclease activity,IC50,=,1995.26,nM,5.7,,0,CHEMBL612545,Unchecked,UNCHECKED,,,,CHEMBL3102778,2014,Bioorg Med Chem Lett,10.1016/j.bmcl.2013.12.026,24365156,Weak or non-quantitative,non-protein target (unchecked)
13875732,CHEMBL297453,CHEMBL3108108,B,Inhibition of influenza A virus RNA-dependent RNA polymerase subunit PA endonuclease activity,IC50,=,1900.0,nM,5.72,,0,CHEMBL612545,Unchecked,UNCHECKED,,,,CHEMBL3102778,2014,Bioorg Med Chem Lett,10.1016/j.bmcl.2013.12.026,24365156,Weak or non-quantitative,non-protein target (unchecked)
13318344,CHEMBL297453,CHEMBL2389283,B,Inhibition of Plasmodium falciparum FabG using acetoacetyl-CoA as substrate,IC50,=,1100.0,nM,5.96,,0,CHEMBL612545,Unchecked,UNCHECKED,,,,CHEMBL2384958,2013,J Nat Prod,10.1021/np400083k,23806111,Weak or non-quantitative,non-protein target (unchecked)
22466066,CHEMBL297453,CHEMBL4684122,B,Binding affinity to recombinant Influenza A virus (A/USA:Huston/AA/1945 H1N1)) N-terminal His6-tagged PA endonuclease assessed as dissociation constant by SPR analysis,Kd,=,956.32,nM,6.02,,0,CHEMBL612545,Unchecked,UNCHECKED,,,,CHEMBL4680167,2020,Eur J Med Chem,10.1016/j.ejmech.2020.112048,31954881,Potent in ≥2 publications,non-protein target (unchecked)
22793282,CHEMBL297453,CHEMBL4710189,B,"Inhibition of biotinylated 5-(4-((Z)-3-Carboxy-3-hydroxyacryloyl)-4-(4-chlorobenzyl)piperidine-1-carbonyl)-2-((13,35-dioxo-39-((3aR,4R,6aS)-2-oxohexahydro-1H-thieno[3,4-d]imidazole-4-yl)-3,6,9,16,19,22,25,28,31-nonaoxa-12,34-diazanonatriacontyl)oxy)benzoic acid binding to Influenza A virus (A/California/07/2009(H1N1)) N-terminal GST-tagged polymerase acidic subunit N-terminal domain expressed in Escherichia coli BL21 (DE3) RIL cells measured after 120 mins by Alphascreen assay",IC50,=,870.0,nM,6.06,,0,CHEMBL612545,Unchecked,UNCHECKED,,,,CHEMBL4706556,2020,Eur J Med Chem,10.1016/j.ejmech.2020.112754,32883638,Potent in ≥2 publications,non-protein target (unchecked)
13318339,CHEMBL297453,CHEMBL2389282,B,Inhibition of Plasmodium falciparum FabZ using crotonoyl-CoA as substrate preincubated for 10 mins prior to substrate addition,IC50,=,700.0,nM,6.16,,0,CHEMBL612545,Unchecked,UNCHECKED,,,,CHEMBL2384958,2013,J Nat Prod,10.1021/np400083k,23806111,Potent in ≥2 publications,non-protein target (unchecked)
12109854,CHEMBL297453,CHEMBL2175301,B,Inhibition of tetrahymena telomerase using 3'-ACT TCG TAG AGC AGA TTG-5' as substrate incubated for 10 mins prior to extension reaction by telomeric repeat amplification protocol,IC50,=,370.0,nM,6.43,,0,CHEMBL612545,Unchecked,UNCHECKED,,,,CHEMBL2169802,2012,J Med Chem,10.1021/jm201191d,22413845,Potent in ≥2 publications,non-protein target (unchecked)
24723925,CHEMBL297453,CHEMBL5113826,B,Binding affinity to Bcl-xL/Bad (unknown origin) assessed as inhibition constant by fluorescence polarisation assay,Ki,=,335.0,nM,6.47,,0,CHEMBL612545,Unchecked,UNCHECKED,,,,CHEMBL5113375,2021,Eur J Med Chem,10.1016/j.ejmech.2020.113038,33333396,Potent in ≥2 publications,non-protein target (unchecked)
18950376,CHEMBL297453,CHEMBL4331194,B,Inhibition of bovine GDH,ED50,=,300.0,nM,6.52,,0,CHEMBL612545,Unchecked,UNCHECKED,,,,CHEMBL4330073,2019,Eur J Med Chem,10.1016/j.ejmech.2018.11.066,30522056,Potent in ≥2 publications,non-protein target (unchecked)
1973351,CHEMBL297453,CHEMBL898311,B,Inhibition of chymotrypsin like activity of 20S proteasome,IC50,=,200.0,nM,6.7,,0,CHEMBL612545,Unchecked,UNCHECKED,,,,CHEMBL1149605,2007,Bioorg Med Chem,10.1016/j.bmc.2007.05.041,17544279,Potent in ≥2 publications,non-protein target (unchecked)
3134155,CHEMBL297453,CHEMBL1070092,B,Inhibition of beta amyloid (1 to 40) fibril formation,IC50,=,180.0,nM,6.75,,0,CHEMBL612545,Unchecked,UNCHECKED,,,,CHEMBL1157676,2010,Bioorg Med Chem,10.1016/j.bmc.2009.10.063,19931462,Potent in ≥2 publications,non-protein target (unchecked)
3096564,CHEMBL297453,CHEMBL1074132,B,Inhibition of chymotrypsin like activity of proteasome,IC50,=,170.0,nM,6.77,,0,CHEMBL612545,Unchecked,UNCHECKED,,,,CHEMBL1159085,2010,Bioorg Med Chem,10.1016/j.bmc.2009.12.034,20045338,Potent in ≥2 publications,non-protein target (unchecked)
24365151,CHEMBL297453,CHEMBL5035545,B,Reversal of Pgp-mediated paclitaxel resistance in human LCC6MDR cells assessed as paclitaxel IC50 at 1 uM after 5 days by Cell Titer-Glo luminescence assay (Rvb = 152.5 +/- 9.7 uM),IC50,=,124.1,nM,6.91,,0,CHEMBL612545,Unchecked,UNCHECKED,,,,CHEMBL5034027,2021,Eur J Med Chem,10.1016/j.ejmech.2021.113795,34597896,Potent in ≥2 publications,non-protein target (unchecked)
24365294,CHEMBL297453,CHEMBL5035562,B,Reversal of Pgp-mediated paclitaxel resistance in human LCC6MDR cells assessed as paclitaxel IC50 at 10 uM after 5 days by Cell Titer-Glo luminescence assay (Rvb = 152.5 +/- 9.7 uM),IC50,=,122.6,nM,6.91,,0,CHEMBL612545,Unchecked,UNCHECKED,,,,CHEMBL5034027,2021,Eur J Med Chem,10.1016/j.ejmech.2021.113795,34597896,Potent in ≥2 publications,non-protein target (unchecked)
3096562,CHEMBL297453,CHEMBL1074132,B,Inhibition of chymotrypsin like activity of proteasome,IC50,=,86.0,nM,7.07,,0,CHEMBL612545,Unchecked,UNCHECKED,,,,CHEMBL1159085,2010,Bioorg Med Chem,10.1016/j.bmc.2009.12.034,20045338,Potent in ≥2 publications,non-protein target (unchecked)
14712410,CHEMBL297453,CHEMBL3295847,B,Binding affinity to rat brain cell membrane,Ki,=,25.0,nM,7.6,,0,CHEMBL612545,Unchecked,UNCHECKED,,,,CHEMBL3286178,2014,Bioorg Med Chem Lett,10.1016/j.bmcl.2014.04.038,24794111,Potent in ≥2 publications,non-protein target (unchecked)
18484127,CHEMBL297453,CHEMBL4185630,A,Displacement of [3H]resveratrol from Sprague-Dawley rat brain plasma membranes after 1 hr by beta counting method,Ki,=,25.0,nM,7.6,,0,CHEMBL612545,Unchecked,UNCHECKED,,,,CHEMBL4184147,2017,J Med Chem,10.1021/acs.jmedchem.6b01026,28654265,Potent in ≥2 publications,non-protein target (unchecked)
849382,CHEMBL297453,CHEMBL681507,F,"Inhibitory activity against lipid peroxidation of egg-phosphatidylcholine (PC) liposome caused by lipid-soluble radical initiator [2,2'-azobis(2,4- dimethylvaleronitrile] (AMVN)",IC50,>,500000.0,nM,,Outside typical range,0,CHEMBL612545,Unchecked,UNCHECKED,,,,CHEMBL1131544,1998,Bioorg Med Chem Lett,10.1016/s0960-894x(98)00311-4,9873437,Weak or non-quantitative,ChEMBL validity: Outside typical range; non-protein target (unchecked); censored value (>)
1973357,CHEMBL297453,CHEMBL898313,B,Inhibition of chymotrypsin like activity of 20S proteasome in leukemia Raji B cells at 25 uM after 4 hrs,Inhibition,=,4.0,%,,,0,CHEMBL612545,Unchecked,UNCHECKED,,,,CHEMBL1149605,2007,Bioorg Med Chem,10.1016/j.bmc.2007.05.041,17544279,Weak or non-quantitative,non-protein target (unchecked)
1973358,CHEMBL297453,CHEMBL898314,B,Inhibition of chymotrypsin like activity of 20S proteasome in leukemia Raji B cells at 25 uM after 24 hrs,Inhibition,=,10.0,%,,,0,CHEMBL612545,Unchecked,UNCHECKED,,,,CHEMBL1149605,2007,Bioorg Med Chem,10.1016/j.bmc.2007.05.041,17544279,Weak or non-quantitative,non-protein target (unchecked)
2054484,CHEMBL297453,CHEMBL924935,B,Inhibition of Escherichia coli DNA gyrase B ATPase activity,Activity,,,,,,0,CHEMBL612545,Unchecked,UNCHECKED,,,,CHEMBL1140606,2007,J Med Chem,10.1021/jm060817o,17228868,Weak or non-quantitative,non-protein target (unchecked)
2054494,CHEMBL297453,CHEMBL924938,B,Displacement of picogreen from Escherichia coli DNA gyrase B,Activity,,,,,,0,CHEMBL612545,Unchecked,UNCHECKED,,,,CHEMBL1140606,2007,J Med Chem,10.1021/jm060817o,17228868,Weak or non-quantitative,non-protein target (unchecked)
2054497,CHEMBL297453,CHEMBL924939,B,Displacement of ethidium bromide from Escherichia coli DNA gyrase B,Activity,,,,,,0,CHEMBL612545,Unchecked,UNCHECKED,,,,CHEMBL1140606,2007,J Med Chem,10.1021/jm060817o,17228868,Weak or non-quantitative,non-protein target (unchecked)
2090878,CHEMBL297453,CHEMBL932067,B,Inhibition of beta amyloid 25-35 fibril formation at 10 uM,Inhibition,=,13.0,%,,,0,CHEMBL612545,Unchecked,UNCHECKED,,,,CHEMBL1143183,2008,Bioorg Med Chem Lett,10.1016/j.bmcl.2007.11.028,18042380,Weak or non-quantitative,non-protein target (unchecked)
2144842,CHEMBL297453,CHEMBL921934,B,Ratio of IC50 for yeast G6PD to IC50 for G6PD-mediated NADPH production in mouse 3T3-L1 cells,Ratio IC50,=,100.0,,,,0,CHEMBL612545,Unchecked,UNCHECKED,,,,CHEMBL1143070,2008,Bioorg Med Chem,10.1016/j.bmc.2008.02.030,18313308,Weak or non-quantitative,non-protein target (unchecked)
2154827,CHEMBL297453,CHEMBL930268,F,Prooxidant activity assessed as enhancement of NADPH oxidation at 50 uM,Activity,,,,,,0,CHEMBL612545,Unchecked,UNCHECKED,,,,CHEMBL1142382,2008,J Med Chem,10.1021/jm701346h,18324763,Weak or non-quantitative,non-protein target (unchecked)
2323471,CHEMBL297453,CHEMBL990313,B,Inhibition of Streptococcus sobrinus glucosyltransferase assessed as blockade of adherent water insoluble glucan synthesis at 100 ug/mL,Inhibition,=,26.5,%,,,0,CHEMBL612545,Unchecked,UNCHECKED,,,,CHEMBL1158303,1996,J Nat Prod,10.1021/np9604994,8864235,Weak or non-quantitative,non-protein target (unchecked)
2323480,CHEMBL297453,CHEMBL990314,B,Inhibition of Streptococcus sobrinus glucosyltransferase assessed as blockade of adherent water insoluble glucan synthesis at 10 ug/mL,Inhibition,=,10.5,%,,,0,CHEMBL612545,Unchecked,UNCHECKED,,,,CHEMBL1158303,1996,J Nat Prod,10.1021/np9604994,8864235,Weak or non-quantitative,non-protein target (unchecked)
2323489,CHEMBL297453,CHEMBL990315,B,Inhibition of Streptococcus sobrinus glucosyltransferase assessed as blockade of adherent water insoluble glucan synthesis at 1 ug/mL,Inhibition,=,3.0,%,,,0,CHEMBL612545,Unchecked,UNCHECKED,,,,CHEMBL1158303,1996,J Nat Prod,10.1021/np9604994,8864235,Weak or non-quantitative,non-protein target (unchecked)
2330882,CHEMBL297453,CHEMBL1028357,B,Inhibition of TPA-induced EBV-early antigen activation in human Raji cells assessed as EA activation at 1000 molar ratio after 48 hrs relative to TPA,Inhibition,=,6.4,%,,,0,CHEMBL612545,Unchecked,UNCHECKED,,,,CHEMBL1146502,2004,J Nat Prod,10.1021/np030367s,15043420,Weak or non-quantitative,non-protein target (unchecked)
2330888,CHEMBL297453,CHEMBL1028358,B,Inhibition of TPA-induced EBV-early antigen activation in human Raji cells assessed as EA activation at 500 molar ratio after 48 hrs relative to TPA,Inhibition,=,34.9,%,,,0,CHEMBL612545,Unchecked,UNCHECKED,,,,CHEMBL1146502,2004,J Nat Prod,10.1021/np030367s,15043420,Weak or non-quantitative,non-protein target (unchecked)
2330894,CHEMBL297453,CHEMBL1028359,B,Inhibition of TPA-induced EBV-early antigen activation in human Raji cells assessed as EA activation at 100 molar ratio after 48 hrs relative to TPA,Inhibition,=,68.1,%,,,0,CHEMBL612545,Unchecked,UNCHECKED,,,,CHEMBL1146502,2004,J Nat Prod,10.1021/np030367s,15043420,Weak or non-quantitative,non-protein target (unchecked)
2330900,CHEMBL297453,CHEMBL1028360,B,Inhibition of TPA-induced EBV-early antigen activation in human Raji cells assessed as EA activation at 10 molar ratio after 48 hrs relative to TPA,Inhibition,=,87.7,%,,,0,CHEMBL612545,Unchecked,UNCHECKED,,,,CHEMBL1146502,2004,J Nat Prod,10.1021/np030367s,15043420,Weak or non-quantitative,non-protein target (unchecked)
2433794,CHEMBL297453,CHEMBL954472,B,Induction of HIF1 activation in human T47D cells expressing pTK-HRE-luc gene under normoxic condition at 100 uM after 16 hrs by luciferase reporter assay relative to control,FC,=,3.6,,,,0,CHEMBL612545,Unchecked,UNCHECKED,,,,CHEMBL1148976,2004,J Nat Prod,10.1021/np040140c,15620252,Weak or non-quantitative,non-protein target (unchecked)
2446694,CHEMBL297453,CHEMBL937814,U,"Selectivity, ratio of CC50 for dog MDCK cells to EC50 for Influenza (A/PR8/34(H1N1)) in MDCK cells",Ratio CC50/EC50,=,2.91,,,,0,CHEMBL612545,Unchecked,UNCHECKED,,,,CHEMBL1157513,2008,Bioorg Med Chem Lett,10.1016/j.bmcl.2008.02.020,18547804,Weak or non-quantitative,non-protein target (unchecked)
2446696,CHEMBL297453,CHEMBL944192,U,"Selectivity, ratio of CC50 for dog MDCK cells to EC50 for Influenza (A/PR8/34(H1N1))",Ratio CC50/EC50,=,703.0,,,,0,CHEMBL612545,Unchecked,UNCHECKED,,,,CHEMBL1157513,2008,Bioorg Med Chem Lett,10.1016/j.bmcl.2008.02.020,18547804,Weak or non-quantitative,non-protein target (unchecked)
3096566,CHEMBL297453,CHEMBL1074133,B,Inhibition of chymotrypsin like activity of rabbit 20S proteasome assessed as cleavage of Suc-LLVY-AMC substrate after 2 hrs by fluorogenic assay,Inhibition,,,%,,,0,CHEMBL612545,Unchecked,UNCHECKED,,,,CHEMBL1159085,2010,Bioorg Med Chem,10.1016/j.bmc.2009.12.034,20045338,Weak or non-quantitative,non-protein target (unchecked)
3096578,CHEMBL297453,CHEMBL1074137,B,Inhibition of chymotrypsin like activity of 20S proteasome in human MDA-MB-231 cells lysates with high catechol-O-methyltransferase activity assessed as cleavage of Suc-LLVY-AMC substrate at 10 uM after 2 hrs by fluorogenic assay,Inhibition,=,22.0,%,,,0,CHEMBL612545,Unchecked,UNCHECKED,,,,CHEMBL1159085,2010,Bioorg Med Chem,10.1016/j.bmc.2009.12.034,20045338,Weak or non-quantitative,non-protein target (unchecked)
3096580,CHEMBL297453,CHEMBL1074138,B,"Inhibition of chymotrypsin like activity of 20S proteasome in COMT inhibitor 3,5-dinitrocatechol pretreated human MDA-MB-231 cells lysates with high catechol-O-methyltransferase activity assessed as cleavage of Suc-LLVY-AMC substrate at 10 uM after 2 hrs by fluorogenic assay",Inhibition,,,%,,,0,CHEMBL612545,Unchecked,UNCHECKED,,,,CHEMBL1159085,2010,Bioorg Med Chem,10.1016/j.bmc.2009.12.034,20045338,Weak or non-quantitative,non-protein target (unchecked)
3134088,CHEMBL297453,CHEMBL1070090,B,Selectivity ratio of IC50 for reduced carboxymethylated kappa-casein fibril formation to IC50 for beta amyloid (1 to 40) fibril formation,Ratio IC50,=,20.0,,,,0,CHEMBL612545,Unchecked,UNCHECKED,,,,CHEMBL1157676,2010,Bioorg Med Chem,10.1016/j.bmc.2009.10.063,19931462,Weak or non-quantitative,non-protein target (unchecked)
3134093,CHEMBL297453,CHEMBL1070088,B,Inhibition of beta amyloid (1 to 42) fibril formation at 50 ug/mL by thioflavin T staining-based binding assay,Inhibition,=,100.0,%,,,0,CHEMBL612545,Unchecked,UNCHECKED,,,,CHEMBL1157676,2010,Bioorg Med Chem,10.1016/j.bmc.2009.10.063,19931462,Weak or non-quantitative,non-protein target (unchecked)
3134133,CHEMBL297453,CHEMBL1070081,B,Inhibition of reduced carboxymethylated kappa-casein fibril formation at 50 ug/mL measured every 5 mins after 1000 mins by thioflavin T staining-based binding assay,Inhibition,=,100.0,%,,,0,CHEMBL612545,Unchecked,UNCHECKED,,,,CHEMBL1157676,2010,Bioorg Med Chem,10.1016/j.bmc.2009.10.063,19931462,Weak or non-quantitative,non-protein target (unchecked)
3134149,CHEMBL297453,CHEMBL1070091,B,Selectivity ratio of IC50 for reduced carboxymethylated kappa-casein fibril formation to IC50 for beta amyloid (1 to 42) fibril formation,Ratio IC50,=,10.0,,,,0,CHEMBL612545,Unchecked,UNCHECKED,,,,CHEMBL1157676,2010,Bioorg Med Chem,10.1016/j.bmc.2009.10.063,19931462,Weak or non-quantitative,non-protein target (unchecked)
3254885,CHEMBL297453,CHEMBL1110734,B,Binding affinity to amyloid beta (1 to 42) fibrils by change in fluorescence at 100 uM after 10 mins,Activity,,,,,,0,CHEMBL612545,Unchecked,UNCHECKED,,,,CHEMBL1156243,2009,Bioorg Med Chem Lett,10.1016/j.bmcl.2009.07.082,19640715,Weak or non-quantitative,non-protein target (unchecked)
3254969,CHEMBL297453,CHEMBL1110735,B,Binding affinity to amyloid beta (1 to 42) oligomers by change in fluorescence at 100 uM after 10 mins,Activity,,,,,,0,CHEMBL612545,Unchecked,UNCHECKED,,,,CHEMBL1156243,2009,Bioorg Med Chem Lett,10.1016/j.bmcl.2009.07.082,19640715,Weak or non-quantitative,non-protein target (unchecked)
4356567,CHEMBL297453,CHEMBL1614169,F,"PUBCHEM_BIOASSAY: Luminescence-based Microorganism Dose Response HTS to Identify Inhibitors of E. Coli Growth. (Class of assay: confirmatory) [Related pubchem assays: 1833 (Project Summary), 1832 (Primary HTS)]",EC50,>,110000.0,nM,,Outside typical range,0,CHEMBL612545,Unchecked,UNCHECKED,,,,CHEMBL1201862,,,,,Weak or non-quantitative,ChEMBL validity: Outside typical range; non-protein target (unchecked); censored value (>)
5093718,CHEMBL297453,CHEMBL1633739,B,Binding affinity to Envelope glycoprotein B in Human herpesvirus 1 F1 assessed as macromolecular complex formation by SDS-PAGE,Activity,,,,,,0,CHEMBL612545,Unchecked,UNCHECKED,,,,CHEMBL1629542,2008,Antimicrob Agents Chemother,10.1128/aac.00825-07,18195068,Weak or non-quantitative,non-protein target (unchecked)
5093719,CHEMBL297453,CHEMBL1633740,B,Binding affinity to Envelope glycoprotein D in Human herpesvirus 1 F1 assessed as macromolecular complex formation by SDS-PAGE,Activity,,,,,,0,CHEMBL612545,Unchecked,UNCHECKED,,,,CHEMBL1629542,2008,Antimicrob Agents Chemother,10.1128/aac.00825-07,18195068,Weak or non-quantitative,non-protein target (unchecked)
5171435,CHEMBL297453,CHEMBL1664295,B,Inhibition of TNFalpha-induced NF-kappaB activation in human Jurkat cells at 10 to 55 uM after 24 hrs by electrophoretic mobility shift assay,Activity,,,,,,0,CHEMBL612545,Unchecked,UNCHECKED,,,,CHEMBL1649352,2010,J Nat Prod,10.1021/np100523s,21080642,Weak or non-quantitative,non-protein target (unchecked)
6206865,CHEMBL297453,CHEMBL1780331,B,Inhibition of RANKL-induced NFAT activation in mouse RAW264.7 cells at 10 uM by firefly luciferase reporter gene assay relative to control,FC,=,21.0,,,,0,CHEMBL612545,Unchecked,UNCHECKED,,,,CHEMBL1777753,2011,J Med Chem,10.1021/jm1016494,21456521,Weak or non-quantitative,non-protein target (unchecked)
6228467,CHEMBL297453,CHEMBL1785375,B,Inhibition of Influenza A/Udorn/72/H3N2 full length GST-tagged NS1A/FAM-double strand RNA-interaction at 50 uM after 1 hr by fluorescence polarization assay,Inhibition,=,89.0,%,,,0,CHEMBL612545,Unchecked,UNCHECKED,,,,CHEMBL1782010,2011,Bioorg Med Chem Lett,10.1016/j.bmcl.2011.03.042,21478016,Weak or non-quantitative,non-protein target (unchecked)
8059263,CHEMBL297453,CHEMBL1961245,B,Inhibition of aldehyde dehydrogenase,Inhibition,,,%,,,0,CHEMBL612545,Unchecked,UNCHECKED,,,,CHEMBL1955735,2012,Bioorg Med Chem,10.1016/j.bmc.2012.02.002,22377672,Weak or non-quantitative,non-protein target (unchecked)
8059283,CHEMBL297453,CHEMBL1961246,B,Activation of aldehyde dehydrogenase,Activity,,,,,,0,CHEMBL612545,Unchecked,UNCHECKED,,,,CHEMBL1955735,2012,Bioorg Med Chem,10.1016/j.bmc.2012.02.002,22377672,Weak or non-quantitative,non-protein target (unchecked)
10874202,CHEMBL297453,CHEMBL2024856,B,Induction of AMPKalpha phosphorylation at T172 residue in human MDA-MB-231 cells at 20 uM after 3 hrs by Western blotting analysis relative to control,FC,=,3.9,,,,0,CHEMBL612545,Unchecked,UNCHECKED,,,,CHEMBL2021795,2012,Bioorg Med Chem,10.1016/j.bmc.2012.03.002,22459208,Weak or non-quantitative,non-protein target (unchecked)
12051905,CHEMBL297453,CHEMBL2156875,U,Reducing activity assessed as chlorogenic acid equivalent per mmol standard at 37 degC for 30 mins by Folin-Ciocalteu reagent assay assay,Activity,=,2.2,mM,,,0,CHEMBL612545,Unchecked,UNCHECKED,,,,CHEMBL2151026,2011,Eur J Med Chem,10.1016/j.ejmech.2011.07.031,21824690,Weak or non-quantitative,non-protein target (unchecked)
12051922,CHEMBL297453,CHEMBL2156876,U,Reducing activity by cyclic voltammetry,Activity,=,0.125,V,,,0,CHEMBL612545,Unchecked,UNCHECKED,,,,CHEMBL2151026,2011,Eur J Med Chem,10.1016/j.ejmech.2011.07.031,21824690,Weak or non-quantitative,non-protein target (unchecked)
12109821,CHEMBL297453,CHEMBL2175288,B,Inhibition of Thermus aquaticus DNA polymerase using 5'-AAT CCG TCG AGC AGA GTT-3' as substrate after 15 mins by telomeric repeat amplification protocol,IC50,>,75000.0,nM,,,0,CHEMBL612545,Unchecked,UNCHECKED,,,,CHEMBL2169802,2012,J Med Chem,10.1021/jm201191d,22413845,Weak or non-quantitative,non-protein target (unchecked); censored value (>)
12109830,CHEMBL297453,CHEMBL2175289,B,Mixed type inhibition of tetrahymena telomerase using dNTP as substrate assessed as ratio of IC50 at saturated substrate concentration to IC50 at Km by telomeric repeat amplification protocol,Ratio IC50,=,3.02,,,,0,CHEMBL612545,Unchecked,UNCHECKED,,,,CHEMBL2169802,2012,J Med Chem,10.1021/jm201191d,22413845,Weak or non-quantitative,non-protein target (unchecked)
12109832,CHEMBL297453,CHEMBL2175292,B,Competitive inhibition of tetrahymena telomerase using 3'-ACT TCG TAG AGC AGA TTG-5' as substrate assessed as ratio of IC50 at saturated substrate concentration to IC50 at Km by telomeric repeat amplification protocol,Ratio IC50,=,8.33,,,,0,CHEMBL612545,Unchecked,UNCHECKED,,,,CHEMBL2169802,2012,J Med Chem,10.1021/jm201191d,22413845,Weak or non-quantitative,non-protein target (unchecked)
12109840,CHEMBL297453,CHEMBL2175299,B,Selectivity ratio of IC50 for telomerase in human HeLa cells to IC50 for tetrahymena telomerase by telomeric repeat amplification protocol,Ratio IC50,=,3.0,,,,0,CHEMBL612545,Unchecked,UNCHECKED,,,,CHEMBL2169802,2012,J Med Chem,10.1021/jm201191d,22413845,Weak or non-quantitative,non-protein target (unchecked)
12109849,CHEMBL297453,CHEMBL2175300,B,Inhibition of tetrahymena telomerase using 3'-ACT TCG TAG AGC AGA TTG-5' as substrate at 1 uM incubated for 10 mins prior to extension reaction by telomeric repeat amplification protocol,Imax,=,85.0,%,,,0,CHEMBL612545,Unchecked,UNCHECKED,,,,CHEMBL2169802,2012,J Med Chem,10.1021/jm201191d,22413845,Weak or non-quantitative,non-protein target (unchecked)
12483098,CHEMBL297453,CHEMBL3053602,B,Binding affinity to Rattus norvegicus Wistar (rat) pancreatic membrane protein by ultrafiltration-HPLC-UV/DAD method,Activity,=,37.4,%,,,0,CHEMBL612545,Unchecked,UNCHECKED,,,,CHEMBL3046608,2012,Med Chem Res,10.1007/s00044-011-9890-z,,Weak or non-quantitative,non-protein target (unchecked)
13328414,CHEMBL297453,CHEMBL2390675,B,Selectivity ratio of IC50 for full length human tau40 aggregation to IC50 for tau K19 aggregation (unknown origin),Ratio IC50,>,50.0,,,,0,CHEMBL612545,Unchecked,UNCHECKED,,,,CHEMBL2385058,2013,J Med Chem,10.1021/jm3017317,23484434,Weak or non-quantitative,non-protein target (unchecked); censored value (>)
13328415,CHEMBL297453,CHEMBL2390676,B,Inhibition of full length human tau40 aggregation,IC50,>,200000.0,nM,,Outside typical range,0,CHEMBL612545,Unchecked,UNCHECKED,,,,CHEMBL2385058,2013,J Med Chem,10.1021/jm3017317,23484434,Weak or non-quantitative,ChEMBL validity: Outside typical range; non-protein target (unchecked); censored value (>)
13341240,CHEMBL297453,CHEMBL2394035,B,Inhibition of Clostridium histolyticum collagenase using N-[3-(2-Furyl)acryloyl]-Leu-Gly-Pro-Ala as substrate at 100 ug/ml after 15 mins by spectrophotometric analysis relative to control,Inhibition,=,41.16,%,,,0,CHEMBL612545,Unchecked,UNCHECKED,,,,CHEMBL2390932,2013,Bioorg Med Chem,10.1016/j.bmc.2013.01.045,23434134,Weak or non-quantitative,non-protein target (unchecked)
13470576,CHEMBL297453,CHEMBL2432980,U,"Selectivity index, ratio of IC50 for Swiss mouse peritoneal macrophages to IC50 for intracellular amastigotes of Leishmania amazonensis MHOM/BR/75/LTB0016",Ratio IC50,=,129.4,,,,0,CHEMBL612545,Unchecked,UNCHECKED,,,,CHEMBL2429850,2013,J Nat Prod,10.1021/np400624d,24106750,Weak or non-quantitative,non-protein target (unchecked)
13905014,CHEMBL297453,CHEMBL3118783,B,Inhibition of Trichomonas vaginalis uridine nucleoside ribohydrolase using 5-fluorouridine as substrate at 0.04 to 200 uM after 40 mins by NMR spectrometric analysis,Inhibition,,,%,,,0,CHEMBL612545,Unchecked,UNCHECKED,,,,CHEMBL3112434,2014,Bioorg Med Chem Lett,10.1016/j.bmcl.2014.01.014,24468412,Weak or non-quantitative,non-protein target (unchecked)
15004614,CHEMBL297453,CHEMBL3362578,B,Inhibition of Plasmodium falciparum FabZ,IC50,=,0.03,ug.mL-1,,,0,CHEMBL612545,Unchecked,UNCHECKED,,,,CHEMBL3351951,2014,Bioorg Med Chem Lett,10.1016/j.bmcl.2014.07.050,25103602,Weak or non-quantitative,non-protein target (unchecked)
15004619,CHEMBL297453,CHEMBL3362579,B,Inhibition of Plasmodium falciparum FabG,IC50,=,0.2,ug.mL-1,,,0,CHEMBL612545,Unchecked,UNCHECKED,,,,CHEMBL3351951,2014,Bioorg Med Chem Lett,10.1016/j.bmcl.2014.07.050,25103602,Weak or non-quantitative,non-protein target (unchecked)
15721258,CHEMBL297453,CHEMBL3619948,B,Inhibition of PPARgamma/C/EBPalpha/SREBP1c in mouse 3T3L1 preadipocytes assessed as inhibition of adipocyte differentiation by measuring remaining lipid content at 100 uM measured on day 8 by Oil Red O staining-based spectrophotometric analysis relative to control,Activity,=,54.5,%,,,0,CHEMBL612545,Unchecked,UNCHECKED,,,,CHEMBL3616455,2015,Bioorg Med Chem Lett,10.1016/j.bmcl.2015.08.032,26341132,Weak or non-quantitative,non-protein target (unchecked)
16396396,CHEMBL297453,CHEMBL3742735,F,Induction of osteogenic differentiation in human MSC assessed as increase in ALP activity at 1 uM using p-NPP as substrate after 9 days by colorimetric method relative to control,Activity,,,,,,0,CHEMBL612545,Unchecked,UNCHECKED,,,,CHEMBL3739259,2015,J Nat Prod,10.1021/acs.jnatprod.5b00075,26517554,Weak or non-quantitative,non-protein target (unchecked)
16396419,CHEMBL297453,CHEMBL3742736,F,Induction of osteogenic differentiation in human MSC assessed as increase in ALP activity at 5 uM using p-NPP as substrate after 9 days by colorimetric method relative to control,Activity,,,,,,0,CHEMBL612545,Unchecked,UNCHECKED,,,,CHEMBL3739259,2015,J Nat Prod,10.1021/acs.jnatprod.5b00075,26517554,Weak or non-quantitative,non-protein target (unchecked)
16397920,CHEMBL297453,CHEMBL3742749,F,Decrease in ALP activity in human MSC using p-NPP as substrate at 5 uM after 9 days by colorimetric method relative to control,Activity,=,84.0,%,,,0,CHEMBL612545,Unchecked,UNCHECKED,,,,CHEMBL3739259,2015,J Nat Prod,10.1021/acs.jnatprod.5b00075,26517554,Weak or non-quantitative,non-protein target (unchecked)
16397924,CHEMBL297453,CHEMBL3742750,F,Decrease in ALP activity in human MSC using p-NPP as substrate at 10 uM after 9 days by colorimetric method relative to control,FC,=,0.75,,,,0,CHEMBL612545,Unchecked,UNCHECKED,,,,CHEMBL3739259,2015,J Nat Prod,10.1021/acs.jnatprod.5b00075,26517554,Weak or non-quantitative,non-protein target (unchecked)
18037081,CHEMBL297453,CHEMBL4008890,B,Inhibition of CaCl2 activated hyaluronidase (unknown origin) up to 3000 uM using hyaluronic acid as substrate preincubated for 20 mins followed by substrate addition measured after 10 mins in presence of up to 21% DMSO by colorimetric method,Inhibition,,,%,,,0,CHEMBL612545,Unchecked,UNCHECKED,,,,CHEMBL4007419,2017,Bioorg Med Chem Lett,10.1016/j.bmcl.2017.01.083,28202328,Weak or non-quantitative,non-protein target (unchecked)
18094362,CHEMBL297453,CHEMBL4020879,B,Inhibition of SPI-1 T3SS in Salmonella typhimurium assessed as reduction in SPI-1 T3SS substrates by measuring SipA protein level at 5 to 100 uM after 4 hrs by Coomassie staining based SDS-PAGE method,Inhibition,,,%,,,0,CHEMBL612545,Unchecked,UNCHECKED,,,,CHEMBL4020703,2017,Bioorg Med Chem,10.1016/j.bmc.2017.03.023,28325635,Weak or non-quantitative,non-protein target (unchecked)
18094366,CHEMBL297453,CHEMBL4020878,B,Inhibition of SPI-1 T3SS in Salmonella typhimurium assessed as reduction in SPI-1 T3SS substrates by measuring SipB protein level at 5 to 100 uM after 4 hrs by Coomassie staining based SDS-PAGE method,Inhibition,,,%,,,0,CHEMBL612545,Unchecked,UNCHECKED,,,,CHEMBL4020703,2017,Bioorg Med Chem,10.1016/j.bmc.2017.03.023,28325635,Weak or non-quantitative,non-protein target (unchecked)
18094370,CHEMBL297453,CHEMBL4020877,B,Inhibition of SPI-1 T3SS in Salmonella typhimurium assessed as reduction in SPI-1 T3SS substrates by measuring SopB protein level at 5 to 100 uM after 4 hrs by Coomassie staining based SDS-PAGE method,Inhibition,,,%,,,0,CHEMBL612545,Unchecked,UNCHECKED,,,,CHEMBL4020703,2017,Bioorg Med Chem,10.1016/j.bmc.2017.03.023,28325635,Weak or non-quantitative,non-protein target (unchecked)
18094374,CHEMBL297453,CHEMBL4020876,B,Inhibition of SPI-1 T3SS in Salmonella typhimurium assessed as reduction in SPI-1 T3SS substrates by measuring SipC protein level at 5 to 100 uM after 4 hrs by Coomassie staining based SDS-PAGE method,Inhibition,,,%,,,0,CHEMBL612545,Unchecked,UNCHECKED,,,,CHEMBL4020703,2017,Bioorg Med Chem,10.1016/j.bmc.2017.03.023,28325635,Weak or non-quantitative,non-protein target (unchecked)
18094378,CHEMBL297453,CHEMBL4020875,B,Inhibition of SPI-1 T3SS in Salmonella typhimurium assessed as reduction in SPI-1 T3SS substrates by measuring FliC protein level at 5 to 100 uM after 4 hrs by Coomassie staining based SDS-PAGE method,Inhibition,,,%,,,0,CHEMBL612545,Unchecked,UNCHECKED,,,,CHEMBL4020703,2017,Bioorg Med Chem,10.1016/j.bmc.2017.03.023,28325635,Weak or non-quantitative,non-protein target (unchecked)
18094382,CHEMBL297453,CHEMBL4020872,B,Inhibition of SPI-1 T3SS in Salmonella typhimurium assessed as reduction in SPI-1 T3SS substrates by measuring FliD protein level at 5 to 100 uM after 4 hrs by Coomassie staining based SDS-PAGE method,Inhibition,,,%,,,0,CHEMBL612545,Unchecked,UNCHECKED,,,,CHEMBL4020703,2017,Bioorg Med Chem,10.1016/j.bmc.2017.03.023,28325635,Weak or non-quantitative,non-protein target (unchecked)
18094389,CHEMBL297453,CHEMBL4020867,B,Inhibition of SPI-1 T3SS in Salmonella typhimurium infected in human HeLa cells assessed as reduction in bacterial invasion at 100 uM after 30 mins by flow cytometry,Inhibition,,,%,,,0,CHEMBL612545,Unchecked,UNCHECKED,,,,CHEMBL4020703,2017,Bioorg Med Chem,10.1016/j.bmc.2017.03.023,28325635,Weak or non-quantitative,non-protein target (unchecked)
18094390,CHEMBL297453,CHEMBL4020866,B,Inhibition of SPI-1 T3SS in Salmonella typhimurium infected in human HeLa cells assessed as reduction in bacterial invasion at 100 uM after 30 mins by immunofluorescence analysis,Inhibition,,,%,,,0,CHEMBL612545,Unchecked,UNCHECKED,,,,CHEMBL4020703,2017,Bioorg Med Chem,10.1016/j.bmc.2017.03.023,28325635,Weak or non-quantitative,non-protein target (unchecked)
18484043,CHEMBL297453,CHEMBL4185579,F,Cytotoxicity against human MML1 cells assessed as cell viability at 6 uM after 48 hrs by MTT assay,Activity,=,102.0,%,,,0,CHEMBL612545,Unchecked,UNCHECKED,,,,CHEMBL4184147,2017,J Med Chem,10.1021/acs.jmedchem.6b01026,28654265,Weak or non-quantitative,non-protein target (unchecked)
18577197,CHEMBL297453,CHEMBL4222113,B,Inhibition of enolase (unknown origin) at 0.625 uM using 2-PG relative to control,Inhibition,=,63.0,%,,,0,CHEMBL612545,Unchecked,UNCHECKED,,,,CHEMBL4219134,2018,Bioorg Med Chem,10.1016/j.bmc.2018.02.044,29530347,Weak or non-quantitative,non-protein target (unchecked)
18577199,CHEMBL297453,CHEMBL4222115,B,Inhibition of pyruvate kinase (unknown origin) at 0.625 uM using 2-PG relative to control,Inhibition,=,63.0,%,,,0,CHEMBL612545,Unchecked,UNCHECKED,,,,CHEMBL4219134,2018,Bioorg Med Chem,10.1016/j.bmc.2018.02.044,29530347,Weak or non-quantitative,non-protein target (unchecked)
18852432,CHEMBL297453,CHEMBL4306805,B,Inhibition of Bacillus cereus 569/H9 beta-lactamase incubated for 10 mins followed by nitrocefin substrate challenge and measured for 5 mins by spectrophotometric analysis,Inhibition,,,%,,,0,CHEMBL612545,Unchecked,UNCHECKED,,,,CHEMBL4304766,2019,ACS Med Chem Lett,10.1021/acsmedchemlett.9b00093,31223449,Weak or non-quantitative,non-protein target (unchecked)
19051524,CHEMBL297453,CHEMBL4354918,B,Inhibition of Streptococcus mutans F-ATPase activity relative to control,Inhibition,=,50.0,%,,,0,CHEMBL612545,Unchecked,UNCHECKED,,,,CHEMBL4354780,2019,Medchemcomm,10.1039/C9MD00015A,31391878,Weak or non-quantitative,non-protein target (unchecked)
19209495,CHEMBL297453,CHEMBL4392932,B,"Selectivity index, ratio of IC50 for inhibition of native soluble pig heart MDH to IC50 for inhibition of Escherichia coli GroEL expressed in Escherichia coli DH5alpha/Escherichia coli GroES expressed in Escherichia coli BL21 (DE3) assessed as reduction in GroEL/GroES-mediated denatured rhodanese refolding by measuring rhodanese enzyme activity after 45 mins by Fe(SCN)3 dye based spectrometric analysis",Ratio IC50,>,10.0,,,,0,CHEMBL612545,Unchecked,UNCHECKED,,,,CHEMBL4392822,2019,Bioorg Med Chem Lett,10.1016/j.bmcl.2019.02.028,30852084,Weak or non-quantitative,non-protein target (unchecked); censored value (>)
19209525,CHEMBL297453,CHEMBL4392930,B,"Selectivity index, ratio of IC50 for inhibition of native soluble pig heart MDH to IC50 for inhibition of Escherichia coli GroEL expressed in Escherichia coliDH5alpha/Escherichia coli GroES expressed in Escherichia coli BL21 (DE3) assessed as reduction in GroEL/GroES-mediated denatured soluble pig heart MDH refolding by measuring MDH enzyme activity using sodium mesoxalate as substrate after 20 to 40 mins by malachite green dye based spectrometric analysis",Ratio IC50,>,10.0,,,,0,CHEMBL612545,Unchecked,UNCHECKED,,,,CHEMBL4392822,2019,Bioorg Med Chem Lett,10.1016/j.bmcl.2019.02.028,30852084,Weak or non-quantitative,non-protein target (unchecked); censored value (>)
19209555,CHEMBL297453,CHEMBL4392936,B,"Selectivity index, ratio of IC50 for inhibition of native rhodanese (unknown origin) to IC50 for inhibition of Escherichia coli GroEL expressed in Escherichia coli DH5alpha/Escherichia coli GroES expressed in Escherichia coli BL21 (DE3) assessed as reduction in GroEL/GroES-mediated denatured rhodanese refolding by measuring rhodanese enzyme activity after 45 mins by Fe(SCN)3 dye based spectrometric analysis",Ratio IC50,>,10.0,,,,0,CHEMBL612545,Unchecked,UNCHECKED,,,,CHEMBL4392822,2019,Bioorg Med Chem Lett,10.1016/j.bmcl.2019.02.028,30852084,Weak or non-quantitative,non-protein target (unchecked); censored value (>)
19209585,CHEMBL297453,CHEMBL4392937,B,"Selectivity index, ratio of IC50 for inhibition of native rhodanese (unknown origin) to IC50 for inhibition of Escherichia coli GroEL expressed in Escherichia coliDH5alpha/Escherichia coli GroES expressed in Escherichia coli BL21 (DE3) assessed as reduction in GroEL/GroES-mediated denatured soluble pig heart MDH refolding by measuring MDH enzyme activity using sodium mesoxalate as substrate after 20 to 40 mins by malachite green dye based spectrometric analysis",Ratio IC50,>,10.0,,,,0,CHEMBL612545,Unchecked,UNCHECKED,,,,CHEMBL4392822,2019,Bioorg Med Chem Lett,10.1016/j.bmcl.2019.02.028,30852084,Weak or non-quantitative,non-protein target (unchecked); censored value (>)
19272167,CHEMBL297453,CHEMBL4407048,B,Inhibition of HAT (unknown origin) relative to control,Inhibition,=,50.0,%,,,0,CHEMBL612545,Unchecked,UNCHECKED,,,,CHEMBL4406797,2019,Eur J Med Chem,10.1016/j.ejmech.2019.05.078,31195169,Weak or non-quantitative,non-protein target (unchecked)
19278310,CHEMBL297453,CHEMBL4408441,U,"Selectivity index, ratio of IC50 for human SAE cells lacking FASN expression to IC50 for human NCI-H1703 cells expressing FASN",Ratio IC50,=,6.4,,,,0,CHEMBL612545,Unchecked,UNCHECKED,,,,CHEMBL4406830,2019,Eur J Med Chem,10.1016/j.ejmech.2019.111597,31422225,Weak or non-quantitative,non-protein target (unchecked)
19278322,CHEMBL297453,CHEMBL4408443,U,"Selectivity index, ratio of IC50 for human SAE cells lacking FASN expression to IC50 for human NCI-H1299 cells expressing FASN expression",Ratio IC50,=,5.3,,,,0,CHEMBL612545,Unchecked,UNCHECKED,,,,CHEMBL4406830,2019,Eur J Med Chem,10.1016/j.ejmech.2019.111597,31422225,Weak or non-quantitative,non-protein target (unchecked)
19278334,CHEMBL297453,CHEMBL4408445,U,"Selectivity index, ratio of IC50 for human SAE cells lacking FASN expression to IC50 for human NCI-H1650 cells expressing FASN",Ratio IC50,=,4.4,,,,0,CHEMBL612545,Unchecked,UNCHECKED,,,,CHEMBL4406830,2019,Eur J Med Chem,10.1016/j.ejmech.2019.111597,31422225,Weak or non-quantitative,non-protein target (unchecked)
19278352,CHEMBL297453,CHEMBL4408447,A,Cytotoxicity against human SAE cells lacking FASN expression assessed as reduction in cell viability after 72 hrs by MTS assay,IC50,=,110000.0,nM,,Outside typical range,0,CHEMBL612545,Unchecked,UNCHECKED,,,,CHEMBL4406830,2019,Eur J Med Chem,10.1016/j.ejmech.2019.111597,31422225,Weak or non-quantitative,ChEMBL validity: Outside typical range; non-protein target (unchecked)
19278436,CHEMBL297453,CHEMBL4408494,U,"Selectivity index, ratio of IC50 for human SAE cells lacking FASN expression to IC50 for human PC9 cells harboring FASN expression and EGFR delE746-A750 mutant",Ratio IC50,=,1.4,,,,0,CHEMBL612545,Unchecked,UNCHECKED,,,,CHEMBL4406830,2019,Eur J Med Chem,10.1016/j.ejmech.2019.111597,31422225,Weak or non-quantitative,non-protein target (unchecked)
19278448,CHEMBL297453,CHEMBL4408496,U,"Selectivity index, ratio of IC50 for human SAE cells lacking FASN expression to IC50 for human A549 cells expressing FASN",Ratio IC50,=,0.6,,,,0,CHEMBL612545,Unchecked,UNCHECKED,,,,CHEMBL4406830,2019,Eur J Med Chem,10.1016/j.ejmech.2019.111597,31422225,Weak or non-quantitative,non-protein target (unchecked)
19308151,CHEMBL297453,CHEMBL4415654,B,Inhibition of ATP synthase isolates from rat brain cells using succinate as substrate preincubated for 5 mins followed by substrate addition,IC50,=,17000000.0,nM,,Outside typical range,0,CHEMBL612545,Unchecked,UNCHECKED,,,,CHEMBL4414576,2019,Eur J Med Chem,10.1016/j.ejmech.2019.111644,31493745,Weak or non-quantitative,ChEMBL validity: Outside typical range; non-protein target (unchecked)
19308500,CHEMBL297453,CHEMBL4415775,T,"Selectivity index, ratio of CC50 for mouse peritoneal macrophages to EC50 for Leishmania infantum MHOM/MA/67/ITMAP263 promastigotes infected in BALB/c mouse peritoneal macrophages",Ratio CC50/EC50,=,167.8,,,,0,CHEMBL612545,Unchecked,UNCHECKED,,,,CHEMBL4414580,2019,J Nat Prod,10.1021/acs.jnatprod.9b00632,31503486,Weak or non-quantitative,non-protein target (unchecked)
19491467,CHEMBL297453,CHEMBL4482630,B,Binding affinity to RPA (unknown origin) at 40 uM by water-logsy NMR method,Activity,,,,,,0,CHEMBL612545,Unchecked,UNCHECKED,,,,CHEMBL4482312,2018,,,,Weak or non-quantitative,non-protein target (unchecked)
19491468,CHEMBL297453,CHEMBL4482631,B,Binding affinity to RPA (unknown origin) assessed as effect on RPA-ssDNA interaction at 40 uM by water-logsy NMR method,Activity,,,,,,0,CHEMBL612545,Unchecked,UNCHECKED,,,,CHEMBL4482312,2018,,,,Weak or non-quantitative,non-protein target (unchecked)
19491472,CHEMBL297453,CHEMBL4482634,B,Inhibition of RAD52 (unknown origin) interaction with RPA (unknown origin),Inhibition,,,%,,,0,CHEMBL612545,Unchecked,UNCHECKED,,,,CHEMBL4482312,2018,,,,Weak or non-quantitative,non-protein target (unchecked)
19491480,CHEMBL297453,CHEMBL4482639,F,Induction of anaphase bridge accumulation in checkpoint deficient HU-treated in hTERT-immortalized wild-type human GM01604 cells assessed as decrease in MUS81/EME1/RAD52-dependent DSB formation by measuring mean tail moment in presence of UNC01 by neutral comet assay,Activity,,,,,,0,CHEMBL612545,Unchecked,UNCHECKED,,,,CHEMBL4482312,2018,,,,Weak or non-quantitative,non-protein target (unchecked)
22399400,CHEMBL297453,CHEMBL4669253,B,Modulation of NF-kappaB in Sprague-Dawley rat BMM assessed as inhibition of M-CSF/RANKL-induced osteoclast differentiation by measuring decrease in TRAP-positive multinucleated cells at 100 uM measured after 5 days by TRAP-staining based assay relative to control,Inhibition,=,92.0,%,,,0,CHEMBL612545,Unchecked,UNCHECKED,,,,CHEMBL4665718,2020,Bioorg Med Chem Lett,10.1016/j.bmcl.2020.127429,32731089,Weak or non-quantitative,non-protein target (unchecked)
22466055,CHEMBL297453,CHEMBL4684120,T,"Selectivity index, ratio of CC50 for dog MDCK cells to EC50 for Influenza A virus (A/WSN/1933(H1N1)) infected in dog MDCK cells",Ratio CC50/EC50,>,6.9,,,,0,CHEMBL612545,Unchecked,UNCHECKED,,,,CHEMBL4680167,2020,Eur J Med Chem,10.1016/j.ejmech.2020.112048,31954881,Weak or non-quantitative,non-protein target (unchecked); censored value (>)
22793310,CHEMBL297453,CHEMBL4710191,B,Inhibition of endonuclease activity of Influenza A virus (A/California/07/2009(H1N1)) N-terminal GST-tagged polymerase acidic subunit N-terminal domain expressed in Escherichia coli BL21 (DE3) RIL cells using single-stranded circular DNA M13mp18 as substrate measured after 4 hrs by GelRed-staining based agarose gel electrophoresis,Inhibition,,,%,,,0,CHEMBL612545,Unchecked,UNCHECKED,,,,CHEMBL4706556,2020,Eur J Med Chem,10.1016/j.ejmech.2020.112754,32883638,Weak or non-quantitative,non-protein target (unchecked)
22793317,CHEMBL297453,CHEMBL4710192,B,Inhibition of Influenza A virus (A/California/07/2009(H1N1)) neuraminidase at 400 uM by DNA-linked inhibitor antibody assay,Inhibition,,,%,,,0,CHEMBL612545,Unchecked,UNCHECKED,,,,CHEMBL4706556,2020,Eur J Med Chem,10.1016/j.ejmech.2020.112754,32883638,Weak or non-quantitative,non-protein target (unchecked)
22892378,CHEMBL297453,CHEMBL4729752,B,Inhibition of N-terminal His6-tagged human tau K18deltaK280 mutant assessed as inhibition of protein aggregation,IC50,>,200000.0,nM,,Outside typical range,0,CHEMBL612545,Unchecked,UNCHECKED,,,,CHEMBL4725383,2020,Bioorg Med Chem,10.1016/j.bmc.2020.115667,32828429,Weak or non-quantitative,ChEMBL validity: Outside typical range; non-protein target (unchecked); censored value (>)
23298503,CHEMBL297453,CHEMBL4841526,A,Cytotoxicity against human LX2 cells assessed as cell death incubated for 24 hrs by MTT assay,CC50,>,100000.0,nM,,,0,CHEMBL612545,Unchecked,UNCHECKED,,,,CHEMBL4840344,2021,Bioorg Med Chem,10.1016/j.bmc.2021.116438,34610571,Weak or non-quantitative,non-protein target (unchecked); censored value (>)
24365197,CHEMBL297453,CHEMBL5035546,B,Reversal of Pgp-mediated paclitaxel resistance in human LCC6MDR cells assessed as relative fold by measuring paclitaxel IC50 at 1 uM after 5 days by Cell Titer-Glo luminescence assay relative to control,FC,=,1.2,,,,0,CHEMBL612545,Unchecked,UNCHECKED,,,,CHEMBL5034027,2021,Eur J Med Chem,10.1016/j.ejmech.2021.113795,34597896,Weak or non-quantitative,non-protein target (unchecked)
24365257,CHEMBL297453,CHEMBL5035548,B,Reversal of P-glycoprotein mediated drug resistance in human LCC6MDR cells assessed as reversal of paclitaxel resistance measured after 5 days by Cell Titer-Glo luminescence assay,EC50,>,1000.0,nM,,,0,CHEMBL612545,Unchecked,UNCHECKED,,,,CHEMBL5034027,2021,Eur J Med Chem,10.1016/j.ejmech.2021.113795,34597896,Weak or non-quantitative,non-protein target (unchecked); censored value (>)
24365295,CHEMBL297453,CHEMBL5035563,B,Reversal of Pgp-mediated paclitaxel resistance in human LCC6MDR cells assessed as relative fold by measuring paclitaxel IC50 at 10 uM after 5 days by Cell Titer-Glo luminescence assay relative to control,FC,=,1.2,,,,0,CHEMBL612545,Unchecked,UNCHECKED,,,,CHEMBL5034027,2021,Eur J Med Chem,10.1016/j.ejmech.2021.113795,34597896,Weak or non-quantitative,non-protein target (unchecked)
24737820,CHEMBL297453,CHEMBL5117382,B,Inhibition of Hen egg white lysozyme fibril formation by Thioflavin T spectroscopic assay relative to control,Inhibition,=,24.4,%,,,0,CHEMBL612545,Unchecked,UNCHECKED,,,,CHEMBL5113470,2022,Eur J Med Chem,10.1016/j.ejmech.2022.114566,35785723,Weak or non-quantitative,non-protein target (unchecked)
25064880,CHEMBL297453,CHEMBL5251375,B,Selectivity ratio of IC50 for recombinant human CLK1 expressed in Sf9 insect cells to IC50 for recombinant human DYRK1A expressed in Sf9 insect cells,Ratio IC50,=,0.15,,,,0,CHEMBL612545,Unchecked,UNCHECKED,,,,CHEMBL5247649,2023,J Med Chem,10.1021/acs.jmedchem.2c02068,36876904,Weak or non-quantitative,non-protein target (unchecked)
25064926,CHEMBL297453,CHEMBL5251376,B,Selectivity ratio of IC50 for recombinant human DYRK1B expressed in Sf9 insect cells to IC50 for recombinant human DYRK1A expressed in Sf9 insect cells,Ratio IC50,=,1.45,,,,0,CHEMBL612545,Unchecked,UNCHECKED,,,,CHEMBL5247649,2023,J Med Chem,10.1021/acs.jmedchem.2c02068,36876904,Weak or non-quantitative,non-protein target (unchecked)
25064974,CHEMBL297453,CHEMBL5251377,B,Selectivity ratio of IC50 for recombinant human GSK-3beta expressed in Sf9 insect cells to IC50 for recombinant human DYRK1A expressed in Sf9 insect cells,Ratio IC50,=,12.78,,,,0,CHEMBL612545,Unchecked,UNCHECKED,,,,CHEMBL5247649,2023,J Med Chem,10.1021/acs.jmedchem.2c02068,36876904,Weak or non-quantitative,non-protein target (unchecked)
25065122,CHEMBL297453,CHEMBL5251381,B,Selectivity ratio of IC50 for recombinant human CLK1 expressed in Sf9 insect cells to IC50 for recombinant human DYRK1A expressed in Escherichia coli,Ratio IC50,>,13.0,,,,0,CHEMBL612545,Unchecked,UNCHECKED,,,,CHEMBL5247649,2023,J Med Chem,10.1021/acs.jmedchem.2c02068,36876904,Weak or non-quantitative,non-protein target (unchecked); censored value (>)
25065157,CHEMBL297453,CHEMBL5251382,B,Selectivity ratio of IC50 for recombinant human DYRK1B expressed in Sf9 insect cells to IC50 for recombinant human DYRK1A expressed in Escherichia coli,Ratio IC50,>,13.0,,,,0,CHEMBL612545,Unchecked,UNCHECKED,,,,CHEMBL5247649,2023,J Med Chem,10.1021/acs.jmedchem.2c02068,36876904,Weak or non-quantitative,non-protein target (unchecked); censored value (>)
25094615,CHEMBL297453,CHEMBL5259664,F,Anti-hepatic fibrosis activity in human LX2 cells assessed as inhibition of COL1A1 promoter activity at 25 micromol/L by luciferase reporter assay relative to control,Inhibition,=,25.3,%,,,0,CHEMBL612545,Unchecked,UNCHECKED,,,,CHEMBL5257100,2023,Bioorg Med Chem Lett,10.1016/j.bmcl.2023.129290,37080476,Weak or non-quantitative,non-protein target (unchecked)
25517703,CHEMBL297453,CHEMBL5336630,B,Inhibition of PI3K/AKT/NF-kappaB (unknown origin) at 30 uM relative to control,Inhibition,=,25.0,%,,,0,CHEMBL612545,Unchecked,UNCHECKED,,,,CHEMBL5335789,2023,Eur J Med Chem,10.1016/j.ejmech.2023.115820,37776575,Weak or non-quantitative,non-protein target (unchecked)
25887018,CHEMBL297453,CHEMBL5517415,B,Inhibition of porcine heart MDH using oxaloacetic acid as substrate assessed as enzyme recovery by measuring residual activity at approximately IC90 preincubated for 5 mins in presence of triton X-0.01% followed by substrate and NADPH addition and measured for 80 sec by absorbance based analysis relative to control,Activity,=,63.3,%,,,0,CHEMBL612545,Unchecked,UNCHECKED,,,,CHEMBL5512692,2024,J Med Chem,10.1021/acs.jmedchem.4c00597,38864383,Weak or non-quantitative,non-protein target (unchecked)
25887038,CHEMBL297453,CHEMBL5517417,B,Inhibition of porcine heart MDH using oxaloacetic acid as substrate assessed as enzyme recovery by measuring residual activity at approximately IC90 preincubated for 5 mins in presence of 10 mg/ml BSA followed by enzyme addition and measured after 5 mins by absorbance based analysis relative to control,Activity,=,53.0,%,,,0,CHEMBL612545,Unchecked,UNCHECKED,,,,CHEMBL5512692,2024,J Med Chem,10.1021/acs.jmedchem.4c00597,38864383,Weak or non-quantitative,non-protein target (unchecked)
29254712,CHEMBL297453,CHEMBL6137622,B,Inhibition of recombinant Morganella morganii JCM1672 TPL extracted from Escherichia coli BL21(DE3) assessed as decrease in phenol production incubated for 3 mins in presence of PLP/L-Tyr by LC-MS analysis,Inhibition,,,%,,,0,CHEMBL612545,Unchecked,UNCHECKED,,,,CHEMBL6134841,2025,J Med Chem,10.1021/acs.jmedchem.5c00418,40173106,Weak or non-quantitative,non-protein target (unchecked)
29254730,CHEMBL297453,CHEMBL6137623,B,Inhibition of recombinant Citrobacter koseri JCM1658 TPL extracted from Escherichia coli BL21(DE3) assessed as decrease in phenol production incubated for 3 mins in presence of PLP/L-Tyr by LC-MS analysis,Inhibition,,,%,,,0,CHEMBL612545,Unchecked,UNCHECKED,,,,CHEMBL6134841,2025,J Med Chem,10.1021/acs.jmedchem.5c00418,40173106,Weak or non-quantitative,non-protein target (unchecked)
29316318,CHEMBL297453,CHEMBL6185437,B,Inhibition of recombinant N-terminal His-tagged Escherichia coli BL21 NagZ extracted from Escherichia coli BL21 using pNP-GlcNAc as substrate at 100 uM by absorbance based assay relative to control,Inhibition,=,51.4,%,,,0,CHEMBL612545,Unchecked,UNCHECKED,,,,CHEMBL6182902,2025,Eur J Med Chem,10.1016/j.ejmech.2025.117622,40249971,Weak or non-quantitative,non-protein target (unchecked)
5093713,CHEMBL297453,CHEMBL1633734,A,Cytotoxicity against African green monkey Vero cells assessed as viability at 100 uM after 24 hrs,Inhibition,=,80.0,%,,,0,CHEMBL391,Vero,CELL-LINE,Chlorocebus sabaeus,60711,,CHEMBL1629542,2008,Antimicrob Agents Chemother,10.1128/aac.00825-07,18195068,Weak or non-quantitative,non-protein target (cell-line)
4306934,CHEMBL297453,CHEMBL1614122,B,"PUBCHEM_BIOASSAY: Fluorescent Polarization Homogeneous Dose Response HTS to Identify Inhibitors of Mex-5 Binding to TCR-2. (Class of assay: confirmatory) [Related pubchem assays: 1833 (Project Summary), 1832 (Primary HTS)]",EC50,=,727.0,nM,6.14,,0,CHEMBL1293319,Zinc finger protein mex-5,SINGLE PROTEIN,Caenorhabditis elegans,6239,Q9XUB2,CHEMBL1201862,,,,,Potent in 1 publication,
